semester,college,dept,dept_raw,degree,program_raw,gender,identity,reason,reason_group,new_leave,on_leave_end
111-1,人文社會科學學院,中國語文學系,中國語文學系,博士,博士班,男,一般生(非原住民族),傷病,自請休學,0,1
111-1,人文社會科學學院,中國語文學系,中國語文學系,博士,博士班,男,一般生(非原住民族),工作,自請休學,0,4
111-1,人文社會科學學院,中國語文學系,中國語文學系,博士,博士班,男,一般生(非原住民族),論文撰寫,自請休學,0,2
111-1,人文社會科學學院,中國語文學系,中國語文學系,博士,博士班,男,一般生(非原住民族),家務或家人照顧,自請休學,1,3
111-1,人文社會科學學院,中國語文學系,中國語文學系,博士,博士班,女,一般生(非原住民族),傷病,自請休學,0,1
111-1,人文社會科學學院,中國語文學系,中國語文學系,博士,博士班,女,一般生(非原住民族),工作,自請休學,1,3
111-1,人文社會科學學院,中國語文學系,中國語文學系,博士,博士班,女,一般生(非原住民族),育嬰,自請休學,0,1
111-1,人文社會科學學院,中國語文學系,中國語文學系,博士,博士班,女,一般生(非原住民族),論文撰寫,自請休學,0,1
111-1,人文社會科學學院,中國語文學系,中國語文學系,博士,博士班,女,一般生(非原住民族),其他,自請休學,0,1
111-1,人文社會科學學院,中國語文學系,中國語文學系,碩士,碩士在職專班,女,一般生(非原住民族),論文撰寫,自請休學,0,1
111-1,人文社會科學學院,中國語文學系,中國語文學系,碩士,碩士班,男,原住民族學生,育嬰,自請休學,0,1
111-1,人文社會科學學院,中國語文學系,中國語文學系,碩士,碩士班,男,一般生(非原住民族),工作,自請休學,0,1
111-1,人文社會科學學院,中國語文學系,中國語文學系,碩士,碩士班,男,一般生(非原住民族),論文撰寫,自請休學,1,2
111-1,人文社會科學學院,中國語文學系,中國語文學系,碩士,碩士班,女,一般生(非原住民族),傷病,自請休學,0,3
111-1,人文社會科學學院,中國語文學系,中國語文學系,碩士,碩士班,女,一般生(非原住民族),工作,自請休學,1,2
111-1,人文社會科學學院,中國語文學系,中國語文學系,碩士,碩士班,女,一般生(非原住民族),育嬰,自請休學,0,1
111-1,人文社會科學學院,中國語文學系,中國語文學系,碩士,碩士班,女,一般生(非原住民族),出國,自請休學,0,1
111-1,人文社會科學學院,中國語文學系,中國語文學系,碩士,碩士班,女,一般生(非原住民族),論文撰寫,自請休學,0,5
111-1,人文社會科學學院,中國語文學系,中國語文學系,碩士,碩士班,女,一般生(非原住民族),其他,自請休學,1,2
111-1,人文社會科學學院,中國語文學系,中國語文學系,碩士,碩士班,女,其他類學生,論文撰寫,自請休學,1,1
111-1,人文社會科學學院,中國語文學系,中國語文學系,學士,學士班,男,原住民族學生,家務或家人照顧,自請休學,0,1
111-1,人文社會科學學院,中國語文學系,中國語文學系,學士,學士班,男,一般生(非原住民族),傷病,自請休學,1,1
111-1,人文社會科學學院,中國語文學系,中國語文學系,學士,學士班,男,一般生(非原住民族),經濟困難,自請休學,2,2
111-1,人文社會科學學院,中國語文學系,中國語文學系,學士,學士班,男,一般生(非原住民族),學業成績不佳,自請休學,1,1
111-1,人文社會科學學院,中國語文學系,中國語文學系,學士,學士班,男,一般生(非原住民族),其他,自請休學,2,3
111-1,人文社會科學學院,中國語文學系,中國語文學系,學士,學士班,女,一般生(非原住民族),傷病,自請休學,2,2
111-1,人文社會科學學院,中國語文學系,中國語文學系,學士,學士班,女,一般生(非原住民族),就讀學校科系不符期待,自請休學,1,1
111-1,人文社會科學學院,中國語文學系,中國語文學系,學士,學士班,女,一般生(非原住民族),出國,自請休學,1,1
111-1,人文社會科學學院,中國語文學系,中國語文學系,學士,學士班,女,一般生(非原住民族),家務或家人照顧,自請休學,0,1
111-1,人文社會科學學院,公共行政學系,公共行政學系,碩士,碩士在職專班,男,原住民族學生,論文撰寫,自請休學,1,1
111-1,人文社會科學學院,公共行政學系,公共行政學系,碩士,碩士在職專班,男,一般生(非原住民族),學業成績不佳,自請休學,0,1
111-1,人文社會科學學院,公共行政學系,公共行政學系,碩士,碩士在職專班,男,一般生(非原住民族),工作,自請休學,0,1
111-1,人文社會科學學院,公共行政學系,公共行政學系,碩士,碩士在職專班,男,一般生(非原住民族),育嬰,自請休學,0,1
111-1,人文社會科學學院,公共行政學系,公共行政學系,碩士,碩士在職專班,男,一般生(非原住民族),論文撰寫,自請休學,2,4
111-1,人文社會科學學院,公共行政學系,公共行政學系,碩士,碩士在職專班,男,一般生(非原住民族),就學環境,自請休學,0,1
111-1,人文社會科學學院,公共行政學系,公共行政學系,碩士,碩士在職專班,男,一般生(非原住民族),家務或家人照顧,自請休學,0,1
111-1,人文社會科學學院,公共行政學系,公共行政學系,碩士,碩士在職專班,女,一般生(非原住民族),其他,自請休學,1,1
111-1,人文社會科學學院,公共行政學系,公共行政學系,碩士,碩士班,男,一般生(非原住民族),傷病,自請休學,0,1
111-1,人文社會科學學院,公共行政學系,公共行政學系,碩士,碩士班,男,一般生(非原住民族),工作,自請休學,0,1
111-1,人文社會科學學院,公共行政學系,公共行政學系,碩士,碩士班,男,一般生(非原住民族),論文撰寫,自請休學,0,1
111-1,人文社會科學學院,公共行政學系,公共行政學系,碩士,碩士班,女,一般生(非原住民族),懷孕,自請休學,1,1
111-1,人文社會科學學院,公共行政學系,公共行政學系,碩士,碩士班,女,一般生(非原住民族),家務或家人照顧,自請休學,0,1
111-1,人文社會科學學院,公共行政學系,公共行政學系,學士,學士班,男,一般生(非原住民族),傷病,自請休學,1,1
111-1,人文社會科學學院,公共行政學系,公共行政學系,學士,學士班,女,一般生(非原住民族),就讀學校科系不符期待,自請休學,1,1
111-1,人文社會科學學院,公共行政學系,公共行政學系,學士,學士班,女,其他類學生,學業成績不佳,自請休學,1,1
111-1,人文社會科學學院,公共行政學系,公共行政學系,學士,學士班,女,其他類學生,其他,自請休學,0,1
111-1,人文社會科學學院,法律學系,法律學士學位學程,學士,學士班,女,一般生(非原住民族),傷病,自請休學,0,1
111-1,人文社會科學學院,法律學系,法律學士學位學程,學士,學士班,女,一般生(非原住民族),工作,自請休學,0,1
111-1,人文社會科學學院,法律學系,法律學士學位學程原住民專班,學士,學士班,女,原住民族學生,家務或家人照顧,自請休學,1,2
111-1,人文社會科學學院,法律學系,法律學系,碩士,碩士班,男,一般生(非原住民族),傷病,自請休學,0,2
111-1,人文社會科學學院,法律學系,法律學系,碩士,碩士班,男,一般生(非原住民族),工作,自請休學,3,7
111-1,人文社會科學學院,法律學系,法律學系,碩士,碩士班,男,一般生(非原住民族),論文撰寫,自請休學,1,3
111-1,人文社會科學學院,法律學系,法律學系,碩士,碩士班,男,一般生(非原住民族),家務或家人照顧,自請休學,1,2
111-1,人文社會科學學院,法律學系,法律學系,碩士,碩士班,男,一般生(非原住民族),其他,自請休學,0,1
111-1,人文社會科學學院,法律學系,法律學系,碩士,碩士班,女,原住民族學生,工作,自請休學,1,3
111-1,人文社會科學學院,法律學系,法律學系,碩士,碩士班,女,原住民族學生,育嬰,自請休學,0,1
111-1,人文社會科學學院,法律學系,法律學系,碩士,碩士班,女,一般生(非原住民族),工作,自請休學,1,1
111-1,人文社會科學學院,法律學系,法律學系,碩士,碩士班,女,一般生(非原住民族),懷孕,自請休學,0,1
111-1,人文社會科學學院,法律學系,法律學系,碩士,碩士班,女,一般生(非原住民族),論文撰寫,自請休學,2,6
111-1,人文社會科學學院,法律學系,法律學系,碩士,碩士班,女,一般生(非原住民族),家務或家人照顧,自請休學,1,2
111-1,人文社會科學學院,法律學系,法律學系,碩士,碩士班,女,一般生(非原住民族),其他,自請休學,1,1
111-1,人文社會科學學院,法律學系,法律學系,學士,學士班,男,一般生(非原住民族),傷病,自請休學,0,1
111-1,人文社會科學學院,法律學系,法律學系,學士,學士班,男,一般生(非原住民族),出國,自請休學,1,1
111-1,人文社會科學學院,法律學系,法律學系,學士,學士班,男,一般生(非原住民族),考試訓練,自請休學,1,1
111-1,人文社會科學學院,法律學系,法律學系,學士,學士班,男,一般生(非原住民族),其他,自請休學,0,1
111-1,人文社會科學學院,法律學系,法律學系,學士,學士班,女,一般生(非原住民族),出國,自請休學,0,1
111-1,人文社會科學學院,法律學系,法律學系,學士,學士班,女,一般生(非原住民族),其他,自請休學,1,2
111-1,人文社會科學學院,法律學系,法律學系原住民專班,學士,學士班,女,原住民族學生,學業成績不佳,自請休學,1,2
111-1,人文社會科學學院,法律學系,法律學系原住民專班,學士,學士班,女,原住民族學生,就學環境,自請休學,1,1
111-1,人文社會科學學院,社會學系,社會學系,碩士,碩士班,男,原住民族學生,工作,自請休學,1,1
111-1,人文社會科學學院,社會學系,社會學系,碩士,碩士班,男,原住民族學生,論文撰寫,自請休學,0,1
111-1,人文社會科學學院,社會學系,社會學系,碩士,碩士班,男,一般生(非原住民族),工作,自請休學,0,1
111-1,人文社會科學學院,社會學系,社會學系,碩士,碩士班,男,一般生(非原住民族),論文撰寫,自請休學,0,2
111-1,人文社會科學學院,社會學系,社會學系,碩士,碩士班,女,一般生(非原住民族),傷病,自請休學,0,1
111-1,人文社會科學學院,社會學系,社會學系,碩士,碩士班,女,一般生(非原住民族),工作,自請休學,1,2
111-1,人文社會科學學院,社會學系,社會學系,碩士,碩士班,女,一般生(非原住民族),育嬰,自請休學,1,2
111-1,人文社會科學學院,社會學系,社會學系,碩士,碩士班,女,一般生(非原住民族),論文撰寫,自請休學,0,1
111-1,人文社會科學學院,社會學系,社會學系,學士,學士班,男,一般生(非原住民族),工作,自請休學,0,1
111-1,人文社會科學學院,社會學系,社會學系,學士,學士班,男,一般生(非原住民族),考試訓練,自請休學,1,1
111-1,人文社會科學學院,社會學系,社會學系,學士,學士班,男,一般生(非原住民族),其他,自請休學,0,3
111-1,人文社會科學學院,社會學系,社會學系,學士,學士班,女,一般生(非原住民族),就讀學校科系不符期待,自請休學,2,4
111-1,人文社會科學學院,社會學系,社會學系,學士,學士班,女,一般生(非原住民族),工作,自請休學,0,1
111-1,人文社會科學學院,英美語文學系,英美語文學系,碩士,碩士班,男,一般生(非原住民族),就讀學校科系不符期待,自請休學,1,2
111-1,人文社會科學學院,英美語文學系,英美語文學系,碩士,碩士班,男,一般生(非原住民族),工作,自請休學,0,1
111-1,人文社會科學學院,英美語文學系,英美語文學系,碩士,碩士班,男,一般生(非原住民族),論文撰寫,自請休學,0,1
111-1,人文社會科學學院,英美語文學系,英美語文學系,碩士,碩士班,男,一般生(非原住民族),家務或家人照顧,自請休學,0,1
111-1,人文社會科學學院,英美語文學系,英美語文學系,碩士,碩士班,男,一般生(非原住民族),其他,自請休學,1,1
111-1,人文社會科學學院,英美語文學系,英美語文學系,碩士,碩士班,男,其他類學生,論文撰寫,自請休學,0,1
111-1,人文社會科學學院,英美語文學系,英美語文學系,碩士,碩士班,男,其他類學生,家務或家人照顧,自請休學,0,1
111-1,人文社會科學學院,英美語文學系,英美語文學系,碩士,碩士班,女,一般生(非原住民族),傷病,自請休學,0,1
111-1,人文社會科學學院,英美語文學系,英美語文學系,碩士,碩士班,女,一般生(非原住民族),經濟困難,自請休學,0,1
111-1,人文社會科學學院,英美語文學系,英美語文學系,碩士,碩士班,女,一般生(非原住民族),就讀學校科系不符期待,自請休學,0,1
111-1,人文社會科學學院,英美語文學系,英美語文學系,碩士,碩士班,女,一般生(非原住民族),工作,自請休學,4,6
111-1,人文社會科學學院,英美語文學系,英美語文學系,碩士,碩士班,女,一般生(非原住民族),育嬰,自請休學,0,3
111-1,人文社會科學學院,英美語文學系,英美語文學系,碩士,碩士班,女,一般生(非原住民族),論文撰寫,自請休學,1,6
111-1,人文社會科學學院,英美語文學系,英美語文學系,碩士,碩士班,女,一般生(非原住民族),其他,自請休學,2,2
111-1,人文社會科學學院,英美語文學系,英美語文學系,學士,學士班,男,一般生(非原住民族),學業成績不佳,自請休學,1,1
111-1,人文社會科學學院,英美語文學系,英美語文學系,學士,學士班,男,一般生(非原住民族),其他,自請休學,0,1
111-1,人文社會科學學院,英美語文學系,英美語文學系,學士,學士班,女,一般生(非原住民族),傷病,自請休學,1,2
111-1,人文社會科學學院,英美語文學系,英美語文學系,學士,學士班,女,一般生(非原住民族),就讀學校科系不符期待,自請休學,1,1
111-1,人文社會科學學院,英美語文學系,英美語文學系,學士,學士班,女,一般生(非原住民族),懷孕,自請休學,1,1
111-1,人文社會科學學院,英美語文學系,英美語文學系,學士,學士班,女,一般生(非原住民族),出國,自請休學,2,2
111-1,人文社會科學學院,英美語文學系,英美語文學系,學士,學士班,女,一般生(非原住民族),其他,自請休學,2,2
111-1,人文社會科學學院,華文文學系,華文文學系,碩士,碩士班,男,一般生(非原住民族),經濟困難,自請休學,0,1
111-1,人文社會科學學院,華文文學系,華文文學系,碩士,碩士班,男,一般生(非原住民族),工作,自請休學,0,1
111-1,人文社會科學學院,華文文學系,華文文學系,碩士,碩士班,男,一般生(非原住民族),論文撰寫,自請休學,1,2
111-1,人文社會科學學院,華文文學系,華文文學系,碩士,碩士班,男,其他類學生,育嬰,自請休學,0,1
111-1,人文社會科學學院,華文文學系,華文文學系,碩士,碩士班,女,一般生(非原住民族),傷病,自請休學,0,2
111-1,人文社會科學學院,華文文學系,華文文學系,碩士,碩士班,女,一般生(非原住民族),經濟困難,自請休學,1,1
111-1,人文社會科學學院,華文文學系,華文文學系,碩士,碩士班,女,一般生(非原住民族),學業成績不佳,自請休學,1,1
111-1,人文社會科學學院,華文文學系,華文文學系,碩士,碩士班,女,一般生(非原住民族),論文撰寫,自請休學,1,2
111-1,人文社會科學學院,華文文學系,華文文學系,碩士,碩士班,女,一般生(非原住民族),家務或家人照顧,自請休學,2,3
111-1,人文社會科學學院,華文文學系,華文文學系,碩士,碩士班,女,一般生(非原住民族),其他,自請休學,1,1
111-1,人文社會科學學院,華文文學系,華文文學系,學士,學士班,男,一般生(非原住民族),經濟困難,自請休學,0,1
111-1,人文社會科學學院,華文文學系,華文文學系,學士,學士班,男,一般生(非原住民族),家務或家人照顧,自請休學,1,1
111-1,人文社會科學學院,華文文學系,華文文學系,學士,學士班,女,一般生(非原住民族),傷病,自請休學,0,2
111-1,人文社會科學學院,華文文學系,華文文學系,學士,學士班,女,一般生(非原住民族),學業成績不佳,自請休學,1,2
111-1,人文社會科學學院,華文文學系,華文文學系,學士,學士班,女,一般生(非原住民族),就讀學校科系不符期待,自請休學,1,2
111-1,人文社會科學學院,華文文學系,華文文學系,學士,學士班,女,一般生(非原住民族),就學環境,自請休學,1,1
111-1,人文社會科學學院,華文文學系,華文文學系,學士,學士班,女,一般生(非原住民族),其他,自請休學,1,2
111-1,人文社會科學學院,經濟學系,經濟學系,博士,博士班,男,一般生(非原住民族),論文撰寫,自請休學,0,1
111-1,人文社會科學學院,經濟學系,經濟學系,博士,博士班,女,一般生(非原住民族),工作,自請休學,0,1
111-1,人文社會科學學院,經濟學系,經濟學系,博士,博士班,女,其他類學生,工作,自請休學,0,1
111-1,人文社會科學學院,經濟學系,經濟學系,碩士,碩士班,男,一般生(非原住民族),傷病,自請休學,0,1
111-1,人文社會科學學院,經濟學系,經濟學系,碩士,碩士班,男,一般生(非原住民族),就讀學校科系不符期待,自請休學,1,1
111-1,人文社會科學學院,經濟學系,經濟學系,碩士,碩士班,男,一般生(非原住民族),工作,自請休學,0,2
111-1,人文社會科學學院,經濟學系,經濟學系,碩士,碩士班,女,一般生(非原住民族),傷病,自請休學,0,1
111-1,人文社會科學學院,經濟學系,經濟學系,碩士,碩士班,女,一般生(非原住民族),工作,自請休學,0,1
111-1,人文社會科學學院,經濟學系,經濟學系,學士,學士班,男,一般生(非原住民族),就讀學校科系不符期待,自請休學,0,1
111-1,人文社會科學學院,經濟學系,經濟學系,學士,學士班,男,一般生(非原住民族),其他,自請休學,1,2
111-1,人文社會科學學院,經濟學系,經濟學系,學士,學士班,女,一般生(非原住民族),就讀學校科系不符期待,自請休學,1,1
111-1,人文社會科學學院,臺灣文化學系,臺灣文化學系,碩士,碩士在職專班,男,一般生(非原住民族),論文撰寫,自請休學,1,1
111-1,人文社會科學學院,臺灣文化學系,臺灣文化學系,碩士,碩士班,男,一般生(非原住民族),工作,自請休學,0,2
111-1,人文社會科學學院,臺灣文化學系,臺灣文化學系,碩士,碩士班,男,一般生(非原住民族),其他,自請休學,0,1
111-1,人文社會科學學院,臺灣文化學系,臺灣文化學系,碩士,碩士班,女,一般生(非原住民族),工作,自請休學,1,2
111-1,人文社會科學學院,臺灣文化學系,臺灣文化學系,碩士,碩士班,女,一般生(非原住民族),論文撰寫,自請休學,1,4
111-1,人文社會科學學院,臺灣文化學系,臺灣文化學系,碩士,碩士班,女,一般生(非原住民族),家務或家人照顧,自請休學,0,3
111-1,人文社會科學學院,臺灣文化學系,臺灣文化學系,碩士,碩士班,女,一般生(非原住民族),其他,自請休學,1,2
111-1,人文社會科學學院,臺灣文化學系,臺灣文化學系,碩士,碩士班,女,其他類學生,育嬰,自請休學,0,1
111-1,人文社會科學學院,臺灣文化學系,臺灣文化學系,學士,學士班,男,原住民族學生,就讀學校科系不符期待,自請休學,0,1
111-1,人文社會科學學院,臺灣文化學系,臺灣文化學系,學士,學士班,男,一般生(非原住民族),經濟困難,自請休學,0,1
111-1,人文社會科學學院,臺灣文化學系,臺灣文化學系,學士,學士班,男,一般生(非原住民族),就讀學校科系不符期待,自請休學,1,1
111-1,人文社會科學學院,臺灣文化學系,臺灣文化學系,學士,學士班,男,一般生(非原住民族),就學環境,自請休學,0,1
111-1,人文社會科學學院,臺灣文化學系,臺灣文化學系,學士,學士班,男,一般生(非原住民族),家務或家人照顧,自請休學,0,1
111-1,人文社會科學學院,臺灣文化學系,臺灣文化學系,學士,學士班,男,一般生(非原住民族),考試訓練,自請休學,0,1
111-1,人文社會科學學院,臺灣文化學系,臺灣文化學系,學士,學士班,男,一般生(非原住民族),其他,自請休學,1,4
111-1,人文社會科學學院,臺灣文化學系,臺灣文化學系,學士,學士班,女,一般生(非原住民族),傷病,自請休學,1,1
111-1,人文社會科學學院,臺灣文化學系,臺灣文化學系,學士,學士班,女,一般生(非原住民族),學業成績不佳,自請休學,0,2
111-1,人文社會科學學院,臺灣文化學系,臺灣文化學系,學士,學士班,女,一般生(非原住民族),工作,自請休學,1,2
111-1,人文社會科學學院,臺灣文化學系,臺灣文化學系,學士,學士班,女,一般生(非原住民族),其他,自請休學,1,2
111-1,人文社會科學學院,歷史學系,歷史學系,碩士,碩士班,男,原住民族學生,工作,自請休學,1,1
111-1,人文社會科學學院,歷史學系,歷史學系,碩士,碩士班,男,一般生(非原住民族),工作,自請休學,0,1
111-1,人文社會科學學院,歷史學系,歷史學系,碩士,碩士班,男,一般生(非原住民族),論文撰寫,自請休學,0,1
111-1,人文社會科學學院,歷史學系,歷史學系,碩士,碩士班,男,一般生(非原住民族),其他,自請休學,1,1
111-1,人文社會科學學院,歷史學系,歷史學系,學士,學士班,男,原住民族學生,考試訓練,自請休學,1,1
111-1,人文社會科學學院,歷史學系,歷史學系,學士,學士班,男,一般生(非原住民族),傷病,自請休學,1,1
111-1,人文社會科學學院,歷史學系,歷史學系,學士,學士班,男,一般生(非原住民族),學業成績不佳,自請休學,0,1
111-1,人文社會科學學院,歷史學系,歷史學系,學士,學士班,男,一般生(非原住民族),其他,自請休學,1,1
111-1,人文社會科學學院,歷史學系,歷史學系,學士,學士班,女,一般生(非原住民族),傷病,自請休學,0,1
111-1,人文社會科學學院,歷史學系,歷史學系,學士,學士班,女,一般生(非原住民族),就讀學校科系不符期待,自請休學,1,1
111-1,人文社會科學學院,諮商與臨床心理學系,諮商與臨床心理學系,碩士,碩士班,男,一般生(非原住民族),育嬰,自請休學,0,1
111-1,人文社會科學學院,諮商與臨床心理學系,諮商與臨床心理學系,碩士,碩士班,男,一般生(非原住民族),出國,自請休學,0,1
111-1,人文社會科學學院,諮商與臨床心理學系,諮商與臨床心理學系,碩士,碩士班,男,一般生(非原住民族),論文撰寫,自請休學,2,8
111-1,人文社會科學學院,諮商與臨床心理學系,諮商與臨床心理學系,碩士,碩士班,男,一般生(非原住民族),就學環境,自請休學,1,1
111-1,人文社會科學學院,諮商與臨床心理學系,諮商與臨床心理學系,碩士,碩士班,男,一般生(非原住民族),考試訓練,自請休學,0,1
111-1,人文社會科學學院,諮商與臨床心理學系,諮商與臨床心理學系,碩士,碩士班,男,一般生(非原住民族),其他,自請休學,1,1
111-1,人文社會科學學院,諮商與臨床心理學系,諮商與臨床心理學系,碩士,碩士班,女,原住民族學生,論文撰寫,自請休學,1,1
111-1,人文社會科學學院,諮商與臨床心理學系,諮商與臨床心理學系,碩士,碩士班,女,一般生(非原住民族),傷病,自請休學,0,1
111-1,人文社會科學學院,諮商與臨床心理學系,諮商與臨床心理學系,碩士,碩士班,女,一般生(非原住民族),工作,自請休學,0,5
111-1,人文社會科學學院,諮商與臨床心理學系,諮商與臨床心理學系,碩士,碩士班,女,一般生(非原住民族),論文撰寫,自請休學,6,13
111-1,人文社會科學學院,諮商與臨床心理學系,諮商與臨床心理學系,碩士,碩士班,女,一般生(非原住民族),家務或家人照顧,自請休學,0,3
111-1,人文社會科學學院,諮商與臨床心理學系,諮商與臨床心理學系,碩士,碩士班,女,一般生(非原住民族),其他,自請休學,1,1
111-1,人文社會科學學院,諮商與臨床心理學系,諮商與臨床心理學系,碩士,碩士班,女,其他類學生,論文撰寫,自請休學,0,1
111-1,人文社會科學學院,諮商與臨床心理學系,諮商與臨床心理學系,學士,學士班,男,一般生(非原住民族),家務或家人照顧,自請休學,0,2
111-1,人文社會科學學院,諮商與臨床心理學系,諮商與臨床心理學系,學士,學士班,男,一般生(非原住民族),其他,自請休學,1,2
111-1,人文社會科學學院,諮商與臨床心理學系,諮商與臨床心理學系,學士,學士班,女,一般生(非原住民族),傷病,自請休學,1,2
111-1,人文社會科學學院,諮商與臨床心理學系,諮商與臨床心理學系,學士,學士班,女,一般生(非原住民族),出國,自請休學,1,1
111-1,人文社會科學學院,諮商與臨床心理學系,諮商與臨床心理學系,學士,學士班,女,一般生(非原住民族),其他,自請休學,1,1
111-1,花師教育學院,幼兒教育學系,幼兒教育學系,碩士,碩士在職專班,女,一般生(非原住民族),工作,自請休學,0,1
111-1,花師教育學院,幼兒教育學系,幼兒教育學系,碩士,碩士在職專班,女,一般生(非原住民族),育嬰,自請休學,0,3
111-1,花師教育學院,幼兒教育學系,幼兒教育學系,碩士,碩士在職專班,女,一般生(非原住民族),家務或家人照顧,自請休學,0,1
111-1,花師教育學院,幼兒教育學系,幼兒教育學系,碩士,碩士在職專班,女,一般生(非原住民族),其他,自請休學,0,1
111-1,花師教育學院,幼兒教育學系,幼兒教育學系,碩士,碩士班,女,一般生(非原住民族),傷病,自請休學,0,1
111-1,花師教育學院,幼兒教育學系,幼兒教育學系,碩士,碩士班,女,一般生(非原住民族),學業成績不佳,自請休學,1,1
111-1,花師教育學院,幼兒教育學系,幼兒教育學系,碩士,碩士班,女,一般生(非原住民族),工作,自請休學,0,1
111-1,花師教育學院,幼兒教育學系,幼兒教育學系,碩士,碩士班,女,一般生(非原住民族),懷孕,自請休學,0,1
111-1,花師教育學院,幼兒教育學系,幼兒教育學系,碩士,碩士班,女,一般生(非原住民族),育嬰,自請休學,0,1
111-1,花師教育學院,幼兒教育學系,幼兒教育學系,碩士,碩士班,女,一般生(非原住民族),家務或家人照顧,自請休學,0,2
111-1,花師教育學院,幼兒教育學系,幼兒教育學系,碩士,碩士班,女,一般生(非原住民族),其他,自請休學,0,1
111-1,花師教育學院,幼兒教育學系,幼兒教育學系,學士,學士班,女,一般生(非原住民族),經濟困難,自請休學,0,1
111-1,花師教育學院,幼兒教育學系,幼兒教育學系,學士,學士班,女,一般生(非原住民族),考試訓練,自請休學,1,1
111-1,花師教育學院,幼兒教育學系,幼兒教育學系,學士,學士班,女,一般生(非原住民族),其他,自請休學,1,1
111-1,花師教育學院,幼兒教育學系,幼兒教育學系,學士,學士班,女,其他類學生,其他,自請休學,0,1
111-1,花師教育學院,幼兒教育學系,幼兒教育學系學士後學位學程教保員專班,學士,學士班,女,原住民族學生,其他,自請休學,1,1
111-1,花師教育學院,幼兒教育學系,幼兒教育學系學士後學位學程教保員專班,學士,學士班,女,一般生(非原住民族),家務或家人照顧,自請休學,0,1
111-1,花師教育學院,特殊教育學系,特殊教育學系,學士,學士班,男,原住民族學生,工作,自請休學,0,1
111-1,花師教育學院,特殊教育學系,特殊教育學系,學士,學士班,男,一般生(非原住民族),論文撰寫,自請休學,1,1
111-1,花師教育學院,特殊教育學系,特殊教育學系,學士,學士班,男,一般生(非原住民族),其他,自請休學,1,1
111-1,花師教育學院,特殊教育學系,特殊教育學系,學士,學士班,女,一般生(非原住民族),傷病,自請休學,1,1
111-1,花師教育學院,特殊教育學系,特殊教育學系身心障礙與輔助科技碩士班,碩士,碩士班,男,一般生(非原住民族),其他,自請休學,0,1
111-1,花師教育學院,特殊教育學系,特殊教育學系身心障礙與輔助科技碩士班,碩士,碩士班,男,其他類學生,傷病,自請休學,0,1
111-1,花師教育學院,特殊教育學系,特殊教育學系身心障礙與輔助科技碩士班,碩士,碩士班,女,一般生(非原住民族),傷病,自請休學,0,1
111-1,花師教育學院,特殊教育學系,特殊教育學系身心障礙與輔助科技碩士班,碩士,碩士班,女,一般生(非原住民族),經濟困難,自請休學,0,1
111-1,花師教育學院,特殊教育學系,特殊教育學系身心障礙與輔助科技碩士班,碩士,碩士班,女,一般生(非原住民族),工作,自請休學,1,2
111-1,花師教育學院,特殊教育學系,特殊教育學系身心障礙與輔助科技碩士班,碩士,碩士班,女,一般生(非原住民族),育嬰,自請休學,1,1
111-1,花師教育學院,教育行政與管理學系,教育行政與管理學系,碩士,碩士在職專班,男,原住民族學生,家務或家人照顧,自請休學,0,1
111-1,花師教育學院,教育行政與管理學系,教育行政與管理學系,碩士,碩士在職專班,男,一般生(非原住民族),工作,自請休學,2,6
111-1,花師教育學院,教育行政與管理學系,教育行政與管理學系,碩士,碩士在職專班,男,一般生(非原住民族),論文撰寫,自請休學,1,2
111-1,花師教育學院,教育行政與管理學系,教育行政與管理學系,碩士,碩士在職專班,男,一般生(非原住民族),家務或家人照顧,自請休學,1,1
111-1,花師教育學院,教育行政與管理學系,教育行政與管理學系,碩士,碩士在職專班,男,一般生(非原住民族),其他,自請休學,4,5
111-1,花師教育學院,教育行政與管理學系,教育行政與管理學系,碩士,碩士在職專班,女,原住民族學生,工作,自請休學,2,2
111-1,花師教育學院,教育行政與管理學系,教育行政與管理學系,碩士,碩士在職專班,女,原住民族學生,其他,自請休學,1,1
111-1,花師教育學院,教育行政與管理學系,教育行政與管理學系,碩士,碩士在職專班,女,一般生(非原住民族),經濟困難,自請休學,0,1
111-1,花師教育學院,教育行政與管理學系,教育行政與管理學系,碩士,碩士在職專班,女,一般生(非原住民族),學業成績不佳,自請休學,1,1
111-1,花師教育學院,教育行政與管理學系,教育行政與管理學系,碩士,碩士在職專班,女,一般生(非原住民族),工作,自請休學,3,7
111-1,花師教育學院,教育行政與管理學系,教育行政與管理學系,碩士,碩士在職專班,女,一般生(非原住民族),育嬰,自請休學,0,1
111-1,花師教育學院,教育行政與管理學系,教育行政與管理學系,碩士,碩士在職專班,女,一般生(非原住民族),論文撰寫,自請休學,2,3
111-1,花師教育學院,教育行政與管理學系,教育行政與管理學系,碩士,碩士在職專班,女,一般生(非原住民族),家務或家人照顧,自請休學,1,2
111-1,花師教育學院,教育行政與管理學系,教育行政與管理學系,碩士,碩士在職專班,女,一般生(非原住民族),考試訓練,自請休學,0,1
111-1,花師教育學院,教育行政與管理學系,教育行政與管理學系,碩士,碩士在職專班,女,一般生(非原住民族),其他,自請休學,0,1
111-1,花師教育學院,教育行政與管理學系,教育行政與管理學系,碩士,碩士班,男,一般生(非原住民族),論文撰寫,自請休學,1,2
111-1,花師教育學院,教育行政與管理學系,教育行政與管理學系,碩士,碩士班,女,一般生(非原住民族),工作,自請休學,1,8
111-1,花師教育學院,教育行政與管理學系,教育行政與管理學系,碩士,碩士班,女,一般生(非原住民族),論文撰寫,自請休學,0,1
111-1,花師教育學院,教育行政與管理學系,教育行政與管理學系,碩士,碩士班,女,一般生(非原住民族),考試訓練,自請休學,0,1
111-1,花師教育學院,教育行政與管理學系,教育行政與管理學系,學士,學士班,男,一般生(非原住民族),傷病,自請休學,1,1
111-1,花師教育學院,教育行政與管理學系,教育行政與管理學系,學士,學士班,男,一般生(非原住民族),其他,自請休學,1,1
111-1,花師教育學院,教育行政與管理學系,教育行政與管理學系,學士,學士班,女,一般生(非原住民族),傷病,自請休學,1,1
111-1,花師教育學院,教育行政與管理學系,教育行政與管理學系,學士,學士班,女,一般生(非原住民族),家務或家人照顧,自請休學,1,1
111-1,花師教育學院,教育與潛能開發學系,教育與潛能開發學系,學士,學士班,女,原住民族學生,其他,自請休學,0,1
111-1,花師教育學院,教育與潛能開發學系,教育與潛能開發學系,學士,學士班,女,一般生(非原住民族),就讀學校科系不符期待,自請休學,1,1
111-1,花師教育學院,教育與潛能開發學系,教育與潛能開發學系,學士,學士班,女,一般生(非原住民族),就學環境,自請休學,1,1
111-1,花師教育學院,教育與潛能開發學系,教育與潛能開發學系,學士,學士班,女,一般生(非原住民族),其他,自請休學,1,2
111-1,花師教育學院,教育與潛能開發學系,教育與潛能開發學系多元文化教育博士班,博士,博士班,男,一般生(非原住民族),傷病,自請休學,0,1
111-1,花師教育學院,教育與潛能開發學系,教育與潛能開發學系多元文化教育博士班,博士,博士班,女,原住民族學生,家務或家人照顧,自請休學,1,1
111-1,花師教育學院,教育與潛能開發學系,教育與潛能開發學系多元文化教育博士班,博士,博士班,女,一般生(非原住民族),傷病,自請休學,0,1
111-1,花師教育學院,教育與潛能開發學系,教育與潛能開發學系多元文化教育博士班,博士,博士班,女,一般生(非原住民族),經濟困難,自請休學,1,2
111-1,花師教育學院,教育與潛能開發學系,教育與潛能開發學系多元文化教育博士班,博士,博士班,女,一般生(非原住民族),工作,自請休學,0,1
111-1,花師教育學院,教育與潛能開發學系,教育與潛能開發學系多元文化教育博士班,博士,博士班,女,一般生(非原住民族),論文撰寫,自請休學,0,1
111-1,花師教育學院,教育與潛能開發學系,教育與潛能開發學系多元文化教育碩士班,碩士,碩士班,男,原住民族學生,工作,自請休學,0,1
111-1,花師教育學院,教育與潛能開發學系,教育與潛能開發學系多元文化教育碩士班,碩士,碩士班,男,原住民族學生,育嬰,自請休學,0,1
111-1,花師教育學院,教育與潛能開發學系,教育與潛能開發學系多元文化教育碩士班,碩士,碩士班,男,一般生(非原住民族),工作,自請休學,0,2
111-1,花師教育學院,教育與潛能開發學系,教育與潛能開發學系多元文化教育碩士班,碩士,碩士班,男,一般生(非原住民族),論文撰寫,自請休學,1,2
111-1,花師教育學院,教育與潛能開發學系,教育與潛能開發學系多元文化教育碩士班,碩士,碩士班,男,一般生(非原住民族),其他,自請休學,1,1
111-1,花師教育學院,教育與潛能開發學系,教育與潛能開發學系多元文化教育碩士班,碩士,碩士班,女,原住民族學生,工作,自請休學,0,1
111-1,花師教育學院,教育與潛能開發學系,教育與潛能開發學系多元文化教育碩士班,碩士,碩士班,女,原住民族學生,論文撰寫,自請休學,0,1
111-1,花師教育學院,教育與潛能開發學系,教育與潛能開發學系多元文化教育碩士班,碩士,碩士班,女,原住民族學生,家務或家人照顧,自請休學,1,1
111-1,花師教育學院,教育與潛能開發學系,教育與潛能開發學系多元文化教育碩士班,碩士,碩士班,女,一般生(非原住民族),傷病,自請休學,0,1
111-1,花師教育學院,教育與潛能開發學系,教育與潛能開發學系多元文化教育碩士班,碩士,碩士班,女,一般生(非原住民族),工作,自請休學,2,3
111-1,花師教育學院,教育與潛能開發學系,教育與潛能開發學系多元文化教育碩士班,碩士,碩士班,女,一般生(非原住民族),育嬰,自請休學,0,1
111-1,花師教育學院,教育與潛能開發學系,教育與潛能開發學系多元文化教育碩士班,碩士,碩士班,女,一般生(非原住民族),論文撰寫,自請休學,1,1
111-1,花師教育學院,教育與潛能開發學系,教育與潛能開發學系多元文化教育碩士班,碩士,碩士班,女,一般生(非原住民族),家務或家人照顧,自請休學,1,1
111-1,花師教育學院,教育與潛能開發學系,教育與潛能開發學系多元文化教育碩士班,碩士,碩士班,女,一般生(非原住民族),考試訓練,自請休學,0,1
111-1,花師教育學院,教育與潛能開發學系,教育與潛能開發學系科學教育博士班,博士,博士班,男,一般生(非原住民族),育嬰,自請休學,0,1
111-1,花師教育學院,教育與潛能開發學系,教育與潛能開發學系科學教育博士班,博士,博士班,男,一般生(非原住民族),家務或家人照顧,自請休學,0,1
111-1,花師教育學院,教育與潛能開發學系,教育與潛能開發學系科學教育博士班,博士,博士班,女,一般生(非原住民族),工作,自請休學,1,2
111-1,花師教育學院,教育與潛能開發學系,教育與潛能開發學系科學教育碩士班,碩士,碩士班,男,原住民族學生,家務或家人照顧,自請休學,0,1
111-1,花師教育學院,教育與潛能開發學系,教育與潛能開發學系科學教育碩士班,碩士,碩士班,男,一般生(非原住民族),傷病,自請休學,1,1
111-1,花師教育學院,教育與潛能開發學系,教育與潛能開發學系科學教育碩士班,碩士,碩士班,男,一般生(非原住民族),工作,自請休學,1,2
111-1,花師教育學院,教育與潛能開發學系,教育與潛能開發學系科學教育碩士班,碩士,碩士班,男,一般生(非原住民族),其他,自請休學,0,1
111-1,花師教育學院,教育與潛能開發學系,教育與潛能開發學系科學教育碩士班,碩士,碩士班,女,一般生(非原住民族),工作,自請休學,0,2
111-1,花師教育學院,教育與潛能開發學系,教育與潛能開發學系科學教育碩士班,碩士,碩士班,女,一般生(非原住民族),育嬰,自請休學,0,2
111-1,花師教育學院,教育與潛能開發學系,教育與潛能開發學系科學教育碩士班,碩士,碩士班,女,一般生(非原住民族),論文撰寫,自請休學,1,1
111-1,花師教育學院,教育與潛能開發學系,教育與潛能開發學系科學教育碩士班,碩士,碩士班,女,一般生(非原住民族),家務或家人照顧,自請休學,0,1
111-1,花師教育學院,教育與潛能開發學系,教育與潛能開發學系科學教育碩士班,碩士,碩士班,女,一般生(非原住民族),其他,自請休學,1,1
111-1,花師教育學院,教育與潛能開發學系,教育與潛能開發學系教育博士班,博士,博士班,男,一般生(非原住民族),工作,自請休學,1,2
111-1,花師教育學院,教育與潛能開發學系,教育與潛能開發學系教育博士班,博士,博士班,男,一般生(非原住民族),論文撰寫,自請休學,1,2
111-1,花師教育學院,教育與潛能開發學系,教育與潛能開發學系教育博士班,博士,博士班,男,一般生(非原住民族),其他,自請休學,1,1
111-1,花師教育學院,教育與潛能開發學系,教育與潛能開發學系教育博士班,博士,博士班,男,其他類學生,工作,自請休學,1,1
111-1,花師教育學院,教育與潛能開發學系,教育與潛能開發學系教育博士班,博士,博士班,男,其他類學生,論文撰寫,自請休學,1,1
111-1,花師教育學院,教育與潛能開發學系,教育與潛能開發學系教育博士班,博士,博士班,女,一般生(非原住民族),工作,自請休學,6,11
111-1,花師教育學院,教育與潛能開發學系,教育與潛能開發學系教育博士班,博士,博士班,女,一般生(非原住民族),育嬰,自請休學,0,2
111-1,花師教育學院,教育與潛能開發學系,教育與潛能開發學系教育博士班,博士,博士班,女,一般生(非原住民族),出國,自請休學,1,1
111-1,花師教育學院,教育與潛能開發學系,教育與潛能開發學系教育博士班,博士,博士班,女,一般生(非原住民族),論文撰寫,自請休學,2,4
111-1,花師教育學院,教育與潛能開發學系,教育與潛能開發學系教育博士班,博士,博士班,女,一般生(非原住民族),家務或家人照顧,自請休學,2,3
111-1,花師教育學院,教育與潛能開發學系,教育與潛能開發學系教育博士班,博士,博士班,女,其他類學生,傷病,自請休學,0,2
111-1,花師教育學院,教育與潛能開發學系,教育與潛能開發學系教育碩士在職專班,碩士,碩士在職專班,男,原住民族學生,家務或家人照顧,自請休學,1,1
111-1,花師教育學院,教育與潛能開發學系,教育與潛能開發學系教育碩士在職專班,碩士,碩士在職專班,男,一般生(非原住民族),工作,自請休學,1,2
111-1,花師教育學院,教育與潛能開發學系,教育與潛能開發學系教育碩士在職專班,碩士,碩士在職專班,男,一般生(非原住民族),育嬰,自請休學,0,1
111-1,花師教育學院,教育與潛能開發學系,教育與潛能開發學系教育碩士在職專班,碩士,碩士在職專班,男,一般生(非原住民族),論文撰寫,自請休學,0,1
111-1,花師教育學院,教育與潛能開發學系,教育與潛能開發學系教育碩士在職專班,碩士,碩士在職專班,男,一般生(非原住民族),其他,自請休學,1,1
111-1,花師教育學院,教育與潛能開發學系,教育與潛能開發學系教育碩士在職專班,碩士,碩士在職專班,女,原住民族學生,工作,自請休學,0,1
111-1,花師教育學院,教育與潛能開發學系,教育與潛能開發學系教育碩士在職專班,碩士,碩士在職專班,女,原住民族學生,懷孕,自請休學,1,1
111-1,花師教育學院,教育與潛能開發學系,教育與潛能開發學系教育碩士在職專班,碩士,碩士在職專班,女,原住民族學生,育嬰,自請休學,1,1
111-1,花師教育學院,教育與潛能開發學系,教育與潛能開發學系教育碩士在職專班,碩士,碩士在職專班,女,一般生(非原住民族),傷病,自請休學,1,2
111-1,花師教育學院,教育與潛能開發學系,教育與潛能開發學系教育碩士在職專班,碩士,碩士在職專班,女,一般生(非原住民族),經濟困難,自請休學,0,1
111-1,花師教育學院,教育與潛能開發學系,教育與潛能開發學系教育碩士在職專班,碩士,碩士在職專班,女,一般生(非原住民族),工作,自請休學,2,7
111-1,花師教育學院,教育與潛能開發學系,教育與潛能開發學系教育碩士在職專班,碩士,碩士在職專班,女,一般生(非原住民族),育嬰,自請休學,0,1
111-1,花師教育學院,教育與潛能開發學系,教育與潛能開發學系教育碩士在職專班,碩士,碩士在職專班,女,一般生(非原住民族),論文撰寫,自請休學,4,13
111-1,花師教育學院,教育與潛能開發學系,教育與潛能開發學系教育碩士在職專班,碩士,碩士在職專班,女,一般生(非原住民族),家務或家人照顧,自請休學,2,4
111-1,花師教育學院,教育與潛能開發學系,教育與潛能開發學系教育碩士在職專班,碩士,碩士在職專班,女,一般生(非原住民族),考試訓練,自請休學,0,3
111-1,花師教育學院,教育與潛能開發學系,教育與潛能開發學系教育碩士在職專班,碩士,碩士在職專班,女,一般生(非原住民族),其他,自請休學,4,4
111-1,花師教育學院,教育與潛能開發學系,教育與潛能開發學系教育碩士班,碩士,碩士班,男,原住民族學生,工作,自請休學,0,2
111-1,花師教育學院,教育與潛能開發學系,教育與潛能開發學系教育碩士班,碩士,碩士班,男,原住民族學生,考試訓練,自請休學,0,1
111-1,花師教育學院,教育與潛能開發學系,教育與潛能開發學系教育碩士班,碩士,碩士班,男,一般生(非原住民族),工作,自請休學,0,1
111-1,花師教育學院,教育與潛能開發學系,教育與潛能開發學系教育碩士班,碩士,碩士班,男,一般生(非原住民族),出國,自請休學,1,1
111-1,花師教育學院,教育與潛能開發學系,教育與潛能開發學系教育碩士班,碩士,碩士班,男,一般生(非原住民族),論文撰寫,自請休學,0,1
111-1,花師教育學院,教育與潛能開發學系,教育與潛能開發學系教育碩士班,碩士,碩士班,男,一般生(非原住民族),家務或家人照顧,自請休學,1,1
111-1,花師教育學院,教育與潛能開發學系,教育與潛能開發學系教育碩士班,碩士,碩士班,男,一般生(非原住民族),其他,自請休學,0,1
111-1,花師教育學院,教育與潛能開發學系,教育與潛能開發學系教育碩士班,碩士,碩士班,男,其他類學生,論文撰寫,自請休學,0,1
111-1,花師教育學院,教育與潛能開發學系,教育與潛能開發學系教育碩士班,碩士,碩士班,女,原住民族學生,學業成績不佳,自請休學,0,1
111-1,花師教育學院,教育與潛能開發學系,教育與潛能開發學系教育碩士班,碩士,碩士班,女,一般生(非原住民族),傷病,自請休學,0,1
111-1,花師教育學院,教育與潛能開發學系,教育與潛能開發學系教育碩士班,碩士,碩士班,女,一般生(非原住民族),工作,自請休學,2,3
111-1,花師教育學院,教育與潛能開發學系,教育與潛能開發學系教育碩士班,碩士,碩士班,女,一般生(非原住民族),育嬰,自請休學,0,1
111-1,花師教育學院,教育與潛能開發學系,教育與潛能開發學系教育碩士班,碩士,碩士班,女,一般生(非原住民族),論文撰寫,自請休學,0,2
111-1,花師教育學院,教育與潛能開發學系,教育與潛能開發學系教育碩士班,碩士,碩士班,女,一般生(非原住民族),家務或家人照顧,自請休學,0,3
111-1,花師教育學院,教育與潛能開發學系,教育與潛能開發學系教育碩士班,碩士,碩士班,女,一般生(非原住民族),考試訓練,自請休學,0,1
111-1,花師教育學院,教育與潛能開發學系,教育與潛能開發學系教育碩士班,碩士,碩士班,女,其他類學生,工作,自請休學,1,1
111-1,花師教育學院,體育與運動科學系,體育與運動科學系,碩士,碩士在職專班,男,原住民族學生,工作,自請休學,1,1
111-1,花師教育學院,體育與運動科學系,體育與運動科學系,碩士,碩士在職專班,男,一般生(非原住民族),經濟困難,自請休學,1,1
111-1,花師教育學院,體育與運動科學系,體育與運動科學系,碩士,碩士在職專班,男,一般生(非原住民族),工作,自請休學,0,2
111-1,花師教育學院,體育與運動科學系,體育與運動科學系,碩士,碩士在職專班,男,一般生(非原住民族),育嬰,自請休學,0,1
111-1,花師教育學院,體育與運動科學系,體育與運動科學系,碩士,碩士在職專班,男,一般生(非原住民族),考試訓練,自請休學,0,1
111-1,花師教育學院,體育與運動科學系,體育與運動科學系,碩士,碩士在職專班,女,原住民族學生,懷孕,自請休學,1,1
111-1,花師教育學院,體育與運動科學系,體育與運動科學系,碩士,碩士在職專班,女,原住民族學生,家務或家人照顧,自請休學,0,1
111-1,花師教育學院,體育與運動科學系,體育與運動科學系,碩士,碩士在職專班,女,一般生(非原住民族),工作,自請休學,0,1
111-1,花師教育學院,體育與運動科學系,體育與運動科學系,碩士,碩士在職專班,女,一般生(非原住民族),家務或家人照顧,自請休學,1,3
111-1,花師教育學院,體育與運動科學系,體育與運動科學系,碩士,碩士在職專班,女,一般生(非原住民族),其他,自請休學,1,1
111-1,花師教育學院,體育與運動科學系,體育與運動科學系,碩士,碩士班,男,一般生(非原住民族),工作,自請休學,0,2
111-1,花師教育學院,體育與運動科學系,體育與運動科學系,碩士,碩士班,男,一般生(非原住民族),考試訓練,自請休學,0,1
111-1,花師教育學院,體育與運動科學系,體育與運動科學系,碩士,碩士班,男,一般生(非原住民族),其他,自請休學,1,3
111-1,花師教育學院,體育與運動科學系,體育與運動科學系,碩士,碩士班,女,一般生(非原住民族),工作,自請休學,1,1
111-1,花師教育學院,體育與運動科學系,體育與運動科學系,碩士,碩士班,女,一般生(非原住民族),育嬰,自請休學,0,1
111-1,花師教育學院,體育與運動科學系,體育與運動科學系,碩士,碩士班,女,一般生(非原住民族),論文撰寫,自請休學,1,1
111-1,花師教育學院,體育與運動科學系,體育與運動科學系,學士,學士班,男,原住民族學生,兵役,自請休學,0,1
111-1,花師教育學院,體育與運動科學系,體育與運動科學系,學士,學士班,男,原住民族學生,其他,自請休學,1,1
111-1,花師教育學院,體育與運動科學系,體育與運動科學系,學士,學士班,男,一般生(非原住民族),其他,自請休學,2,3
111-1,花師教育學院,體育與運動科學系,體育與運動科學系,學士,學士班,男,其他類學生,家務或家人照顧,自請休學,1,1
111-1,花師教育學院,體育與運動科學系,體育與運動科學系,學士,學士班,女,原住民族學生,經濟困難,自請休學,0,1
111-1,花師教育學院,體育與運動科學系,體育與運動科學系,學士,學士班,女,一般生(非原住民族),家務或家人照顧,自請休學,0,1
111-1,花師教育學院,體育與運動科學系,體育與運動科學系,學士,學士班,女,一般生(非原住民族),其他,自請休學,2,3
111-1,洄瀾學院,縱谷跨域書院學士學位學程,縱谷跨域書院學士學位學程,學士,學士班,男,一般生(非原住民族),就學環境,自請休學,0,1
111-1,洄瀾學院,縱谷跨域書院學士學位學程,縱谷跨域書院學士學位學程,學士,學士班,男,一般生(非原住民族),其他,自請休學,1,1
111-1,洄瀾學院,縱谷跨域書院學士學位學程,縱谷跨域書院學士學位學程,學士,學士班,女,一般生(非原住民族),其他,自請休學,0,1
111-1,原住民民族學院,民族發展與社會工作學系,民族事務與發展學系,碩士,碩士班,男,原住民族學生,工作,自請休學,1,1
111-1,原住民民族學院,民族發展與社會工作學系,民族事務與發展學系,碩士,碩士班,男,原住民族學生,育嬰,自請休學,0,2
111-1,原住民民族學院,民族發展與社會工作學系,民族事務與發展學系,碩士,碩士班,男,原住民族學生,論文撰寫,自請休學,0,1
111-1,原住民民族學院,民族發展與社會工作學系,民族事務與發展學系,碩士,碩士班,男,原住民族學生,家務或家人照顧,自請休學,0,1
111-1,原住民民族學院,民族發展與社會工作學系,民族事務與發展學系,碩士,碩士班,男,原住民族學生,其他,自請休學,0,1
111-1,原住民民族學院,民族發展與社會工作學系,民族事務與發展學系,碩士,碩士班,男,一般生(非原住民族),工作,自請休學,2,3
111-1,原住民民族學院,民族發展與社會工作學系,民族事務與發展學系,碩士,碩士班,男,一般生(非原住民族),育嬰,自請休學,0,1
111-1,原住民民族學院,民族發展與社會工作學系,民族事務與發展學系,碩士,碩士班,男,一般生(非原住民族),論文撰寫,自請休學,0,1
111-1,原住民民族學院,民族發展與社會工作學系,民族事務與發展學系,碩士,碩士班,男,一般生(非原住民族),其他,自請休學,0,1
111-1,原住民民族學院,民族發展與社會工作學系,民族事務與發展學系,碩士,碩士班,女,原住民族學生,工作,自請休學,1,4
111-1,原住民民族學院,民族發展與社會工作學系,民族事務與發展學系,碩士,碩士班,女,原住民族學生,懷孕,自請休學,0,2
111-1,原住民民族學院,民族發展與社會工作學系,民族事務與發展學系,碩士,碩士班,女,原住民族學生,育嬰,自請休學,0,2
111-1,原住民民族學院,民族發展與社會工作學系,民族事務與發展學系,碩士,碩士班,女,原住民族學生,論文撰寫,自請休學,1,4
111-1,原住民民族學院,民族發展與社會工作學系,民族事務與發展學系,碩士,碩士班,女,原住民族學生,考試訓練,自請休學,0,1
111-1,原住民民族學院,民族發展與社會工作學系,民族事務與發展學系,碩士,碩士班,女,原住民族學生,其他,自請休學,0,1
111-1,原住民民族學院,民族發展與社會工作學系,民族事務與發展學系,碩士,碩士班,女,一般生(非原住民族),傷病,自請休學,1,1
111-1,原住民民族學院,民族發展與社會工作學系,民族事務與發展學系,碩士,碩士班,女,一般生(非原住民族),論文撰寫,自請休學,0,1
111-1,原住民民族學院,民族發展與社會工作學系,民族事務與發展學系,碩士,碩士班,女,一般生(非原住民族),家務或家人照顧,自請休學,0,1
111-1,原住民民族學院,民族發展與社會工作學系,民族事務與發展學系,碩士,碩士班,女,一般生(非原住民族),其他,自請休學,1,1
111-1,原住民民族學院,民族發展與社會工作學系,民族事務與發展學系,學士,學士班,男,原住民族學生,家務或家人照顧,自請休學,0,1
111-1,原住民民族學院,民族發展與社會工作學系,民族事務與發展學系,學士,學士班,女,原住民族學生,經濟困難,自請休學,1,1
111-1,原住民民族學院,民族發展與社會工作學系,民族事務與發展學系,學士,學士班,女,原住民族學生,育嬰,自請休學,1,2
111-1,原住民民族學院,民族發展與社會工作學系,民族事務與發展學系,學士,學士班,女,原住民族學生,其他,自請休學,0,1
111-1,原住民民族學院,民族發展與社會工作學系,民族事務與發展學系民族社會工作碩士在職專班,碩士,碩士在職專班,男,原住民族學生,傷病,自請休學,0,1
111-1,原住民民族學院,民族發展與社會工作學系,民族事務與發展學系民族社會工作碩士在職專班,碩士,碩士在職專班,男,原住民族學生,工作,自請休學,3,4
111-1,原住民民族學院,民族發展與社會工作學系,民族事務與發展學系民族社會工作碩士在職專班,碩士,碩士在職專班,男,原住民族學生,論文撰寫,自請休學,0,1
111-1,原住民民族學院,民族發展與社會工作學系,民族事務與發展學系民族社會工作碩士在職專班,碩士,碩士在職專班,男,一般生(非原住民族),工作,自請休學,1,3
111-1,原住民民族學院,民族發展與社會工作學系,民族事務與發展學系民族社會工作碩士在職專班,碩士,碩士在職專班,男,一般生(非原住民族),論文撰寫,自請休學,1,3
111-1,原住民民族學院,民族發展與社會工作學系,民族事務與發展學系民族社會工作碩士在職專班,碩士,碩士在職專班,女,原住民族學生,工作,自請休學,4,5
111-1,原住民民族學院,民族發展與社會工作學系,民族事務與發展學系民族社會工作碩士在職專班,碩士,碩士在職專班,女,原住民族學生,育嬰,自請休學,0,1
111-1,原住民民族學院,民族發展與社會工作學系,民族事務與發展學系民族社會工作碩士在職專班,碩士,碩士在職專班,女,原住民族學生,論文撰寫,自請休學,0,3
111-1,原住民民族學院,民族發展與社會工作學系,民族事務與發展學系民族社會工作碩士在職專班,碩士,碩士在職專班,女,原住民族學生,家務或家人照顧,自請休學,1,3
111-1,原住民民族學院,民族發展與社會工作學系,民族事務與發展學系民族社會工作碩士在職專班,碩士,碩士在職專班,女,一般生(非原住民族),傷病,自請休學,1,3
111-1,原住民民族學院,民族發展與社會工作學系,民族事務與發展學系民族社會工作碩士在職專班,碩士,碩士在職專班,女,一般生(非原住民族),工作,自請休學,1,3
111-1,原住民民族學院,民族發展與社會工作學系,民族事務與發展學系民族社會工作碩士在職專班,碩士,碩士在職專班,女,一般生(非原住民族),論文撰寫,自請休學,0,4
111-1,原住民民族學院,民族發展與社會工作學系,民族事務與發展學系民族社會工作碩士在職專班,碩士,碩士在職專班,女,一般生(非原住民族),家務或家人照顧,自請休學,2,3
111-1,原住民民族學院,民族發展與社會工作學系,民族事務與發展學系民族社會工作碩士在職專班,碩士,碩士在職專班,女,一般生(非原住民族),其他,自請休學,0,1
111-1,原住民民族學院,民族發展與社會工作學系,民族社會工作學士學位學程,學士,學士班,男,原住民族學生,其他,自請休學,0,1
111-1,原住民民族學院,民族發展與社會工作學系,民族社會工作學士學位學程,學士,學士班,男,一般生(非原住民族),學業成績不佳,自請休學,1,1
111-1,原住民民族學院,民族發展與社會工作學系,民族社會工作學士學位學程,學士,學士班,男,一般生(非原住民族),就學環境,自請休學,0,1
111-1,原住民民族學院,民族發展與社會工作學系,民族社會工作學士學位學程,學士,學士班,男,其他類學生,家務或家人照顧,自請休學,0,1
111-1,原住民民族學院,民族發展與社會工作學系,民族社會工作學士學位學程,學士,學士班,女,原住民族學生,育嬰,自請休學,0,1
111-1,原住民民族學院,民族發展與社會工作學系,民族社會工作學士學位學程,學士,學士班,女,原住民族學生,家務或家人照顧,自請休學,0,2
111-1,原住民民族學院,民族語言與傳播學系,民族語言與傳播學系,學士,學士班,男,原住民族學生,經濟困難,自請休學,0,1
111-1,原住民民族學院,民族語言與傳播學系,民族語言與傳播學系,學士,學士班,男,原住民族學生,學業成績不佳,自請休學,1,1
111-1,原住民民族學院,民族語言與傳播學系,民族語言與傳播學系,學士,學士班,男,一般生(非原住民族),工作,自請休學,0,1
111-1,原住民民族學院,民族語言與傳播學系,民族語言與傳播學系,學士,學士班,女,原住民族學生,經濟困難,自請休學,1,1
111-1,原住民民族學院,民族語言與傳播學系,民族語言與傳播學系,學士,學士班,女,原住民族學生,學業成績不佳,自請休學,1,1
111-1,原住民民族學院,民族語言與傳播學系,民族語言與傳播學系,學士,學士班,女,原住民族學生,就讀學校科系不符期待,自請休學,0,2
111-1,原住民民族學院,民族語言與傳播學系,民族語言與傳播學系,學士,學士班,女,原住民族學生,工作,自請休學,1,1
111-1,原住民民族學院,民族語言與傳播學系,民族語言與傳播學系,學士,學士班,女,原住民族學生,懷孕,自請休學,0,1
111-1,原住民民族學院,民族語言與傳播學系,民族語言與傳播學系,學士,學士班,女,原住民族學生,兵役,自請休學,1,1
111-1,原住民民族學院,民族語言與傳播學系,民族語言與傳播學系,學士,學士班,女,原住民族學生,家務或家人照顧,自請休學,2,2
111-1,原住民民族學院,民族語言與傳播學系,民族語言與傳播學系,學士,學士班,女,一般生(非原住民族),家務或家人照顧,自請休學,0,1
111-1,原住民民族學院,民族語言與傳播學系,民族語言與傳播學系,學士,學士班,女,一般生(非原住民族),其他,自請休學,0,1
111-1,原住民民族學院,原住民族樂舞與藝術學士學位學程,原住民族樂舞與藝術學士學位學程,學士,學士班,男,原住民族學生,家務或家人照顧,自請休學,0,1
111-1,原住民民族學院,原住民族樂舞與藝術學士學位學程,原住民族樂舞與藝術學士學位學程,學士,學士班,女,原住民族學生,就讀學校科系不符期待,自請休學,0,1
111-1,原住民民族學院,原住民族樂舞與藝術學士學位學程,原住民族樂舞與藝術學士學位學程,學士,學士班,女,原住民族學生,家務或家人照顧,自請休學,0,1
111-1,原住民民族學院,原住民族樂舞與藝術學士學位學程,原住民族樂舞與藝術學士學位學程,學士,學士班,女,一般生(非原住民族),傷病,自請休學,1,1
111-1,原住民民族學院,族群關係與文化學系,族群關係與文化學系,博士,博士班,男,原住民族學生,工作,自請休學,1,2
111-1,原住民民族學院,族群關係與文化學系,族群關係與文化學系,博士,博士班,男,原住民族學生,育嬰,自請休學,1,1
111-1,原住民民族學院,族群關係與文化學系,族群關係與文化學系,博士,博士班,男,一般生(非原住民族),工作,自請休學,0,1
111-1,原住民民族學院,族群關係與文化學系,族群關係與文化學系,博士,博士班,男,一般生(非原住民族),論文撰寫,自請休學,0,1
111-1,原住民民族學院,族群關係與文化學系,族群關係與文化學系,博士,博士班,女,原住民族學生,工作,自請休學,0,2
111-1,原住民民族學院,族群關係與文化學系,族群關係與文化學系,博士,博士班,女,原住民族學生,家務或家人照顧,自請休學,0,1
111-1,原住民民族學院,族群關係與文化學系,族群關係與文化學系,博士,博士班,女,一般生(非原住民族),論文撰寫,自請休學,0,1
111-1,原住民民族學院,族群關係與文化學系,族群關係與文化學系,博士,博士班,女,一般生(非原住民族),家務或家人照顧,自請休學,0,1
111-1,原住民民族學院,族群關係與文化學系,族群關係與文化學系,博士,博士班,女,一般生(非原住民族),考試訓練,自請休學,0,1
111-1,原住民民族學院,族群關係與文化學系,族群關係與文化學系,碩士,碩士在職專班,男,原住民族學生,工作,自請休學,0,1
111-1,原住民民族學院,族群關係與文化學系,族群關係與文化學系,碩士,碩士在職專班,男,原住民族學生,論文撰寫,自請休學,1,3
111-1,原住民民族學院,族群關係與文化學系,族群關係與文化學系,碩士,碩士在職專班,男,原住民族學生,家務或家人照顧,自請休學,0,1
111-1,原住民民族學院,族群關係與文化學系,族群關係與文化學系,碩士,碩士在職專班,男,一般生(非原住民族),工作,自請休學,0,1
111-1,原住民民族學院,族群關係與文化學系,族群關係與文化學系,碩士,碩士在職專班,男,一般生(非原住民族),育嬰,自請休學,0,1
111-1,原住民民族學院,族群關係與文化學系,族群關係與文化學系,碩士,碩士在職專班,男,一般生(非原住民族),論文撰寫,自請休學,1,1
111-1,原住民民族學院,族群關係與文化學系,族群關係與文化學系,碩士,碩士在職專班,男,一般生(非原住民族),其他,自請休學,1,1
111-1,原住民民族學院,族群關係與文化學系,族群關係與文化學系,碩士,碩士在職專班,女,原住民族學生,工作,自請休學,0,1
111-1,原住民民族學院,族群關係與文化學系,族群關係與文化學系,碩士,碩士在職專班,女,原住民族學生,論文撰寫,自請休學,1,1
111-1,原住民民族學院,族群關係與文化學系,族群關係與文化學系,碩士,碩士在職專班,女,一般生(非原住民族),育嬰,自請休學,0,1
111-1,原住民民族學院,族群關係與文化學系,族群關係與文化學系,碩士,碩士班,男,原住民族學生,工作,自請休學,1,1
111-1,原住民民族學院,族群關係與文化學系,族群關係與文化學系,碩士,碩士班,男,原住民族學生,論文撰寫,自請休學,1,3
111-1,原住民民族學院,族群關係與文化學系,族群關係與文化學系,碩士,碩士班,男,一般生(非原住民族),論文撰寫,自請休學,0,1
111-1,原住民民族學院,族群關係與文化學系,族群關係與文化學系,碩士,碩士班,女,原住民族學生,經濟困難,自請休學,0,1
111-1,原住民民族學院,族群關係與文化學系,族群關係與文化學系,碩士,碩士班,女,原住民族學生,工作,自請休學,1,2
111-1,原住民民族學院,族群關係與文化學系,族群關係與文化學系,碩士,碩士班,女,原住民族學生,論文撰寫,自請休學,2,4
111-1,原住民民族學院,族群關係與文化學系,族群關係與文化學系,碩士,碩士班,女,一般生(非原住民族),工作,自請休學,1,1
111-1,原住民民族學院,族群關係與文化學系,族群關係與文化學系,碩士,碩士班,女,其他類學生,懷孕,自請休學,0,1
111-1,原住民民族學院,族群關係與文化學系,族群關係與文化學系,學士,學士班,男,原住民族學生,工作,自請休學,1,1
111-1,原住民民族學院,族群關係與文化學系,族群關係與文化學系,學士,學士班,男,原住民族學生,家務或家人照顧,自請休學,0,3
111-1,原住民民族學院,族群關係與文化學系,族群關係與文化學系,學士,學士班,男,原住民族學生,其他,自請休學,0,1
111-1,原住民民族學院,族群關係與文化學系,族群關係與文化學系,學士,學士班,男,一般生(非原住民族),經濟困難,自請休學,1,1
111-1,原住民民族學院,族群關係與文化學系,族群關係與文化學系,學士,學士班,男,一般生(非原住民族),就學環境,自請休學,1,2
111-1,原住民民族學院,族群關係與文化學系,族群關係與文化學系,學士,學士班,女,原住民族學生,經濟困難,自請休學,1,1
111-1,原住民民族學院,族群關係與文化學系,族群關係與文化學系,學士,學士班,女,原住民族學生,學業成績不佳,自請休學,1,1
111-1,原住民民族學院,族群關係與文化學系,族群關係與文化學系,學士,學士班,女,原住民族學生,家務或家人照顧,自請休學,0,1
111-1,原住民民族學院,族群關係與文化學系,族群關係與文化學系,學士,學士班,女,原住民族學生,其他,自請休學,0,2
111-1,原住民民族學院,族群關係與文化學系,族群關係與文化學系,學士,學士班,女,一般生(非原住民族),傷病,自請休學,0,2
111-1,原住民民族學院,族群關係與文化學系,族群關係與文化學系,學士,學士班,女,一般生(非原住民族),工作,自請休學,0,1
111-1,原住民民族學院,族群關係與文化學系,族群關係與文化學系,學士,學士班,女,一般生(非原住民族),就學環境,自請休學,0,1
111-1,理工學院,化學系,化學系,博士,博士班,男,一般生(非原住民族),學業成績不佳,自請休學,0,1
111-1,理工學院,化學系,化學系,碩士,碩士班,男,一般生(非原住民族),學業成績不佳,自請休學,0,1
111-1,理工學院,化學系,化學系,學士,學士班,男,一般生(非原住民族),傷病,自請休學,1,1
111-1,理工學院,化學系,化學系,學士,學士班,男,一般生(非原住民族),就讀學校科系不符期待,自請休學,1,2
111-1,理工學院,化學系,化學系,學士,學士班,男,一般生(非原住民族),出國,自請休學,0,1
111-1,理工學院,化學系,化學系,學士,學士班,男,一般生(非原住民族),就學環境,自請休學,0,1
111-1,理工學院,化學系,化學系,學士,學士班,男,一般生(非原住民族),其他,自請休學,0,1
111-1,理工學院,生化暨分子醫學科學系,生命科學系,學士,學士班,男,一般生(非原住民族),其他,自請休學,1,3
111-1,理工學院,生化暨分子醫學科學系,生命科學系,學士,學士班,女,一般生(非原住民族),就讀學校科系不符期待,自請休學,2,2
111-1,理工學院,生化暨分子醫學科學系,生命科學系,學士,學士班,女,一般生(非原住民族),就學環境,自請休學,1,2
111-1,理工學院,生化暨分子醫學科學系,生命科學系,學士,學士班,女,一般生(非原住民族),考試訓練,自請休學,0,1
111-1,理工學院,生化暨分子醫學科學系,生命科學系,學士,學士班,女,一般生(非原住民族),其他,自請休學,1,1
111-1,理工學院,生化暨分子醫學科學系,生命科學系生物技術碩士班,碩士,碩士班,男,一般生(非原住民族),論文撰寫,自請休學,0,1
111-1,理工學院,光電工程學系,光電工程學系,碩士,碩士班,男,一般生(非原住民族),論文撰寫,自請休學,0,1
111-1,理工學院,光電工程學系,光電工程學系,碩士,碩士班,女,原住民族學生,工作,自請休學,1,1
111-1,理工學院,光電工程學系,光電工程學系,學士,學士班,男,一般生(非原住民族),學業成績不佳,自請休學,1,2
111-1,理工學院,光電工程學系,光電工程學系,學士,學士班,男,一般生(非原住民族),其他,自請休學,2,2
111-1,理工學院,材料科學與工程學系,材料科學與工程學系,博士,博士班,男,一般生(非原住民族),其他,自請休學,0,1
111-1,理工學院,材料科學與工程學系,材料科學與工程學系,博士,博士班,女,一般生(非原住民族),其他,自請休學,0,1
111-1,理工學院,材料科學與工程學系,材料科學與工程學系,碩士,碩士班,男,一般生(非原住民族),學業成績不佳,自請休學,0,1
111-1,理工學院,材料科學與工程學系,材料科學與工程學系,碩士,碩士班,男,一般生(非原住民族),就學環境,自請休學,1,1
111-1,理工學院,材料科學與工程學系,材料科學與工程學系,碩士,碩士班,男,一般生(非原住民族),家務或家人照顧,自請休學,1,1
111-1,理工學院,材料科學與工程學系,材料科學與工程學系,學士,學士班,男,一般生(非原住民族),傷病,自請休學,0,1
111-1,理工學院,材料科學與工程學系,材料科學與工程學系,學士,學士班,男,一般生(非原住民族),就讀學校科系不符期待,自請休學,0,1
111-1,理工學院,材料科學與工程學系,材料科學與工程學系,學士,學士班,男,一般生(非原住民族),家務或家人照顧,自請休學,0,2
111-1,理工學院,材料科學與工程學系,材料科學與工程學系,學士,學士班,男,一般生(非原住民族),其他,自請休學,0,3
111-1,理工學院,材料科學與工程學系,材料科學與工程學系,學士,學士班,女,一般生(非原住民族),傷病,自請休學,0,1
111-1,理工學院,材料科學與工程學系,材料科學與工程學系,學士,學士班,女,一般生(非原住民族),就讀學校科系不符期待,自請休學,0,1
111-1,理工學院,材料科學與工程學系,材料科學與工程學系,學士,學士班,女,一般生(非原住民族),工作,自請休學,1,1
111-1,理工學院,材料科學與工程學系,材料科學與工程學系,學士,學士班,女,一般生(非原住民族),考試訓練,自請休學,1,1
111-1,理工學院,物理學系,物理學系,學士,學士班,男,一般生(非原住民族),學業成績不佳,自請休學,0,1
111-1,理工學院,物理學系,物理學系,學士,學士班,男,一般生(非原住民族),出國,自請休學,0,1
111-1,理工學院,物理學系,物理學系,學士,學士班,男,一般生(非原住民族),就學環境,自請休學,1,1
111-1,理工學院,物理學系,物理學系,學士,學士班,男,一般生(非原住民族),家務或家人照顧,自請休學,1,1
111-1,理工學院,物理學系,物理學系,學士,學士班,男,一般生(非原住民族),其他,自請休學,1,3
111-1,理工學院,物理學系,物理學系,學士,學士班,男,其他類學生,家務或家人照顧,自請休學,1,1
111-1,理工學院,物理學系,物理學系應用物理博士班,博士,博士班,男,一般生(非原住民族),工作,自請休學,0,1
111-1,理工學院,物理學系,物理學系應用物理博士班,博士,博士班,男,一般生(非原住民族),兵役,自請休學,0,1
111-1,理工學院,物理學系,物理學系應用物理博士班,博士,博士班,男,一般生(非原住民族),論文撰寫,自請休學,0,1
111-1,理工學院,物理學系,物理學系應用物理碩士班,碩士,碩士班,男,一般生(非原住民族),傷病,自請休學,1,1
111-1,理工學院,物理學系,物理學系應用物理碩士班,碩士,碩士班,男,一般生(非原住民族),其他,自請休學,1,1
111-1,理工學院,物理學系,物理學系應用物理碩士班,碩士,碩士班,女,一般生(非原住民族),其他,自請休學,0,1
111-1,理工學院,資訊工程學系,資訊工程學系,博士,博士班,男,一般生(非原住民族),工作,自請休學,1,2
111-1,理工學院,資訊工程學系,資訊工程學系,碩士,碩士在職專班,男,一般生(非原住民族),工作,自請休學,2,3
111-1,理工學院,資訊工程學系,資訊工程學系,碩士,碩士在職專班,男,一般生(非原住民族),論文撰寫,自請休學,0,1
111-1,理工學院,資訊工程學系,資訊工程學系,碩士,碩士班,男,原住民族學生,學業成績不佳,自請休學,0,1
111-1,理工學院,資訊工程學系,資訊工程學系,碩士,碩士班,男,一般生(非原住民族),傷病,自請休學,0,1
111-1,理工學院,資訊工程學系,資訊工程學系,碩士,碩士班,男,一般生(非原住民族),經濟困難,自請休學,1,3
111-1,理工學院,資訊工程學系,資訊工程學系,碩士,碩士班,男,一般生(非原住民族),育嬰,自請休學,0,1
111-1,理工學院,資訊工程學系,資訊工程學系,碩士,碩士班,男,一般生(非原住民族),論文撰寫,自請休學,0,4
111-1,理工學院,資訊工程學系,資訊工程學系,碩士,碩士班,男,一般生(非原住民族),家務或家人照顧,自請休學,0,1
111-1,理工學院,資訊工程學系,資訊工程學系,碩士,碩士班,男,一般生(非原住民族),其他,自請休學,0,1
111-1,理工學院,資訊工程學系,資訊工程學系,碩士,碩士班,男,其他類學生,論文撰寫,自請休學,0,1
111-1,理工學院,資訊工程學系,資訊工程學系,碩士,碩士班,女,一般生(非原住民族),工作,自請休學,0,2
111-1,理工學院,資訊工程學系,資訊工程學系,碩士,碩士班,女,一般生(非原住民族),育嬰,自請休學,0,1
111-1,理工學院,資訊工程學系,資訊工程學系,碩士,碩士班,女,一般生(非原住民族),論文撰寫,自請休學,0,2
111-1,理工學院,資訊工程學系,資訊工程學系,碩士,碩士班,女,其他類學生,育嬰,自請休學,0,1
111-1,理工學院,資訊工程學系,資訊工程學系,碩士,碩士班,女,其他類學生,論文撰寫,自請休學,0,1
111-1,理工學院,資訊工程學系,資訊工程學系,學士,學士班,男,原住民族學生,學業成績不佳,自請休學,1,1
111-1,理工學院,資訊工程學系,資訊工程學系,學士,學士班,男,一般生(非原住民族),傷病,自請休學,0,1
111-1,理工學院,資訊工程學系,資訊工程學系,學士,學士班,男,一般生(非原住民族),學業成績不佳,自請休學,1,2
111-1,理工學院,資訊工程學系,資訊工程學系,學士,學士班,男,一般生(非原住民族),就讀學校科系不符期待,自請休學,1,2
111-1,理工學院,資訊工程學系,資訊工程學系,學士,學士班,男,一般生(非原住民族),工作,自請休學,0,1
111-1,理工學院,資訊工程學系,資訊工程學系,學士,學士班,男,一般生(非原住民族),其他,自請休學,1,3
111-1,理工學院,資訊工程學系,資訊工程學系,學士,學士班,男,其他類學生,家務或家人照顧,自請休學,1,1
111-1,理工學院,資訊工程學系,資訊工程學系,學士,學士班,女,一般生(非原住民族),傷病,自請休學,0,1
111-1,理工學院,資訊工程學系,資訊工程學系,學士,學士班,女,一般生(非原住民族),其他,自請休學,0,2
111-1,理工學院,資訊工程學系,資訊工程學系,學士,學士班,女,其他類學生,家務或家人照顧,自請休學,1,1
111-1,理工學院,電機工程學系,電機工程學系,博士,博士班,男,一般生(非原住民族),經濟困難,自請休學,0,1
111-1,理工學院,電機工程學系,電機工程學系,博士,博士班,男,一般生(非原住民族),工作,自請休學,0,1
111-1,理工學院,電機工程學系,電機工程學系,博士,博士班,男,一般生(非原住民族),兵役,自請休學,0,1
111-1,理工學院,電機工程學系,電機工程學系,博士,博士班,男,一般生(非原住民族),其他,自請休學,1,1
111-1,理工學院,電機工程學系,電機工程學系,碩士,碩士在職專班,男,一般生(非原住民族),工作,自請休學,0,1
111-1,理工學院,電機工程學系,電機工程學系,碩士,碩士班,男,一般生(非原住民族),經濟困難,自請休學,1,2
111-1,理工學院,電機工程學系,電機工程學系,碩士,碩士班,男,一般生(非原住民族),學業成績不佳,自請休學,0,1
111-1,理工學院,電機工程學系,電機工程學系,碩士,碩士班,男,一般生(非原住民族),家務或家人照顧,自請休學,2,2
111-1,理工學院,電機工程學系,電機工程學系,碩士,碩士班,男,一般生(非原住民族),其他,自請休學,0,1
111-1,理工學院,電機工程學系,電機工程學系,碩士,碩士班,女,一般生(非原住民族),工作,自請休學,0,1
111-1,理工學院,電機工程學系,電機工程學系,學士,學士班,男,原住民族學生,就讀學校科系不符期待,自請休學,0,1
111-1,理工學院,電機工程學系,電機工程學系,學士,學士班,男,一般生(非原住民族),經濟困難,自請休學,1,1
111-1,理工學院,電機工程學系,電機工程學系,學士,學士班,男,一般生(非原住民族),就讀學校科系不符期待,自請休學,0,1
111-1,理工學院,電機工程學系,電機工程學系,學士,學士班,男,一般生(非原住民族),工作,自請休學,1,1
111-1,理工學院,電機工程學系,電機工程學系,學士,學士班,男,一般生(非原住民族),家務或家人照顧,自請休學,0,1
111-1,理工學院,電機工程學系,電機工程學系,學士,學士班,男,一般生(非原住民族),其他,自請休學,0,2
111-1,理工學院,電機工程學系,電機工程學系,學士,學士班,女,一般生(非原住民族),經濟困難,自請休學,1,1
111-1,理工學院,應用數學系,應用數學系,博士,博士班,男,一般生(非原住民族),傷病,自請休學,0,1
111-1,理工學院,應用數學系,應用數學系,博士,博士班,男,一般生(非原住民族),論文撰寫,自請休學,0,1
111-1,理工學院,應用數學系,應用數學系,博士,博士班,男,一般生(非原住民族),家務或家人照顧,自請休學,0,1
111-1,理工學院,應用數學系,應用數學系,碩士,碩士班,男,一般生(非原住民族),兵役,自請休學,0,1
111-1,理工學院,應用數學系,應用數學系,碩士,碩士班,男,一般生(非原住民族),其他,自請休學,0,1
111-1,理工學院,應用數學系,應用數學系,碩士,碩士班,女,一般生(非原住民族),傷病,自請休學,0,1
111-1,理工學院,應用數學系,應用數學系,學士,學士班,男,一般生(非原住民族),傷病,自請休學,1,1
111-1,理工學院,應用數學系,應用數學系,學士,學士班,男,一般生(非原住民族),經濟困難,自請休學,1,1
111-1,理工學院,應用數學系,應用數學系,學士,學士班,男,一般生(非原住民族),學業成績不佳,自請休學,3,7
111-1,理工學院,應用數學系,應用數學系,學士,學士班,男,一般生(非原住民族),就讀學校科系不符期待,自請休學,1,1
111-1,理工學院,應用數學系,應用數學系,學士,學士班,男,一般生(非原住民族),工作,自請休學,1,2
111-1,理工學院,應用數學系,應用數學系,學士,學士班,男,一般生(非原住民族),就學環境,自請休學,0,1
111-1,理工學院,應用數學系,應用數學系,學士,學士班,男,一般生(非原住民族),考試訓練,自請休學,1,2
111-1,理工學院,應用數學系,應用數學系,學士,學士班,男,一般生(非原住民族),其他,自請休學,2,4
111-1,理工學院,應用數學系,應用數學系,學士,學士班,女,一般生(非原住民族),傷病,自請休學,0,1
111-1,理工學院,應用數學系,應用數學系,學士,學士班,女,一般生(非原住民族),就讀學校科系不符期待,自請休學,1,1
111-1,理工學院,應用數學系,應用數學系統計碩士班,碩士,碩士班,男,一般生(非原住民族),其他,自請休學,0,1
111-1,理工學院,應用數學系,應用數學系統計碩士班,碩士,碩士班,女,一般生(非原住民族),就讀學校科系不符期待,自請休學,0,1
111-1,管理學院,企業管理學系,企業管理學系,博士,博士班,男,一般生(非原住民族),傷病,自請休學,1,2
111-1,管理學院,企業管理學系,企業管理學系,博士,博士班,男,一般生(非原住民族),工作,自請休學,0,4
111-1,管理學院,企業管理學系,企業管理學系,博士,博士班,男,一般生(非原住民族),育嬰,自請休學,0,2
111-1,管理學院,企業管理學系,企業管理學系,博士,博士班,男,一般生(非原住民族),家務或家人照顧,自請休學,1,1
111-1,管理學院,企業管理學系,企業管理學系,博士,博士班,男,一般生(非原住民族),其他,自請休學,1,1
111-1,管理學院,企業管理學系,企業管理學系,博士,博士班,男,其他類學生,傷病,自請休學,0,1
111-1,管理學院,企業管理學系,企業管理學系,博士,博士班,男,其他類學生,經濟困難,自請休學,1,1
111-1,管理學院,企業管理學系,企業管理學系,博士,博士班,男,其他類學生,育嬰,自請休學,0,1
111-1,管理學院,企業管理學系,企業管理學系,博士,博士班,女,一般生(非原住民族),傷病,自請休學,0,2
111-1,管理學院,企業管理學系,企業管理學系,博士,博士班,女,一般生(非原住民族),工作,自請休學,0,3
111-1,管理學院,企業管理學系,企業管理學系,博士,博士班,女,一般生(非原住民族),育嬰,自請休學,0,1
111-1,管理學院,企業管理學系,企業管理學系,博士,博士班,女,一般生(非原住民族),論文撰寫,自請休學,1,2
111-1,管理學院,企業管理學系,企業管理學系,博士,博士班,女,一般生(非原住民族),就學環境,自請休學,1,1
111-1,管理學院,企業管理學系,企業管理學系,博士,博士班,女,一般生(非原住民族),家務或家人照顧,自請休學,1,2
111-1,管理學院,企業管理學系,企業管理學系,碩士,碩士在職專班,男,原住民族學生,工作,自請休學,1,1
111-1,管理學院,企業管理學系,企業管理學系,碩士,碩士在職專班,男,原住民族學生,家務或家人照顧,自請休學,0,1
111-1,管理學院,企業管理學系,企業管理學系,碩士,碩士在職專班,男,一般生(非原住民族),工作,自請休學,1,4
111-1,管理學院,企業管理學系,企業管理學系,碩士,碩士在職專班,男,一般生(非原住民族),育嬰,自請休學,0,1
111-1,管理學院,企業管理學系,企業管理學系,碩士,碩士在職專班,男,一般生(非原住民族),論文撰寫,自請休學,0,2
111-1,管理學院,企業管理學系,企業管理學系,碩士,碩士在職專班,男,一般生(非原住民族),家務或家人照顧,自請休學,0,1
111-1,管理學院,企業管理學系,企業管理學系,碩士,碩士在職專班,男,一般生(非原住民族),其他,自請休學,0,1
111-1,管理學院,企業管理學系,企業管理學系,碩士,碩士在職專班,女,一般生(非原住民族),論文撰寫,自請休學,0,2
111-1,管理學院,企業管理學系,企業管理學系,碩士,碩士在職專班,女,一般生(非原住民族),家務或家人照顧,自請休學,1,2
111-1,管理學院,企業管理學系,企業管理學系,碩士,碩士在職專班,女,一般生(非原住民族),其他,自請休學,1,2
111-1,管理學院,企業管理學系,企業管理學系,碩士,碩士班,男,一般生(非原住民族),工作,自請休學,0,1
111-1,管理學院,企業管理學系,企業管理學系,碩士,碩士班,男,一般生(非原住民族),家務或家人照顧,自請休學,0,2
111-1,管理學院,企業管理學系,企業管理學系,碩士,碩士班,女,原住民族學生,育嬰,自請休學,0,1
111-1,管理學院,企業管理學系,企業管理學系,碩士,碩士班,女,一般生(非原住民族),工作,自請休學,0,2
111-1,管理學院,企業管理學系,企業管理學系,碩士,碩士班,女,一般生(非原住民族),家務或家人照顧,自請休學,0,2
111-1,管理學院,企業管理學系,企業管理學系,碩士,碩士班,女,其他類學生,就讀學校科系不符期待,自請休學,1,1
111-1,管理學院,企業管理學系,企業管理學系,學士,學士班,男,一般生(非原住民族),傷病,自請休學,1,2
111-1,管理學院,企業管理學系,企業管理學系,學士,學士班,男,一般生(非原住民族),學業成績不佳,自請休學,0,1
111-1,管理學院,企業管理學系,企業管理學系,學士,學士班,女,一般生(非原住民族),傷病,自請休學,1,1
111-1,管理學院,企業管理學系,企業管理學系,學士,學士班,女,一般生(非原住民族),就讀學校科系不符期待,自請休學,0,1
111-1,管理學院,企業管理學系,企業管理學系,學士,學士班,女,一般生(非原住民族),出國,自請休學,1,1
111-1,管理學院,企業管理學系,企業管理學系,學士,學士班,女,一般生(非原住民族),考試訓練,自請休學,1,1
111-1,管理學院,企業管理學系,企業管理學系,學士,學士班,女,一般生(非原住民族),其他,自請休學,2,2
111-1,管理學院,財務金融學系,財務金融學系,碩士,碩士班,男,一般生(非原住民族),工作,自請休學,1,1
111-1,管理學院,財務金融學系,財務金融學系,碩士,碩士班,男,一般生(非原住民族),論文撰寫,自請休學,1,1
111-1,管理學院,財務金融學系,財務金融學系,碩士,碩士班,男,一般生(非原住民族),家務或家人照顧,自請休學,0,1
111-1,管理學院,財務金融學系,財務金融學系,碩士,碩士班,男,一般生(非原住民族),其他,自請休學,2,2
111-1,管理學院,財務金融學系,財務金融學系,碩士,碩士班,男,其他類學生,家務或家人照顧,自請休學,1,1
111-1,管理學院,財務金融學系,財務金融學系,碩士,碩士班,女,其他類學生,家務或家人照顧,自請休學,0,1
111-1,管理學院,財務金融學系,財務金融學系,學士,學士班,男,一般生(非原住民族),學業成績不佳,自請休學,1,2
111-1,管理學院,財務金融學系,財務金融學系,學士,學士班,男,一般生(非原住民族),工作,自請休學,1,1
111-1,管理學院,財務金融學系,財務金融學系,學士,學士班,男,一般生(非原住民族),家務或家人照顧,自請休學,0,2
111-1,管理學院,財務金融學系,財務金融學系,學士,學士班,男,一般生(非原住民族),其他,自請休學,1,1
111-1,管理學院,財務金融學系,財務金融學系,學士,學士班,女,其他類學生,傷病,自請休學,1,1
111-1,管理學院,國際企業學系,國際企業學系,碩士,碩士在職專班,男,一般生(非原住民族),工作,自請休學,3,4
111-1,管理學院,國際企業學系,國際企業學系,碩士,碩士在職專班,男,一般生(非原住民族),論文撰寫,自請休學,0,1
111-1,管理學院,國際企業學系,國際企業學系,碩士,碩士在職專班,女,一般生(非原住民族),工作,自請休學,0,3
111-1,管理學院,國際企業學系,國際企業學系,碩士,碩士在職專班,女,一般生(非原住民族),育嬰,自請休學,0,1
111-1,管理學院,國際企業學系,國際企業學系,碩士,碩士在職專班,女,一般生(非原住民族),出國,自請休學,0,1
111-1,管理學院,國際企業學系,國際企業學系,碩士,碩士在職專班,女,一般生(非原住民族),論文撰寫,自請休學,0,1
111-1,管理學院,國際企業學系,國際企業學系,碩士,碩士在職專班,女,一般生(非原住民族),其他,自請休學,0,1
111-1,管理學院,國際企業學系,國際企業學系,碩士,碩士班,男,其他類學生,學業成績不佳,自請休學,0,1
111-1,管理學院,國際企業學系,國際企業學系,碩士,碩士班,女,一般生(非原住民族),就讀學校科系不符期待,自請休學,0,1
111-1,管理學院,國際企業學系,國際企業學系,碩士,碩士班,女,一般生(非原住民族),工作,自請休學,0,1
111-1,管理學院,國際企業學系,國際企業學系,碩士,碩士班,女,一般生(非原住民族),懷孕,自請休學,0,1
111-1,管理學院,國際企業學系,國際企業學系,碩士,碩士班,女,一般生(非原住民族),考試訓練,自請休學,0,1
111-1,管理學院,國際企業學系,國際企業學系,碩士,碩士班,女,一般生(非原住民族),其他,自請休學,0,1
111-1,管理學院,國際企業學系,國際企業學系,學士,學士班,男,一般生(非原住民族),家務或家人照顧,自請休學,0,1
111-1,管理學院,國際企業學系,國際企業學系,學士,學士班,女,一般生(非原住民族),傷病,自請休學,0,1
111-1,管理學院,國際企業學系,國際企業學系,學士,學士班,女,一般生(非原住民族),其他,自請休學,1,2
111-1,管理學院,國際企業學系,國際企業學系經營管理碩士在職專班,碩士,碩士在職專班,男,原住民族學生,經濟困難,自請休學,0,1
111-1,管理學院,國際企業學系,國際企業學系經營管理碩士在職專班,碩士,碩士在職專班,男,原住民族學生,工作,自請休學,0,2
111-1,管理學院,國際企業學系,國際企業學系經營管理碩士在職專班,碩士,碩士在職專班,男,一般生(非原住民族),工作,自請休學,2,4
111-1,管理學院,國際企業學系,國際企業學系經營管理碩士在職專班,碩士,碩士在職專班,男,一般生(非原住民族),育嬰,自請休學,1,6
111-1,管理學院,國際企業學系,國際企業學系經營管理碩士在職專班,碩士,碩士在職專班,男,一般生(非原住民族),論文撰寫,自請休學,0,1
111-1,管理學院,國際企業學系,國際企業學系經營管理碩士在職專班,碩士,碩士在職專班,男,一般生(非原住民族),家務或家人照顧,自請休學,1,1
111-1,管理學院,國際企業學系,國際企業學系經營管理碩士在職專班,碩士,碩士在職專班,男,一般生(非原住民族),考試訓練,自請休學,0,2
111-1,管理學院,國際企業學系,國際企業學系經營管理碩士在職專班,碩士,碩士在職專班,女,一般生(非原住民族),懷孕,自請休學,0,1
111-1,管理學院,會計學系,會計學系,碩士,碩士班,男,一般生(非原住民族),家務或家人照顧,自請休學,1,1
111-1,管理學院,會計學系,會計學系,碩士,碩士班,男,一般生(非原住民族),其他,自請休學,0,1
111-1,管理學院,會計學系,會計學系,學士,學士班,男,一般生(非原住民族),學業成績不佳,自請休學,1,2
111-1,管理學院,會計學系,會計學系,學士,學士班,男,一般生(非原住民族),就讀學校科系不符期待,自請休學,0,1
111-1,管理學院,會計學系,會計學系,學士,學士班,男,一般生(非原住民族),考試訓練,自請休學,1,1
111-1,管理學院,會計學系,會計學系,學士,學士班,男,一般生(非原住民族),其他,自請休學,1,1
111-1,管理學院,會計學系,會計學系,學士,學士班,女,一般生(非原住民族),經濟困難,自請休學,1,1
111-1,管理學院,會計學系,會計學系,學士,學士班,女,一般生(非原住民族),學業成績不佳,自請休學,0,1
111-1,管理學院,會計學系,會計學系,學士,學士班,女,一般生(非原住民族),就讀學校科系不符期待,自請休學,2,3
111-1,管理學院,資訊管理學系,資訊管理學系,碩士,碩士班,男,一般生(非原住民族),經濟困難,自請休學,0,1
111-1,管理學院,資訊管理學系,資訊管理學系,碩士,碩士班,男,一般生(非原住民族),論文撰寫,自請休學,1,1
111-1,管理學院,資訊管理學系,資訊管理學系,學士,學士班,男,一般生(非原住民族),其他,自請休學,1,3
111-1,管理學院,資訊管理學系,資訊管理學系,學士,學士班,女,一般生(非原住民族),懷孕,自請休學,0,1
111-1,管理學院,資訊管理學系,資訊管理學系,學士,學士班,女,一般生(非原住民族),其他,自請休學,0,2
111-1,管理學院,運籌管理研究所,運籌管理研究所,碩士,碩士班,男,一般生(非原住民族),家務或家人照顧,自請休學,0,1
111-1,管理學院,運籌管理研究所,運籌管理研究所,碩士,碩士班,男,一般生(非原住民族),其他,自請休學,0,1
111-1,管理學院,管理學院高階經營管理碩士在職專班,管理學院高階經營管理碩士在職專班,碩士,碩士在職專班,男,一般生(非原住民族),傷病,自請休學,0,1
111-1,管理學院,管理學院高階經營管理碩士在職專班,管理學院高階經營管理碩士在職專班,碩士,碩士在職專班,男,一般生(非原住民族),工作,自請休學,2,5
111-1,管理學院,管理學院高階經營管理碩士在職專班,管理學院高階經營管理碩士在職專班,碩士,碩士在職專班,男,一般生(非原住民族),論文撰寫,自請休學,0,1
111-1,管理學院,管理學院高階經營管理碩士在職專班,管理學院高階經營管理碩士在職專班,碩士,碩士在職專班,女,一般生(非原住民族),工作,自請休學,3,4
111-1,管理學院,管理學院管理科學與財金國際學士學位學程,管理學院管理科學與財金國際學士學位學程,學士,學士班,女,一般生(非原住民族),出國,自請休學,1,1
111-1,管理學院,管理學院管理科學與財金國際學士學位學程,管理學院管理科學與財金國際學士學位學程,學士,學士班,女,一般生(非原住民族),其他,自請休學,1,1
111-1,管理學院,觀光暨休閒遊憩學系,觀光暨休閒遊憩學系,碩士,碩士班,男,一般生(非原住民族),工作,自請休學,0,1
111-1,管理學院,觀光暨休閒遊憩學系,觀光暨休閒遊憩學系,碩士,碩士班,男,一般生(非原住民族),兵役,自請休學,0,1
111-1,管理學院,觀光暨休閒遊憩學系,觀光暨休閒遊憩學系,碩士,碩士班,女,一般生(非原住民族),工作,自請休學,0,2
111-1,管理學院,觀光暨休閒遊憩學系,觀光暨休閒遊憩學系,碩士,碩士班,女,一般生(非原住民族),育嬰,自請休學,0,1
111-1,管理學院,觀光暨休閒遊憩學系,觀光暨休閒遊憩學系,碩士,碩士班,女,一般生(非原住民族),論文撰寫,自請休學,1,3
111-1,管理學院,觀光暨休閒遊憩學系,觀光暨休閒遊憩學系,碩士,碩士班,女,一般生(非原住民族),家務或家人照顧,自請休學,1,1
111-1,管理學院,觀光暨休閒遊憩學系,觀光暨休閒遊憩學系,碩士,碩士班,女,其他類學生,傷病,自請休學,0,1
111-1,管理學院,觀光暨休閒遊憩學系,觀光暨休閒遊憩學系,碩士,碩士班,女,其他類學生,家務或家人照顧,自請休學,1,1
111-1,管理學院,觀光暨休閒遊憩學系,觀光暨休閒遊憩學系,學士,學士班,男,原住民族學生,其他,自請休學,0,1
111-1,管理學院,觀光暨休閒遊憩學系,觀光暨休閒遊憩學系,學士,學士班,男,一般生(非原住民族),傷病,自請休學,1,3
111-1,管理學院,觀光暨休閒遊憩學系,觀光暨休閒遊憩學系,學士,學士班,男,一般生(非原住民族),就讀學校科系不符期待,自請休學,0,1
111-1,管理學院,觀光暨休閒遊憩學系,觀光暨休閒遊憩學系,學士,學士班,男,一般生(非原住民族),出國,自請休學,1,1
111-1,管理學院,觀光暨休閒遊憩學系,觀光暨休閒遊憩學系,學士,學士班,男,一般生(非原住民族),考試訓練,自請休學,0,1
111-1,管理學院,觀光暨休閒遊憩學系,觀光暨休閒遊憩學系,學士,學士班,男,一般生(非原住民族),其他,自請休學,1,2
111-1,管理學院,觀光暨休閒遊憩學系,觀光暨休閒遊憩學系,學士,學士班,女,原住民族學生,育嬰,自請休學,0,1
111-1,管理學院,觀光暨休閒遊憩學系,觀光暨休閒遊憩學系,學士,學士班,女,一般生(非原住民族),就讀學校科系不符期待,自請休學,0,1
111-1,管理學院,觀光暨休閒遊憩學系,觀光暨休閒遊憩學系,學士,學士班,女,一般生(非原住民族),考試訓練,自請休學,1,1
111-1,環境暨海洋學院,人文與環境碩士學位學程,人文與環境碩士學位學程,碩士,碩士班,女,其他類學生,家務或家人照顧,自請休學,0,1
111-1,環境暨海洋學院,自然資源與環境學系,自然資源與環境學系,博士,博士班,男,一般生(非原住民族),傷病,自請休學,0,1
111-1,環境暨海洋學院,自然資源與環境學系,自然資源與環境學系,博士,博士班,男,一般生(非原住民族),工作,自請休學,1,3
111-1,環境暨海洋學院,自然資源與環境學系,自然資源與環境學系,博士,博士班,男,一般生(非原住民族),育嬰,自請休學,1,1
111-1,環境暨海洋學院,自然資源與環境學系,自然資源與環境學系,博士,博士班,男,一般生(非原住民族),論文撰寫,自請休學,0,1
111-1,環境暨海洋學院,自然資源與環境學系,自然資源與環境學系,博士,博士班,男,其他類學生,工作,自請休學,1,1
111-1,環境暨海洋學院,自然資源與環境學系,自然資源與環境學系,博士,博士班,女,一般生(非原住民族),工作,自請休學,1,1
111-1,環境暨海洋學院,自然資源與環境學系,自然資源與環境學系,碩士,碩士班,男,原住民族學生,家務或家人照顧,自請休學,0,1
111-1,環境暨海洋學院,自然資源與環境學系,自然資源與環境學系,碩士,碩士班,男,一般生(非原住民族),經濟困難,自請休學,0,1
111-1,環境暨海洋學院,自然資源與環境學系,自然資源與環境學系,碩士,碩士班,男,一般生(非原住民族),就讀學校科系不符期待,自請休學,0,1
111-1,環境暨海洋學院,自然資源與環境學系,自然資源與環境學系,碩士,碩士班,男,一般生(非原住民族),論文撰寫,自請休學,0,4
111-1,環境暨海洋學院,自然資源與環境學系,自然資源與環境學系,碩士,碩士班,男,一般生(非原住民族),其他,自請休學,2,2
111-1,環境暨海洋學院,自然資源與環境學系,自然資源與環境學系,碩士,碩士班,女,一般生(非原住民族),工作,自請休學,1,2
111-1,環境暨海洋學院,自然資源與環境學系,自然資源與環境學系,碩士,碩士班,女,一般生(非原住民族),懷孕,自請休學,1,1
111-1,環境暨海洋學院,自然資源與環境學系,自然資源與環境學系,碩士,碩士班,女,一般生(非原住民族),家務或家人照顧,自請休學,0,2
111-1,環境暨海洋學院,自然資源與環境學系,自然資源與環境學系,學士,學士班,男,一般生(非原住民族),傷病,自請休學,0,1
111-1,環境暨海洋學院,自然資源與環境學系,自然資源與環境學系,學士,學士班,男,一般生(非原住民族),經濟困難,自請休學,1,1
111-1,環境暨海洋學院,自然資源與環境學系,自然資源與環境學系,學士,學士班,男,一般生(非原住民族),學業成績不佳,自請休學,0,1
111-1,環境暨海洋學院,自然資源與環境學系,自然資源與環境學系,學士,學士班,男,一般生(非原住民族),兵役,自請休學,2,2
111-1,環境暨海洋學院,自然資源與環境學系,自然資源與環境學系,學士,學士班,男,一般生(非原住民族),就學環境,自請休學,0,1
111-1,環境暨海洋學院,自然資源與環境學系,自然資源與環境學系,學士,學士班,男,一般生(非原住民族),考試訓練,自請休學,1,2
111-1,環境暨海洋學院,自然資源與環境學系,自然資源與環境學系,學士,學士班,男,一般生(非原住民族),其他,自請休學,0,1
111-1,環境暨海洋學院,自然資源與環境學系,自然資源與環境學系,學士,學士班,男,其他類學生,就學環境,自請休學,0,1
111-1,環境暨海洋學院,自然資源與環境學系,自然資源與環境學系,學士,學士班,女,一般生(非原住民族),傷病,自請休學,0,2
111-1,環境暨海洋學院,自然資源與環境學系,自然資源與環境學系,學士,學士班,女,一般生(非原住民族),出國,自請休學,0,1
111-1,環境暨海洋學院,海洋生物研究所,海洋生物研究所,博士,博士班,男,其他類學生,其他,自請休學,0,1
111-1,環境暨海洋學院,海洋生物研究所,海洋生物研究所,碩士,碩士班,男,一般生(非原住民族),工作,自請休學,0,1
111-1,環境暨海洋學院,海洋生物研究所,海洋生物研究所,碩士,碩士班,男,一般生(非原住民族),家務或家人照顧,自請休學,1,2
111-1,環境暨海洋學院,海洋生物研究所,海洋生物研究所,碩士,碩士班,男,一般生(非原住民族),其他,自請休學,0,1
111-1,藝術學院,音樂學系,音樂學系,碩士,碩士班,男,一般生(非原住民族),工作,自請休學,0,3
111-1,藝術學院,音樂學系,音樂學系,碩士,碩士班,男,一般生(非原住民族),兵役,自請休學,1,1
111-1,藝術學院,音樂學系,音樂學系,碩士,碩士班,男,一般生(非原住民族),就學環境,自請休學,0,1
111-1,藝術學院,音樂學系,音樂學系,碩士,碩士班,女,原住民族學生,工作,自請休學,0,1
111-1,藝術學院,音樂學系,音樂學系,碩士,碩士班,女,原住民族學生,懷孕,自請休學,0,1
111-1,藝術學院,音樂學系,音樂學系,碩士,碩士班,女,一般生(非原住民族),傷病,自請休學,1,1
111-1,藝術學院,音樂學系,音樂學系,碩士,碩士班,女,一般生(非原住民族),經濟困難,自請休學,1,1
111-1,藝術學院,音樂學系,音樂學系,碩士,碩士班,女,一般生(非原住民族),學業成績不佳,自請休學,0,1
111-1,藝術學院,音樂學系,音樂學系,碩士,碩士班,女,一般生(非原住民族),論文撰寫,自請休學,1,1
111-1,藝術學院,音樂學系,音樂學系,碩士,碩士班,女,一般生(非原住民族),其他,自請休學,0,1
111-1,藝術學院,音樂學系,音樂學系,學士,學士班,男,一般生(非原住民族),家務或家人照顧,自請休學,0,1
111-1,藝術學院,音樂學系,音樂學系,學士,學士班,女,一般生(非原住民族),出國,自請休學,0,2
111-1,藝術學院,音樂學系,音樂學系,學士,學士班,女,一般生(非原住民族),考試訓練,自請休學,0,1
111-1,藝術學院,藝術創意產業學系,藝術創意產業學系,碩士,碩士在職專班,男,一般生(非原住民族),工作,自請休學,0,2
111-1,藝術學院,藝術創意產業學系,藝術創意產業學系,碩士,碩士在職專班,男,一般生(非原住民族),論文撰寫,自請休學,1,1
111-1,藝術學院,藝術創意產業學系,藝術創意產業學系,碩士,碩士在職專班,女,原住民族學生,工作,自請休學,0,2
111-1,藝術學院,藝術創意產業學系,藝術創意產業學系,碩士,碩士在職專班,女,原住民族學生,懷孕,自請休學,0,1
111-1,藝術學院,藝術創意產業學系,藝術創意產業學系,碩士,碩士在職專班,女,原住民族學生,家務或家人照顧,自請休學,0,1
111-1,藝術學院,藝術創意產業學系,藝術創意產業學系,碩士,碩士在職專班,女,一般生(非原住民族),傷病,自請休學,0,1
111-1,藝術學院,藝術創意產業學系,藝術創意產業學系,碩士,碩士在職專班,女,一般生(非原住民族),工作,自請休學,2,2
111-1,藝術學院,藝術創意產業學系,藝術創意產業學系,碩士,碩士在職專班,女,一般生(非原住民族),育嬰,自請休學,0,1
111-1,藝術學院,藝術創意產業學系,藝術創意產業學系,碩士,碩士在職專班,女,一般生(非原住民族),家務或家人照顧,自請休學,0,1
111-1,藝術學院,藝術創意產業學系,藝術創意產業學系,碩士,碩士班,男,一般生(非原住民族),工作,自請休學,2,2
111-1,藝術學院,藝術創意產業學系,藝術創意產業學系,碩士,碩士班,男,一般生(非原住民族),論文撰寫,自請休學,0,4
111-1,藝術學院,藝術創意產業學系,藝術創意產業學系,碩士,碩士班,男,一般生(非原住民族),其他,自請休學,0,2
111-1,藝術學院,藝術創意產業學系,藝術創意產業學系,碩士,碩士班,女,原住民族學生,工作,自請休學,0,1
111-1,藝術學院,藝術創意產業學系,藝術創意產業學系,碩士,碩士班,女,原住民族學生,其他,自請休學,0,1
111-1,藝術學院,藝術創意產業學系,藝術創意產業學系,碩士,碩士班,女,一般生(非原住民族),傷病,自請休學,1,1
111-1,藝術學院,藝術創意產業學系,藝術創意產業學系,碩士,碩士班,女,一般生(非原住民族),工作,自請休學,2,6
111-1,藝術學院,藝術創意產業學系,藝術創意產業學系,碩士,碩士班,女,一般生(非原住民族),育嬰,自請休學,0,1
111-1,藝術學院,藝術創意產業學系,藝術創意產業學系,碩士,碩士班,女,一般生(非原住民族),論文撰寫,自請休學,3,5
111-1,藝術學院,藝術創意產業學系,藝術創意產業學系,碩士,碩士班,女,一般生(非原住民族),家務或家人照顧,自請休學,1,2
111-1,藝術學院,藝術創意產業學系,藝術創意產業學系,碩士,碩士班,女,一般生(非原住民族),其他,自請休學,0,2
111-1,藝術學院,藝術創意產業學系,藝術創意產業學系,碩士,碩士班,女,其他類學生,家務或家人照顧,自請休學,1,1
111-1,藝術學院,藝術創意產業學系,藝術創意產業學系,學士,學士班,男,一般生(非原住民族),兵役,自請休學,1,1
111-1,藝術學院,藝術創意產業學系,藝術創意產業學系,學士,學士班,男,其他類學生,就讀學校科系不符期待,自請休學,0,1
111-1,藝術學院,藝術創意產業學系,藝術創意產業學系,學士,學士班,女,原住民族學生,工作,自請休學,1,1
111-1,藝術學院,藝術創意產業學系,藝術創意產業學系,學士,學士班,女,一般生(非原住民族),傷病,自請休學,0,1
111-1,藝術學院,藝術創意產業學系,藝術創意產業學系,學士,學士班,女,一般生(非原住民族),其他,自請休學,1,2
111-1,藝術學院,藝術創意產業學系,藝術創意產業學系,學士,學士班,女,其他類學生,家務或家人照顧,自請休學,1,1
111-1,藝術學院,藝術與設計學系,藝術與設計學系,碩士,碩士班,男,一般生(非原住民族),經濟困難,自請休學,2,2
111-1,藝術學院,藝術與設計學系,藝術與設計學系,碩士,碩士班,男,一般生(非原住民族),工作,自請休學,1,2
111-1,藝術學院,藝術與設計學系,藝術與設計學系,碩士,碩士班,男,一般生(非原住民族),兵役,自請休學,0,1
111-1,藝術學院,藝術與設計學系,藝術與設計學系,碩士,碩士班,男,一般生(非原住民族),家務或家人照顧,自請休學,1,2
111-1,藝術學院,藝術與設計學系,藝術與設計學系,碩士,碩士班,男,一般生(非原住民族),其他,自請休學,1,1
111-1,藝術學院,藝術與設計學系,藝術與設計學系,碩士,碩士班,女,原住民族學生,工作,自請休學,1,2
111-1,藝術學院,藝術與設計學系,藝術與設計學系,碩士,碩士班,女,一般生(非原住民族),經濟困難,自請休學,0,1
111-1,藝術學院,藝術與設計學系,藝術與設計學系,碩士,碩士班,女,一般生(非原住民族),工作,自請休學,0,3
111-1,藝術學院,藝術與設計學系,藝術與設計學系,碩士,碩士班,女,一般生(非原住民族),育嬰,自請休學,0,1
111-1,藝術學院,藝術與設計學系,藝術與設計學系,碩士,碩士班,女,一般生(非原住民族),出國,自請休學,1,1
111-1,藝術學院,藝術與設計學系,藝術與設計學系,碩士,碩士班,女,一般生(非原住民族),論文撰寫,自請休學,1,2
111-1,藝術學院,藝術與設計學系,藝術與設計學系,碩士,碩士班,女,一般生(非原住民族),其他,自請休學,2,2
111-1,藝術學院,藝術與設計學系,藝術與設計學系,碩士,碩士班,女,其他類學生,經濟困難,自請休學,0,1
111-1,藝術學院,藝術與設計學系,藝術與設計學系,學士,學士班,男,一般生(非原住民族),經濟困難,自請休學,1,1
111-1,藝術學院,藝術與設計學系,藝術與設計學系,學士,學士班,男,一般生(非原住民族),兵役,自請休學,0,1
111-1,藝術學院,藝術與設計學系,藝術與設計學系,學士,學士班,男,一般生(非原住民族),家務或家人照顧,自請休學,0,1
111-1,藝術學院,藝術與設計學系,藝術與設計學系,學士,學士班,男,一般生(非原住民族),其他,自請休學,0,1
111-1,藝術學院,藝術與設計學系,藝術與設計學系,學士,學士班,男,其他類學生,傷病,自請休學,1,1
111-1,藝術學院,藝術與設計學系,藝術與設計學系,學士,學士班,女,一般生(非原住民族),傷病,自請休學,2,2
111-1,藝術學院,藝術與設計學系,藝術與設計學系,學士,學士班,女,一般生(非原住民族),工作,自請休學,0,1
111-1,藝術學院,藝術與設計學系,藝術與設計學系,學士,學士班,女,一般生(非原住民族),出國,自請休學,0,1
111-1,藝術學院,藝術與設計學系,藝術與設計學系,學士,學士班,女,一般生(非原住民族),其他,自請休學,3,3
111-1,藝術學院,藝術與設計學系,藝術與設計學系,學士,學士班,女,其他類學生,就學環境,自請休學,0,1
111-2,人文社會科學學院,中國語文學系,中國語文學系,博士,博士班,男,原住民族學生,工作,自請休學,1,1
111-2,人文社會科學學院,中國語文學系,中國語文學系,博士,博士班,男,一般生(非原住民族),工作,自請休學,1,4
111-2,人文社會科學學院,中國語文學系,中國語文學系,博士,博士班,男,一般生(非原住民族),論文撰寫,自請休學,0,1
111-2,人文社會科學學院,中國語文學系,中國語文學系,博士,博士班,男,一般生(非原住民族),家務或家人照顧,自請休學,0,2
111-2,人文社會科學學院,中國語文學系,中國語文學系,博士,博士班,女,一般生(非原住民族),傷病,自請休學,0,1
111-2,人文社會科學學院,中國語文學系,中國語文學系,博士,博士班,女,一般生(非原住民族),論文撰寫,自請休學,0,2
111-2,人文社會科學學院,中國語文學系,中國語文學系,博士,博士班,女,一般生(非原住民族),其他,自請休學,0,1
111-2,人文社會科學學院,中國語文學系,中國語文學系,碩士,碩士在職專班,女,原住民族學生,家務或家人照顧,自請休學,1,1
111-2,人文社會科學學院,中國語文學系,中國語文學系,碩士,碩士班,男,原住民族學生,育嬰,自請休學,0,1
111-2,人文社會科學學院,中國語文學系,中國語文學系,碩士,碩士班,男,一般生(非原住民族),工作,自請休學,0,1
111-2,人文社會科學學院,中國語文學系,中國語文學系,碩士,碩士班,男,一般生(非原住民族),論文撰寫,自請休學,1,3
111-2,人文社會科學學院,中國語文學系,中國語文學系,碩士,碩士班,女,一般生(非原住民族),傷病,自請休學,0,2
111-2,人文社會科學學院,中國語文學系,中國語文學系,碩士,碩士班,女,一般生(非原住民族),就讀學校科系不符期待,自請休學,1,1
111-2,人文社會科學學院,中國語文學系,中國語文學系,碩士,碩士班,女,一般生(非原住民族),工作,自請休學,0,2
111-2,人文社會科學學院,中國語文學系,中國語文學系,碩士,碩士班,女,一般生(非原住民族),出國,自請休學,0,1
111-2,人文社會科學學院,中國語文學系,中國語文學系,碩士,碩士班,女,一般生(非原住民族),論文撰寫,自請休學,0,5
111-2,人文社會科學學院,中國語文學系,中國語文學系,碩士,碩士班,女,一般生(非原住民族),其他,自請休學,0,1
111-2,人文社會科學學院,中國語文學系,中國語文學系,碩士,碩士班,女,其他類學生,論文撰寫,自請休學,0,1
111-2,人文社會科學學院,中國語文學系,中國語文學系,學士,學士班,男,一般生(非原住民族),經濟困難,自請休學,0,2
111-2,人文社會科學學院,中國語文學系,中國語文學系,學士,學士班,男,一般生(非原住民族),學業成績不佳,自請休學,0,1
111-2,人文社會科學學院,中國語文學系,中國語文學系,學士,學士班,男,一般生(非原住民族),就讀學校科系不符期待,自請休學,1,3
111-2,人文社會科學學院,中國語文學系,中國語文學系,學士,學士班,男,一般生(非原住民族),家務或家人照顧,自請休學,0,1
111-2,人文社會科學學院,中國語文學系,中國語文學系,學士,學士班,女,一般生(非原住民族),傷病,自請休學,0,1
111-2,人文社會科學學院,中國語文學系,中國語文學系,學士,學士班,女,一般生(非原住民族),就讀學校科系不符期待,自請休學,0,1
111-2,人文社會科學學院,中國語文學系,中國語文學系,學士,學士班,女,一般生(非原住民族),出國,自請休學,0,1
111-2,人文社會科學學院,中國語文學系,中國語文學系,學士,學士班,女,一般生(非原住民族),家務或家人照顧,自請休學,0,1
111-2,人文社會科學學院,中國語文學系,中國語文學系,學士,學士班,女,其他類學生,經濟困難,自請休學,1,1
111-2,人文社會科學學院,公共行政學系,公共行政學系,碩士,碩士在職專班,男,原住民族學生,論文撰寫,自請休學,0,1
111-2,人文社會科學學院,公共行政學系,公共行政學系,碩士,碩士在職專班,男,一般生(非原住民族),工作,自請休學,0,1
111-2,人文社會科學學院,公共行政學系,公共行政學系,碩士,碩士在職專班,男,一般生(非原住民族),育嬰,自請休學,0,1
111-2,人文社會科學學院,公共行政學系,公共行政學系,碩士,碩士在職專班,男,一般生(非原住民族),出國,自請休學,1,1
111-2,人文社會科學學院,公共行政學系,公共行政學系,碩士,碩士在職專班,男,一般生(非原住民族),論文撰寫,自請休學,0,3
111-2,人文社會科學學院,公共行政學系,公共行政學系,碩士,碩士在職專班,男,一般生(非原住民族),家務或家人照顧,自請休學,0,2
111-2,人文社會科學學院,公共行政學系,公共行政學系,碩士,碩士在職專班,女,一般生(非原住民族),就讀學校科系不符期待,自請休學,0,1
111-2,人文社會科學學院,公共行政學系,公共行政學系,碩士,碩士在職專班,女,一般生(非原住民族),論文撰寫,自請休學,1,1
111-2,人文社會科學學院,公共行政學系,公共行政學系,碩士,碩士班,男,一般生(非原住民族),工作,自請休學,1,2
111-2,人文社會科學學院,公共行政學系,公共行政學系,碩士,碩士班,男,一般生(非原住民族),論文撰寫,自請休學,1,2
111-2,人文社會科學學院,公共行政學系,公共行政學系,碩士,碩士班,女,一般生(非原住民族),工作,自請休學,0,1
111-2,人文社會科學學院,公共行政學系,公共行政學系,碩士,碩士班,女,一般生(非原住民族),育嬰,自請休學,0,1
111-2,人文社會科學學院,公共行政學系,公共行政學系,碩士,碩士班,女,一般生(非原住民族),考試訓練,自請休學,1,1
111-2,人文社會科學學院,公共行政學系,公共行政學系,學士,學士班,男,一般生(非原住民族),傷病,自請休學,0,1
111-2,人文社會科學學院,公共行政學系,公共行政學系,學士,學士班,女,一般生(非原住民族),就讀學校科系不符期待,自請休學,0,1
111-2,人文社會科學學院,公共行政學系,公共行政學系,學士,學士班,女,其他類學生,出國,自請休學,0,1
111-2,人文社會科學學院,法律學系,法律學士學位學程,學士,學士班,女,一般生(非原住民族),傷病,自請休學,0,1
111-2,人文社會科學學院,法律學系,法律學士學位學程原住民專班,學士,學士班,女,原住民族學生,家務或家人照顧,自請休學,0,1
111-2,人文社會科學學院,法律學系,法律學系,碩士,碩士班,男,一般生(非原住民族),傷病,自請休學,0,1
111-2,人文社會科學學院,法律學系,法律學系,碩士,碩士班,男,一般生(非原住民族),就讀學校科系不符期待,自請休學,0,1
111-2,人文社會科學學院,法律學系,法律學系,碩士,碩士班,男,一般生(非原住民族),工作,自請休學,2,7
111-2,人文社會科學學院,法律學系,法律學系,碩士,碩士班,男,一般生(非原住民族),論文撰寫,自請休學,2,4
111-2,人文社會科學學院,法律學系,法律學系,碩士,碩士班,男,一般生(非原住民族),家務或家人照顧,自請休學,0,2
111-2,人文社會科學學院,法律學系,法律學系,碩士,碩士班,男,一般生(非原住民族),考試訓練,自請休學,1,1
111-2,人文社會科學學院,法律學系,法律學系,碩士,碩士班,男,一般生(非原住民族),其他,自請休學,1,1
111-2,人文社會科學學院,法律學系,法律學系,碩士,碩士班,女,原住民族學生,育嬰,自請休學,0,1
111-2,人文社會科學學院,法律學系,法律學系,碩士,碩士班,女,原住民族學生,論文撰寫,自請休學,0,1
111-2,人文社會科學學院,法律學系,法律學系,碩士,碩士班,女,一般生(非原住民族),就讀學校科系不符期待,自請休學,0,1
111-2,人文社會科學學院,法律學系,法律學系,碩士,碩士班,女,一般生(非原住民族),工作,自請休學,0,1
111-2,人文社會科學學院,法律學系,法律學系,碩士,碩士班,女,一般生(非原住民族),育嬰,自請休學,0,1
111-2,人文社會科學學院,法律學系,法律學系,碩士,碩士班,女,一般生(非原住民族),論文撰寫,自請休學,0,3
111-2,人文社會科學學院,法律學系,法律學系,碩士,碩士班,女,一般生(非原住民族),家務或家人照顧,自請休學,1,4
111-2,人文社會科學學院,法律學系,法律學系,學士,學士班,男,一般生(非原住民族),傷病,自請休學,0,1
111-2,人文社會科學學院,法律學系,法律學系,學士,學士班,男,一般生(非原住民族),就讀學校科系不符期待,自請休學,0,1
111-2,人文社會科學學院,法律學系,法律學系,學士,學士班,男,一般生(非原住民族),出國,自請休學,0,1
111-2,人文社會科學學院,法律學系,法律學系,學士,學士班,男,一般生(非原住民族),考試訓練,自請休學,0,1
111-2,人文社會科學學院,法律學系,法律學系,學士,學士班,女,原住民族學生,家務或家人照顧,自請休學,1,1
111-2,人文社會科學學院,法律學系,法律學系,學士,學士班,女,一般生(非原住民族),傷病,自請休學,1,1
111-2,人文社會科學學院,法律學系,法律學系,學士,學士班,女,一般生(非原住民族),就讀學校科系不符期待,自請休學,0,1
111-2,人文社會科學學院,法律學系,法律學系,學士,學士班,女,一般生(非原住民族),出國,自請休學,0,1
111-2,人文社會科學學院,法律學系,法律學系,學士,學士班,女,一般生(非原住民族),家務或家人照顧,自請休學,0,1
111-2,人文社會科學學院,法律學系,法律學系原住民專班,學士,學士班,男,原住民族學生,家務或家人照顧,自請休學,1,1
111-2,人文社會科學學院,法律學系,法律學系原住民專班,學士,學士班,女,原住民族學生,學業成績不佳,自請休學,0,1
111-2,人文社會科學學院,法律學系,法律學系原住民專班,學士,學士班,女,原住民族學生,就學環境,自請休學,0,1
111-2,人文社會科學學院,社會學系,社會學系,碩士,碩士班,男,原住民族學生,工作,自請休學,0,2
111-2,人文社會科學學院,社會學系,社會學系,碩士,碩士班,男,一般生(非原住民族),工作,自請休學,0,2
111-2,人文社會科學學院,社會學系,社會學系,碩士,碩士班,男,一般生(非原住民族),論文撰寫,自請休學,1,2
111-2,人文社會科學學院,社會學系,社會學系,碩士,碩士班,男,一般生(非原住民族),家務或家人照顧,自請休學,1,1
111-2,人文社會科學學院,社會學系,社會學系,碩士,碩士班,男,其他類學生,論文撰寫,自請休學,1,1
111-2,人文社會科學學院,社會學系,社會學系,碩士,碩士班,女,一般生(非原住民族),傷病,自請休學,0,1
111-2,人文社會科學學院,社會學系,社會學系,碩士,碩士班,女,一般生(非原住民族),就讀學校科系不符期待,自請休學,1,1
111-2,人文社會科學學院,社會學系,社會學系,碩士,碩士班,女,一般生(非原住民族),工作,自請休學,0,3
111-2,人文社會科學學院,社會學系,社會學系,碩士,碩士班,女,一般生(非原住民族),懷孕,自請休學,1,1
111-2,人文社會科學學院,社會學系,社會學系,碩士,碩士班,女,一般生(非原住民族),育嬰,自請休學,1,2
111-2,人文社會科學學院,社會學系,社會學系,碩士,碩士班,女,一般生(非原住民族),論文撰寫,自請休學,1,2
111-2,人文社會科學學院,社會學系,社會學系,學士,學士班,男,一般生(非原住民族),就讀學校科系不符期待,自請休學,0,3
111-2,人文社會科學學院,社會學系,社會學系,學士,學士班,男,一般生(非原住民族),考試訓練,自請休學,0,1
111-2,人文社會科學學院,社會學系,社會學系,學士,學士班,女,一般生(非原住民族),就讀學校科系不符期待,自請休學,0,3
111-2,人文社會科學學院,英美語文學系,英美語文學系,碩士,碩士班,男,一般生(非原住民族),就讀學校科系不符期待,自請休學,0,2
111-2,人文社會科學學院,英美語文學系,英美語文學系,碩士,碩士班,男,一般生(非原住民族),論文撰寫,自請休學,1,1
111-2,人文社會科學學院,英美語文學系,英美語文學系,碩士,碩士班,男,一般生(非原住民族),家務或家人照顧,自請休學,0,2
111-2,人文社會科學學院,英美語文學系,英美語文學系,碩士,碩士班,男,其他類學生,就讀學校科系不符期待,自請休學,0,1
111-2,人文社會科學學院,英美語文學系,英美語文學系,碩士,碩士班,女,原住民族學生,家務或家人照顧,自請休學,1,1
111-2,人文社會科學學院,英美語文學系,英美語文學系,碩士,碩士班,女,一般生(非原住民族),傷病,自請休學,0,3
111-2,人文社會科學學院,英美語文學系,英美語文學系,碩士,碩士班,女,一般生(非原住民族),就讀學校科系不符期待,自請休學,0,1
111-2,人文社會科學學院,英美語文學系,英美語文學系,碩士,碩士班,女,一般生(非原住民族),工作,自請休學,0,6
111-2,人文社會科學學院,英美語文學系,英美語文學系,碩士,碩士班,女,一般生(非原住民族),育嬰,自請休學,0,3
111-2,人文社會科學學院,英美語文學系,英美語文學系,碩士,碩士班,女,一般生(非原住民族),論文撰寫,自請休學,2,4
111-2,人文社會科學學院,英美語文學系,英美語文學系,學士,學士班,男,一般生(非原住民族),學業成績不佳,自請休學,1,2
111-2,人文社會科學學院,英美語文學系,英美語文學系,學士,學士班,男,一般生(非原住民族),工作,自請休學,1,2
111-2,人文社會科學學院,英美語文學系,英美語文學系,學士,學士班,女,原住民族學生,家務或家人照顧,自請休學,1,1
111-2,人文社會科學學院,英美語文學系,英美語文學系,學士,學士班,女,一般生(非原住民族),傷病,自請休學,0,2
111-2,人文社會科學學院,英美語文學系,英美語文學系,學士,學士班,女,一般生(非原住民族),經濟困難,自請休學,1,1
111-2,人文社會科學學院,英美語文學系,英美語文學系,學士,學士班,女,一般生(非原住民族),就讀學校科系不符期待,自請休學,1,3
111-2,人文社會科學學院,英美語文學系,英美語文學系,學士,學士班,女,一般生(非原住民族),懷孕,自請休學,0,1
111-2,人文社會科學學院,英美語文學系,英美語文學系,學士,學士班,女,一般生(非原住民族),出國,自請休學,0,1
111-2,人文社會科學學院,華文文學系,華文文學系,碩士,碩士班,男,一般生(非原住民族),經濟困難,自請休學,0,2
111-2,人文社會科學學院,華文文學系,華文文學系,碩士,碩士班,男,一般生(非原住民族),工作,自請休學,2,3
111-2,人文社會科學學院,華文文學系,華文文學系,碩士,碩士班,男,一般生(非原住民族),論文撰寫,自請休學,1,1
111-2,人文社會科學學院,華文文學系,華文文學系,碩士,碩士班,男,其他類學生,育嬰,自請休學,0,1
111-2,人文社會科學學院,華文文學系,華文文學系,碩士,碩士班,女,一般生(非原住民族),傷病,自請休學,0,2
111-2,人文社會科學學院,華文文學系,華文文學系,碩士,碩士班,女,一般生(非原住民族),經濟困難,自請休學,0,1
111-2,人文社會科學學院,華文文學系,華文文學系,碩士,碩士班,女,一般生(非原住民族),就讀學校科系不符期待,自請休學,1,1
111-2,人文社會科學學院,華文文學系,華文文學系,碩士,碩士班,女,一般生(非原住民族),工作,自請休學,0,2
111-2,人文社會科學學院,華文文學系,華文文學系,碩士,碩士班,女,一般生(非原住民族),論文撰寫,自請休學,3,4
111-2,人文社會科學學院,華文文學系,華文文學系,碩士,碩士班,女,一般生(非原住民族),家務或家人照顧,自請休學,0,1
111-2,人文社會科學學院,華文文學系,華文文學系,學士,學士班,男,一般生(非原住民族),傷病,自請休學,1,1
111-2,人文社會科學學院,華文文學系,華文文學系,學士,學士班,男,一般生(非原住民族),就讀學校科系不符期待,自請休學,1,1
111-2,人文社會科學學院,華文文學系,華文文學系,學士,學士班,男,一般生(非原住民族),家務或家人照顧,自請休學,0,2
111-2,人文社會科學學院,華文文學系,華文文學系,學士,學士班,女,一般生(非原住民族),經濟困難,自請休學,0,1
111-2,人文社會科學學院,華文文學系,華文文學系,學士,學士班,女,一般生(非原住民族),學業成績不佳,自請休學,0,1
111-2,人文社會科學學院,華文文學系,華文文學系,學士,學士班,女,一般生(非原住民族),就讀學校科系不符期待,自請休學,4,6
111-2,人文社會科學學院,華文文學系,華文文學系,學士,學士班,女,一般生(非原住民族),就學環境,自請休學,0,1
111-2,人文社會科學學院,華文文學系,華文文學系,學士,學士班,女,一般生(非原住民族),家務或家人照顧,自請休學,0,1
111-2,人文社會科學學院,華文文學系,華文文學系,學士,學士班,女,一般生(非原住民族),考試訓練,自請休學,1,1
111-2,人文社會科學學院,經濟學系,經濟學系,博士,博士班,女,一般生(非原住民族),工作,自請休學,0,1
111-2,人文社會科學學院,經濟學系,經濟學系,博士,博士班,女,其他類學生,傷病,自請休學,0,1
111-2,人文社會科學學院,經濟學系,經濟學系,碩士,碩士班,男,一般生(非原住民族),傷病,自請休學,0,1
111-2,人文社會科學學院,經濟學系,經濟學系,碩士,碩士班,男,一般生(非原住民族),就讀學校科系不符期待,自請休學,0,1
111-2,人文社會科學學院,經濟學系,經濟學系,碩士,碩士班,男,一般生(非原住民族),工作,自請休學,0,2
111-2,人文社會科學學院,經濟學系,經濟學系,碩士,碩士班,女,一般生(非原住民族),傷病,自請休學,0,1
111-2,人文社會科學學院,經濟學系,經濟學系,碩士,碩士班,女,一般生(非原住民族),工作,自請休學,0,1
111-2,人文社會科學學院,經濟學系,經濟學系,學士,學士班,男,一般生(非原住民族),學業成績不佳,自請休學,3,3
111-2,人文社會科學學院,經濟學系,經濟學系,學士,學士班,男,一般生(非原住民族),就讀學校科系不符期待,自請休學,2,4
111-2,人文社會科學學院,經濟學系,經濟學系,學士,學士班,男,一般生(非原住民族),工作,自請休學,0,1
111-2,人文社會科學學院,經濟學系,經濟學系,學士,學士班,女,一般生(非原住民族),就讀學校科系不符期待,自請休學,0,1
111-2,人文社會科學學院,臺灣文化學系,臺灣文化學系,碩士,碩士在職專班,男,一般生(非原住民族),經濟困難,自請休學,1,1
111-2,人文社會科學學院,臺灣文化學系,臺灣文化學系,碩士,碩士在職專班,男,一般生(非原住民族),論文撰寫,自請休學,0,1
111-2,人文社會科學學院,臺灣文化學系,臺灣文化學系,碩士,碩士班,男,一般生(非原住民族),傷病,自請休學,1,1
111-2,人文社會科學學院,臺灣文化學系,臺灣文化學系,碩士,碩士班,男,一般生(非原住民族),工作,自請休學,1,3
111-2,人文社會科學學院,臺灣文化學系,臺灣文化學系,碩士,碩士班,男,一般生(非原住民族),論文撰寫,自請休學,0,1
111-2,人文社會科學學院,臺灣文化學系,臺灣文化學系,碩士,碩士班,男,一般生(非原住民族),家務或家人照顧,自請休學,1,1
111-2,人文社會科學學院,臺灣文化學系,臺灣文化學系,碩士,碩士班,女,一般生(非原住民族),傷病,自請休學,1,1
111-2,人文社會科學學院,臺灣文化學系,臺灣文化學系,碩士,碩士班,女,一般生(非原住民族),經濟困難,自請休學,1,1
111-2,人文社會科學學院,臺灣文化學系,臺灣文化學系,碩士,碩士班,女,一般生(非原住民族),就讀學校科系不符期待,自請休學,0,1
111-2,人文社會科學學院,臺灣文化學系,臺灣文化學系,碩士,碩士班,女,一般生(非原住民族),工作,自請休學,0,5
111-2,人文社會科學學院,臺灣文化學系,臺灣文化學系,碩士,碩士班,女,一般生(非原住民族),論文撰寫,自請休學,1,2
111-2,人文社會科學學院,臺灣文化學系,臺灣文化學系,碩士,碩士班,女,一般生(非原住民族),家務或家人照顧,自請休學,0,2
111-2,人文社會科學學院,臺灣文化學系,臺灣文化學系,碩士,碩士班,女,其他類學生,育嬰,自請休學,0,1
111-2,人文社會科學學院,臺灣文化學系,臺灣文化學系,學士,學士班,男,原住民族學生,就讀學校科系不符期待,自請休學,0,1
111-2,人文社會科學學院,臺灣文化學系,臺灣文化學系,學士,學士班,男,一般生(非原住民族),傷病,自請休學,2,2
111-2,人文社會科學學院,臺灣文化學系,臺灣文化學系,學士,學士班,男,一般生(非原住民族),就讀學校科系不符期待,自請休學,2,6
111-2,人文社會科學學院,臺灣文化學系,臺灣文化學系,學士,學士班,男,一般生(非原住民族),家務或家人照顧,自請休學,1,2
111-2,人文社會科學學院,臺灣文化學系,臺灣文化學系,學士,學士班,女,一般生(非原住民族),就讀學校科系不符期待,自請休學,0,2
111-2,人文社會科學學院,臺灣文化學系,臺灣文化學系,學士,學士班,女,一般生(非原住民族),工作,自請休學,0,1
111-2,人文社會科學學院,臺灣文化學系,臺灣文化學系,學士,學士班,女,一般生(非原住民族),就學環境,自請休學,1,1
111-2,人文社會科學學院,臺灣文化學系,臺灣文化學系,學士,學士班,女,一般生(非原住民族),家務或家人照顧,自請休學,1,1
111-2,人文社會科學學院,歷史學系,歷史學系,碩士,碩士班,男,原住民族學生,工作,自請休學,0,1
111-2,人文社會科學學院,歷史學系,歷史學系,碩士,碩士班,男,一般生(非原住民族),出國,自請休學,0,1
111-2,人文社會科學學院,歷史學系,歷史學系,碩士,碩士班,男,一般生(非原住民族),論文撰寫,自請休學,2,3
111-2,人文社會科學學院,歷史學系,歷史學系,碩士,碩士班,男,一般生(非原住民族),考試訓練,自請休學,0,1
111-2,人文社會科學學院,歷史學系,歷史學系,碩士,碩士班,女,一般生(非原住民族),工作,自請休學,1,1
111-2,人文社會科學學院,歷史學系,歷史學系,學士,學士班,男,原住民族學生,考試訓練,自請休學,0,1
111-2,人文社會科學學院,歷史學系,歷史學系,學士,學士班,男,一般生(非原住民族),學業成績不佳,自請休學,0,1
111-2,人文社會科學學院,歷史學系,歷史學系,學士,學士班,男,一般生(非原住民族),就讀學校科系不符期待,自請休學,1,3
111-2,人文社會科學學院,歷史學系,歷史學系,學士,學士班,女,原住民族學生,學業成績不佳,自請休學,1,1
111-2,人文社會科學學院,歷史學系,歷史學系,學士,學士班,女,一般生(非原住民族),傷病,自請休學,0,1
111-2,人文社會科學學院,歷史學系,歷史學系,學士,學士班,女,一般生(非原住民族),學業成績不佳,自請休學,1,1
111-2,人文社會科學學院,歷史學系,歷史學系,學士,學士班,女,一般生(非原住民族),就讀學校科系不符期待,自請休學,1,2
111-2,人文社會科學學院,諮商與臨床心理學系,諮商與臨床心理學系,碩士,碩士班,男,一般生(非原住民族),就讀學校科系不符期待,自請休學,0,1
111-2,人文社會科學學院,諮商與臨床心理學系,諮商與臨床心理學系,碩士,碩士班,男,一般生(非原住民族),育嬰,自請休學,0,1
111-2,人文社會科學學院,諮商與臨床心理學系,諮商與臨床心理學系,碩士,碩士班,男,一般生(非原住民族),論文撰寫,自請休學,2,9
111-2,人文社會科學學院,諮商與臨床心理學系,諮商與臨床心理學系,碩士,碩士班,男,一般生(非原住民族),就學環境,自請休學,0,1
111-2,人文社會科學學院,諮商與臨床心理學系,諮商與臨床心理學系,碩士,碩士班,男,一般生(非原住民族),考試訓練,自請休學,0,1
111-2,人文社會科學學院,諮商與臨床心理學系,諮商與臨床心理學系,碩士,碩士班,男,其他類學生,論文撰寫,自請休學,1,1
111-2,人文社會科學學院,諮商與臨床心理學系,諮商與臨床心理學系,碩士,碩士班,女,原住民族學生,論文撰寫,自請休學,1,2
111-2,人文社會科學學院,諮商與臨床心理學系,諮商與臨床心理學系,碩士,碩士班,女,一般生(非原住民族),傷病,自請休學,0,2
111-2,人文社會科學學院,諮商與臨床心理學系,諮商與臨床心理學系,碩士,碩士班,女,一般生(非原住民族),就讀學校科系不符期待,自請休學,0,1
111-2,人文社會科學學院,諮商與臨床心理學系,諮商與臨床心理學系,碩士,碩士班,女,一般生(非原住民族),工作,自請休學,0,1
111-2,人文社會科學學院,諮商與臨床心理學系,諮商與臨床心理學系,碩士,碩士班,女,一般生(非原住民族),論文撰寫,自請休學,6,11
111-2,人文社會科學學院,諮商與臨床心理學系,諮商與臨床心理學系,碩士,碩士班,女,一般生(非原住民族),家務或家人照顧,自請休學,0,2
111-2,人文社會科學學院,諮商與臨床心理學系,諮商與臨床心理學系,碩士,碩士班,女,其他類學生,論文撰寫,自請休學,1,2
111-2,人文社會科學學院,諮商與臨床心理學系,諮商與臨床心理學系,學士,學士班,男,一般生(非原住民族),就讀學校科系不符期待,自請休學,0,2
111-2,人文社會科學學院,諮商與臨床心理學系,諮商與臨床心理學系,學士,學士班,男,一般生(非原住民族),家務或家人照顧,自請休學,0,1
111-2,人文社會科學學院,諮商與臨床心理學系,諮商與臨床心理學系,學士,學士班,女,一般生(非原住民族),傷病,自請休學,0,1
111-2,人文社會科學學院,諮商與臨床心理學系,諮商與臨床心理學系,學士,學士班,女,一般生(非原住民族),就讀學校科系不符期待,自請休學,0,1
111-2,人文社會科學學院,諮商與臨床心理學系,諮商與臨床心理學系,學士,學士班,女,一般生(非原住民族),出國,自請休學,0,1
111-2,人文社會科學學院,諮商與臨床心理學系,諮商與臨床心理學系,學士,學士班,女,其他類學生,傷病,自請休學,2,2
111-2,花師教育學院,幼兒教育學系,幼兒教育學系,碩士,碩士在職專班,女,一般生(非原住民族),工作,自請休學,0,1
111-2,花師教育學院,幼兒教育學系,幼兒教育學系,碩士,碩士在職專班,女,一般生(非原住民族),育嬰,自請休學,0,4
111-2,花師教育學院,幼兒教育學系,幼兒教育學系,碩士,碩士在職專班,女,一般生(非原住民族),家務或家人照顧,自請休學,0,1
111-2,花師教育學院,幼兒教育學系,幼兒教育學系,碩士,碩士班,女,一般生(非原住民族),傷病,自請休學,0,1
111-2,花師教育學院,幼兒教育學系,幼兒教育學系,碩士,碩士班,女,一般生(非原住民族),學業成績不佳,自請休學,0,1
111-2,花師教育學院,幼兒教育學系,幼兒教育學系,碩士,碩士班,女,一般生(非原住民族),就讀學校科系不符期待,自請休學,0,1
111-2,花師教育學院,幼兒教育學系,幼兒教育學系,碩士,碩士班,女,一般生(非原住民族),工作,自請休學,0,1
111-2,花師教育學院,幼兒教育學系,幼兒教育學系,碩士,碩士班,女,一般生(非原住民族),懷孕,自請休學,0,1
111-2,花師教育學院,幼兒教育學系,幼兒教育學系,碩士,碩士班,女,一般生(非原住民族),育嬰,自請休學,0,1
111-2,花師教育學院,幼兒教育學系,幼兒教育學系,碩士,碩士班,女,一般生(非原住民族),論文撰寫,自請休學,0,1
111-2,花師教育學院,幼兒教育學系,幼兒教育學系,碩士,碩士班,女,一般生(非原住民族),家務或家人照顧,自請休學,0,1
111-2,花師教育學院,幼兒教育學系,幼兒教育學系,學士,學士班,女,一般生(非原住民族),經濟困難,自請休學,0,1
111-2,花師教育學院,幼兒教育學系,幼兒教育學系,學士,學士班,女,一般生(非原住民族),就讀學校科系不符期待,自請休學,1,2
111-2,花師教育學院,幼兒教育學系,幼兒教育學系,學士,學士班,女,一般生(非原住民族),考試訓練,自請休學,0,1
111-2,花師教育學院,幼兒教育學系,幼兒教育學系,學士,學士班,女,其他類學生,傷病,自請休學,1,1
111-2,花師教育學院,幼兒教育學系,幼兒教育學系,學士,學士班,女,其他類學生,就讀學校科系不符期待,自請休學,0,1
111-2,花師教育學院,幼兒教育學系,幼兒教育學系學士後學位學程教保員專班,學士,學士班,女,一般生(非原住民族),家務或家人照顧,自請休學,0,1
111-2,花師教育學院,特殊教育學系,特殊教育學系,學士,學士班,男,一般生(非原住民族),就讀學校科系不符期待,自請休學,0,1
111-2,花師教育學院,特殊教育學系,特殊教育學系,學士,學士班,男,一般生(非原住民族),論文撰寫,自請休學,0,1
111-2,花師教育學院,特殊教育學系,特殊教育學系,學士,學士班,女,一般生(非原住民族),傷病,自請休學,0,1
111-2,花師教育學院,特殊教育學系,特殊教育學系身心障礙與輔助科技碩士班,碩士,碩士班,男,其他類學生,論文撰寫,自請休學,0,1
111-2,花師教育學院,特殊教育學系,特殊教育學系身心障礙與輔助科技碩士班,碩士,碩士班,女,原住民族學生,工作,自請休學,1,1
111-2,花師教育學院,特殊教育學系,特殊教育學系身心障礙與輔助科技碩士班,碩士,碩士班,女,一般生(非原住民族),經濟困難,自請休學,0,1
111-2,花師教育學院,特殊教育學系,特殊教育學系身心障礙與輔助科技碩士班,碩士,碩士班,女,一般生(非原住民族),工作,自請休學,1,4
111-2,花師教育學院,特殊教育學系,特殊教育學系身心障礙與輔助科技碩士班,碩士,碩士班,女,一般生(非原住民族),育嬰,自請休學,0,1
111-2,花師教育學院,特殊教育學系,特殊教育學系身心障礙與輔助科技碩士班,碩士,碩士班,女,一般生(非原住民族),論文撰寫,自請休學,1,1
111-2,花師教育學院,教育行政與管理學系,教育行政與管理學系,碩士,碩士在職專班,男,原住民族學生,家務或家人照顧,自請休學,0,1
111-2,花師教育學院,教育行政與管理學系,教育行政與管理學系,碩士,碩士在職專班,男,一般生(非原住民族),經濟困難,自請休學,1,1
111-2,花師教育學院,教育行政與管理學系,教育行政與管理學系,碩士,碩士在職專班,男,一般生(非原住民族),就讀學校科系不符期待,自請休學,0,1
111-2,花師教育學院,教育行政與管理學系,教育行政與管理學系,碩士,碩士在職專班,男,一般生(非原住民族),工作,自請休學,1,4
111-2,花師教育學院,教育行政與管理學系,教育行政與管理學系,碩士,碩士在職專班,男,一般生(非原住民族),論文撰寫,自請休學,0,1
111-2,花師教育學院,教育行政與管理學系,教育行政與管理學系,碩士,碩士在職專班,男,一般生(非原住民族),家務或家人照顧,自請休學,0,1
111-2,花師教育學院,教育行政與管理學系,教育行政與管理學系,碩士,碩士在職專班,男,一般生(非原住民族),其他,自請休學,0,3
111-2,花師教育學院,教育行政與管理學系,教育行政與管理學系,碩士,碩士在職專班,女,原住民族學生,懷孕,自請休學,1,1
111-2,花師教育學院,教育行政與管理學系,教育行政與管理學系,碩士,碩士在職專班,女,原住民族學生,論文撰寫,自請休學,0,1
111-2,花師教育學院,教育行政與管理學系,教育行政與管理學系,碩士,碩士在職專班,女,原住民族學生,考試訓練,自請休學,0,1
111-2,花師教育學院,教育行政與管理學系,教育行政與管理學系,碩士,碩士在職專班,女,一般生(非原住民族),傷病,自請休學,1,1
111-2,花師教育學院,教育行政與管理學系,教育行政與管理學系,碩士,碩士在職專班,女,一般生(非原住民族),經濟困難,自請休學,0,1
111-2,花師教育學院,教育行政與管理學系,教育行政與管理學系,碩士,碩士在職專班,女,一般生(非原住民族),就讀學校科系不符期待,自請休學,0,1
111-2,花師教育學院,教育行政與管理學系,教育行政與管理學系,碩士,碩士在職專班,女,一般生(非原住民族),工作,自請休學,2,7
111-2,花師教育學院,教育行政與管理學系,教育行政與管理學系,碩士,碩士在職專班,女,一般生(非原住民族),懷孕,自請休學,0,1
111-2,花師教育學院,教育行政與管理學系,教育行政與管理學系,碩士,碩士在職專班,女,一般生(非原住民族),論文撰寫,自請休學,0,2
111-2,花師教育學院,教育行政與管理學系,教育行政與管理學系,碩士,碩士在職專班,女,一般生(非原住民族),就學環境,自請休學,1,1
111-2,花師教育學院,教育行政與管理學系,教育行政與管理學系,碩士,碩士在職專班,女,一般生(非原住民族),家務或家人照顧,自請休學,0,1
111-2,花師教育學院,教育行政與管理學系,教育行政與管理學系,碩士,碩士在職專班,女,一般生(非原住民族),考試訓練,自請休學,0,1
111-2,花師教育學院,教育行政與管理學系,教育行政與管理學系,碩士,碩士班,女,原住民族學生,論文撰寫,自請休學,1,1
111-2,花師教育學院,教育行政與管理學系,教育行政與管理學系,碩士,碩士班,女,一般生(非原住民族),工作,自請休學,2,8
111-2,花師教育學院,教育行政與管理學系,教育行政與管理學系,碩士,碩士班,女,一般生(非原住民族),論文撰寫,自請休學,0,1
111-2,花師教育學院,教育行政與管理學系,教育行政與管理學系,學士,學士班,男,一般生(非原住民族),傷病,自請休學,0,1
111-2,花師教育學院,教育行政與管理學系,教育行政與管理學系,學士,學士班,男,一般生(非原住民族),就讀學校科系不符期待,自請休學,1,2
111-2,花師教育學院,教育行政與管理學系,教育行政與管理學系,學士,學士班,女,一般生(非原住民族),傷病,自請休學,0,1
111-2,花師教育學院,教育行政與管理學系,教育行政與管理學系,學士,學士班,女,一般生(非原住民族),就學環境,自請休學,1,1
111-2,花師教育學院,教育行政與管理學系,教育行政與管理學系,學士,學士班,女,一般生(非原住民族),家務或家人照顧,自請休學,0,1
111-2,花師教育學院,教育與潛能開發學系,教育與潛能開發學系,學士,學士班,女,原住民族學生,就讀學校科系不符期待,自請休學,0,1
111-2,花師教育學院,教育與潛能開發學系,教育與潛能開發學系,學士,學士班,女,一般生(非原住民族),就讀學校科系不符期待,自請休學,1,4
111-2,花師教育學院,教育與潛能開發學系,教育與潛能開發學系,學士,學士班,女,一般生(非原住民族),就學環境,自請休學,0,1
111-2,花師教育學院,教育與潛能開發學系,教育與潛能開發學系多元文化教育博士班,博士,博士班,男,原住民族學生,家務或家人照顧,自請休學,1,1
111-2,花師教育學院,教育與潛能開發學系,教育與潛能開發學系多元文化教育博士班,博士,博士班,男,一般生(非原住民族),工作,自請休學,0,1
111-2,花師教育學院,教育與潛能開發學系,教育與潛能開發學系多元文化教育博士班,博士,博士班,女,原住民族學生,傷病,自請休學,1,1
111-2,花師教育學院,教育與潛能開發學系,教育與潛能開發學系多元文化教育博士班,博士,博士班,女,原住民族學生,家務或家人照顧,自請休學,0,1
111-2,花師教育學院,教育與潛能開發學系,教育與潛能開發學系多元文化教育博士班,博士,博士班,女,一般生(非原住民族),傷病,自請休學,0,2
111-2,花師教育學院,教育與潛能開發學系,教育與潛能開發學系多元文化教育博士班,博士,博士班,女,一般生(非原住民族),工作,自請休學,1,1
111-2,花師教育學院,教育與潛能開發學系,教育與潛能開發學系多元文化教育博士班,博士,博士班,女,一般生(非原住民族),論文撰寫,自請休學,0,1
111-2,花師教育學院,教育與潛能開發學系,教育與潛能開發學系多元文化教育碩士班,碩士,碩士班,男,原住民族學生,工作,自請休學,0,1
111-2,花師教育學院,教育與潛能開發學系,教育與潛能開發學系多元文化教育碩士班,碩士,碩士班,男,原住民族學生,育嬰,自請休學,0,1
111-2,花師教育學院,教育與潛能開發學系,教育與潛能開發學系多元文化教育碩士班,碩士,碩士班,男,一般生(非原住民族),經濟困難,自請休學,0,1
111-2,花師教育學院,教育與潛能開發學系,教育與潛能開發學系多元文化教育碩士班,碩士,碩士班,男,一般生(非原住民族),就讀學校科系不符期待,自請休學,1,1
111-2,花師教育學院,教育與潛能開發學系,教育與潛能開發學系多元文化教育碩士班,碩士,碩士班,男,一般生(非原住民族),工作,自請休學,0,2
111-2,花師教育學院,教育與潛能開發學系,教育與潛能開發學系多元文化教育碩士班,碩士,碩士班,男,一般生(非原住民族),論文撰寫,自請休學,0,2
111-2,花師教育學院,教育與潛能開發學系,教育與潛能開發學系多元文化教育碩士班,碩士,碩士班,女,原住民族學生,工作,自請休學,0,1
111-2,花師教育學院,教育與潛能開發學系,教育與潛能開發學系多元文化教育碩士班,碩士,碩士班,女,原住民族學生,論文撰寫,自請休學,0,1
111-2,花師教育學院,教育與潛能開發學系,教育與潛能開發學系多元文化教育碩士班,碩士,碩士班,女,原住民族學生,家務或家人照顧,自請休學,1,2
111-2,花師教育學院,教育與潛能開發學系,教育與潛能開發學系多元文化教育碩士班,碩士,碩士班,女,一般生(非原住民族),工作,自請休學,0,2
111-2,花師教育學院,教育與潛能開發學系,教育與潛能開發學系多元文化教育碩士班,碩士,碩士班,女,一般生(非原住民族),論文撰寫,自請休學,0,1
111-2,花師教育學院,教育與潛能開發學系,教育與潛能開發學系多元文化教育碩士班,碩士,碩士班,女,一般生(非原住民族),家務或家人照顧,自請休學,1,3
111-2,花師教育學院,教育與潛能開發學系,教育與潛能開發學系科學教育博士班,博士,博士班,男,原住民族學生,工作,自請休學,1,1
111-2,花師教育學院,教育與潛能開發學系,教育與潛能開發學系科學教育博士班,博士,博士班,男,一般生(非原住民族),育嬰,自請休學,0,1
111-2,花師教育學院,教育與潛能開發學系,教育與潛能開發學系科學教育博士班,博士,博士班,女,一般生(非原住民族),工作,自請休學,0,1
111-2,花師教育學院,教育與潛能開發學系,教育與潛能開發學系科學教育博士班,博士,博士班,女,一般生(非原住民族),論文撰寫,自請休學,1,1
111-2,花師教育學院,教育與潛能開發學系,教育與潛能開發學系科學教育碩士班,碩士,碩士班,男,一般生(非原住民族),傷病,自請休學,2,3
111-2,花師教育學院,教育與潛能開發學系,教育與潛能開發學系科學教育碩士班,碩士,碩士班,男,一般生(非原住民族),工作,自請休學,2,4
111-2,花師教育學院,教育與潛能開發學系,教育與潛能開發學系科學教育碩士班,碩士,碩士班,女,一般生(非原住民族),工作,自請休學,0,2
111-2,花師教育學院,教育與潛能開發學系,教育與潛能開發學系科學教育碩士班,碩士,碩士班,女,一般生(非原住民族),育嬰,自請休學,0,1
111-2,花師教育學院,教育與潛能開發學系,教育與潛能開發學系科學教育碩士班,碩士,碩士班,女,一般生(非原住民族),論文撰寫,自請休學,1,4
111-2,花師教育學院,教育與潛能開發學系,教育與潛能開發學系教育博士班,博士,博士班,男,一般生(非原住民族),就讀學校科系不符期待,自請休學,1,1
111-2,花師教育學院,教育與潛能開發學系,教育與潛能開發學系教育博士班,博士,博士班,男,一般生(非原住民族),工作,自請休學,1,4
111-2,花師教育學院,教育與潛能開發學系,教育與潛能開發學系教育博士班,博士,博士班,男,一般生(非原住民族),論文撰寫,自請休學,1,1
111-2,花師教育學院,教育與潛能開發學系,教育與潛能開發學系教育博士班,博士,博士班,女,一般生(非原住民族),就讀學校科系不符期待,自請休學,0,1
111-2,花師教育學院,教育與潛能開發學系,教育與潛能開發學系教育博士班,博士,博士班,女,一般生(非原住民族),工作,自請休學,2,8
111-2,花師教育學院,教育與潛能開發學系,教育與潛能開發學系教育博士班,博士,博士班,女,一般生(非原住民族),育嬰,自請休學,0,3
111-2,花師教育學院,教育與潛能開發學系,教育與潛能開發學系教育博士班,博士,博士班,女,一般生(非原住民族),出國,自請休學,0,1
111-2,花師教育學院,教育與潛能開發學系,教育與潛能開發學系教育博士班,博士,博士班,女,一般生(非原住民族),論文撰寫,自請休學,1,5
111-2,花師教育學院,教育與潛能開發學系,教育與潛能開發學系教育博士班,博士,博士班,女,一般生(非原住民族),家務或家人照顧,自請休學,1,3
111-2,花師教育學院,教育與潛能開發學系,教育與潛能開發學系教育博士班,博士,博士班,女,其他類學生,傷病,自請休學,0,1
111-2,花師教育學院,教育與潛能開發學系,教育與潛能開發學系教育博士班,博士,博士班,女,其他類學生,工作,自請休學,1,1
111-2,花師教育學院,教育與潛能開發學系,教育與潛能開發學系教育碩士在職專班,碩士,碩士在職專班,男,原住民族學生,家務或家人照顧,自請休學,0,1
111-2,花師教育學院,教育與潛能開發學系,教育與潛能開發學系教育碩士在職專班,碩士,碩士在職專班,男,一般生(非原住民族),工作,自請休學,1,2
111-2,花師教育學院,教育與潛能開發學系,教育與潛能開發學系教育碩士在職專班,碩士,碩士在職專班,男,一般生(非原住民族),論文撰寫,自請休學,1,2
111-2,花師教育學院,教育與潛能開發學系,教育與潛能開發學系教育碩士在職專班,碩士,碩士在職專班,男,一般生(非原住民族),家務或家人照顧,自請休學,0,1
111-2,花師教育學院,教育與潛能開發學系,教育與潛能開發學系教育碩士在職專班,碩士,碩士在職專班,男,一般生(非原住民族),其他,自請休學,0,1
111-2,花師教育學院,教育與潛能開發學系,教育與潛能開發學系教育碩士在職專班,碩士,碩士在職專班,女,原住民族學生,工作,自請休學,0,1
111-2,花師教育學院,教育與潛能開發學系,教育與潛能開發學系教育碩士在職專班,碩士,碩士在職專班,女,原住民族學生,懷孕,自請休學,0,1
111-2,花師教育學院,教育與潛能開發學系,教育與潛能開發學系教育碩士在職專班,碩士,碩士在職專班,女,原住民族學生,育嬰,自請休學,0,1
111-2,花師教育學院,教育與潛能開發學系,教育與潛能開發學系教育碩士在職專班,碩士,碩士在職專班,女,一般生(非原住民族),傷病,自請休學,1,2
111-2,花師教育學院,教育與潛能開發學系,教育與潛能開發學系教育碩士在職專班,碩士,碩士在職專班,女,一般生(非原住民族),經濟困難,自請休學,0,1
111-2,花師教育學院,教育與潛能開發學系,教育與潛能開發學系教育碩士在職專班,碩士,碩士在職專班,女,一般生(非原住民族),就讀學校科系不符期待,自請休學,1,1
111-2,花師教育學院,教育與潛能開發學系,教育與潛能開發學系教育碩士在職專班,碩士,碩士在職專班,女,一般生(非原住民族),工作,自請休學,2,9
111-2,花師教育學院,教育與潛能開發學系,教育與潛能開發學系教育碩士在職專班,碩士,碩士在職專班,女,一般生(非原住民族),育嬰,自請休學,0,1
111-2,花師教育學院,教育與潛能開發學系,教育與潛能開發學系教育碩士在職專班,碩士,碩士在職專班,女,一般生(非原住民族),論文撰寫,自請休學,0,9
111-2,花師教育學院,教育與潛能開發學系,教育與潛能開發學系教育碩士在職專班,碩士,碩士在職專班,女,一般生(非原住民族),家務或家人照顧,自請休學,0,7
111-2,花師教育學院,教育與潛能開發學系,教育與潛能開發學系教育碩士在職專班,碩士,碩士在職專班,女,一般生(非原住民族),其他,自請休學,0,4
111-2,花師教育學院,教育與潛能開發學系,教育與潛能開發學系教育碩士班,碩士,碩士班,男,原住民族學生,工作,自請休學,0,1
111-2,花師教育學院,教育與潛能開發學系,教育與潛能開發學系教育碩士班,碩士,碩士班,男,原住民族學生,家務或家人照顧,自請休學,0,1
111-2,花師教育學院,教育與潛能開發學系,教育與潛能開發學系教育碩士班,碩士,碩士班,男,原住民族學生,考試訓練,自請休學,0,1
111-2,花師教育學院,教育與潛能開發學系,教育與潛能開發學系教育碩士班,碩士,碩士班,男,一般生(非原住民族),就讀學校科系不符期待,自請休學,0,1
111-2,花師教育學院,教育與潛能開發學系,教育與潛能開發學系教育碩士班,碩士,碩士班,男,一般生(非原住民族),工作,自請休學,0,1
111-2,花師教育學院,教育與潛能開發學系,教育與潛能開發學系教育碩士班,碩士,碩士班,男,一般生(非原住民族),出國,自請休學,0,1
111-2,花師教育學院,教育與潛能開發學系,教育與潛能開發學系教育碩士班,碩士,碩士班,男,一般生(非原住民族),論文撰寫,自請休學,1,1
111-2,花師教育學院,教育與潛能開發學系,教育與潛能開發學系教育碩士班,碩士,碩士班,男,一般生(非原住民族),家務或家人照顧,自請休學,0,1
111-2,花師教育學院,教育與潛能開發學系,教育與潛能開發學系教育碩士班,碩士,碩士班,男,其他類學生,工作,自請休學,0,1
111-2,花師教育學院,教育與潛能開發學系,教育與潛能開發學系教育碩士班,碩士,碩士班,女,原住民族學生,工作,自請休學,1,1
111-2,花師教育學院,教育與潛能開發學系,教育與潛能開發學系教育碩士班,碩士,碩士班,女,一般生(非原住民族),工作,自請休學,0,5
111-2,花師教育學院,教育與潛能開發學系,教育與潛能開發學系教育碩士班,碩士,碩士班,女,一般生(非原住民族),育嬰,自請休學,0,1
111-2,花師教育學院,教育與潛能開發學系,教育與潛能開發學系教育碩士班,碩士,碩士班,女,一般生(非原住民族),論文撰寫,自請休學,0,2
111-2,花師教育學院,教育與潛能開發學系,教育與潛能開發學系教育碩士班,碩士,碩士班,女,一般生(非原住民族),其他,自請休學,0,1
111-2,花師教育學院,教育與潛能開發學系,教育與潛能開發學系教育碩士班,碩士,碩士班,女,其他類學生,工作,自請休學,0,1
111-2,花師教育學院,體育與運動科學系,體育與運動科學系,碩士,碩士在職專班,男,原住民族學生,工作,自請休學,0,1
111-2,花師教育學院,體育與運動科學系,體育與運動科學系,碩士,碩士在職專班,男,一般生(非原住民族),工作,自請休學,1,2
111-2,花師教育學院,體育與運動科學系,體育與運動科學系,碩士,碩士在職專班,男,一般生(非原住民族),育嬰,自請休學,0,1
111-2,花師教育學院,體育與運動科學系,體育與運動科學系,碩士,碩士在職專班,男,一般生(非原住民族),論文撰寫,自請休學,1,1
111-2,花師教育學院,體育與運動科學系,體育與運動科學系,碩士,碩士在職專班,女,原住民族學生,育嬰,自請休學,0,1
111-2,花師教育學院,體育與運動科學系,體育與運動科學系,碩士,碩士在職專班,女,一般生(非原住民族),傷病,自請休學,0,1
111-2,花師教育學院,體育與運動科學系,體育與運動科學系,碩士,碩士在職專班,女,一般生(非原住民族),就讀學校科系不符期待,自請休學,0,1
111-2,花師教育學院,體育與運動科學系,體育與運動科學系,碩士,碩士在職專班,女,一般生(非原住民族),工作,自請休學,0,1
111-2,花師教育學院,體育與運動科學系,體育與運動科學系,碩士,碩士在職專班,女,一般生(非原住民族),論文撰寫,自請休學,1,1
111-2,花師教育學院,體育與運動科學系,體育與運動科學系,碩士,碩士在職專班,女,一般生(非原住民族),家務或家人照顧,自請休學,0,2
111-2,花師教育學院,體育與運動科學系,體育與運動科學系,碩士,碩士班,男,一般生(非原住民族),就讀學校科系不符期待,自請休學,0,1
111-2,花師教育學院,體育與運動科學系,體育與運動科學系,碩士,碩士班,男,一般生(非原住民族),工作,自請休學,0,1
111-2,花師教育學院,體育與運動科學系,體育與運動科學系,碩士,碩士班,男,一般生(非原住民族),論文撰寫,自請休學,1,1
111-2,花師教育學院,體育與運動科學系,體育與運動科學系,碩士,碩士班,男,一般生(非原住民族),家務或家人照顧,自請休學,0,1
111-2,花師教育學院,體育與運動科學系,體育與運動科學系,碩士,碩士班,男,一般生(非原住民族),其他,自請休學,0,1
111-2,花師教育學院,體育與運動科學系,體育與運動科學系,碩士,碩士班,女,一般生(非原住民族),工作,自請休學,0,1
111-2,花師教育學院,體育與運動科學系,體育與運動科學系,碩士,碩士班,女,一般生(非原住民族),論文撰寫,自請休學,0,1
111-2,花師教育學院,體育與運動科學系,體育與運動科學系,碩士,碩士班,女,其他類學生,論文撰寫,自請休學,1,1
111-2,花師教育學院,體育與運動科學系,體育與運動科學系,學士,學士班,男,原住民族學生,就讀學校科系不符期待,自請休學,0,1
111-2,花師教育學院,體育與運動科學系,體育與運動科學系,學士,學士班,男,原住民族學生,兵役,自請休學,1,1
111-2,花師教育學院,體育與運動科學系,體育與運動科學系,學士,學士班,男,一般生(非原住民族),就讀學校科系不符期待,自請休學,2,5
111-2,花師教育學院,體育與運動科學系,體育與運動科學系,學士,學士班,女,原住民族學生,經濟困難,自請休學,0,1
111-2,花師教育學院,體育與運動科學系,體育與運動科學系,學士,學士班,女,一般生(非原住民族),就讀學校科系不符期待,自請休學,0,3
111-2,花師教育學院,體育與運動科學系,體育與運動科學系,學士,學士班,女,一般生(非原住民族),家務或家人照顧,自請休學,0,1
111-2,洄瀾學院,縱谷跨域書院學士學位學程,縱谷跨域書院學士學位學程,學士,學士班,男,一般生(非原住民族),就讀學校科系不符期待,自請休學,2,4
111-2,洄瀾學院,縱谷跨域書院學士學位學程,縱谷跨域書院學士學位學程,學士,學士班,男,一般生(非原住民族),家務或家人照顧,自請休學,1,1
111-2,原住民民族學院,民族發展與社會工作學系,民族事務與發展學系,碩士,碩士班,男,原住民族學生,工作,自請休學,0,1
111-2,原住民民族學院,民族發展與社會工作學系,民族事務與發展學系,碩士,碩士班,男,原住民族學生,育嬰,自請休學,0,1
111-2,原住民民族學院,民族發展與社會工作學系,民族事務與發展學系,碩士,碩士班,男,原住民族學生,論文撰寫,自請休學,1,3
111-2,原住民民族學院,民族發展與社會工作學系,民族事務與發展學系,碩士,碩士班,男,一般生(非原住民族),工作,自請休學,0,1
111-2,原住民民族學院,民族發展與社會工作學系,民族事務與發展學系,碩士,碩士班,男,一般生(非原住民族),育嬰,自請休學,0,1
111-2,原住民民族學院,民族發展與社會工作學系,民族事務與發展學系,碩士,碩士班,女,原住民族學生,就讀學校科系不符期待,自請休學,0,1
111-2,原住民民族學院,民族發展與社會工作學系,民族事務與發展學系,碩士,碩士班,女,原住民族學生,工作,自請休學,0,6
111-2,原住民民族學院,民族發展與社會工作學系,民族事務與發展學系,碩士,碩士班,女,原住民族學生,懷孕,自請休學,0,1
111-2,原住民民族學院,民族發展與社會工作學系,民族事務與發展學系,碩士,碩士班,女,原住民族學生,育嬰,自請休學,0,2
111-2,原住民民族學院,民族發展與社會工作學系,民族事務與發展學系,碩士,碩士班,女,原住民族學生,論文撰寫,自請休學,1,1
111-2,原住民民族學院,民族發展與社會工作學系,民族事務與發展學系,碩士,碩士班,女,一般生(非原住民族),傷病,自請休學,0,1
111-2,原住民民族學院,民族發展與社會工作學系,民族事務與發展學系,碩士,碩士班,女,一般生(非原住民族),學業成績不佳,自請休學,0,1
111-2,原住民民族學院,民族發展與社會工作學系,民族事務與發展學系,碩士,碩士班,女,一般生(非原住民族),工作,自請休學,1,1
111-2,原住民民族學院,民族發展與社會工作學系,民族事務與發展學系,碩士,碩士班,女,一般生(非原住民族),論文撰寫,自請休學,1,1
111-2,原住民民族學院,民族發展與社會工作學系,民族事務與發展學系,學士,學士班,男,原住民族學生,家務或家人照顧,自請休學,1,1
111-2,原住民民族學院,民族發展與社會工作學系,民族事務與發展學系,學士,學士班,女,原住民族學生,就讀學校科系不符期待,自請休學,0,1
111-2,原住民民族學院,民族發展與社會工作學系,民族事務與發展學系,學士,學士班,女,原住民族學生,其他,自請休學,1,1
111-2,原住民民族學院,民族發展與社會工作學系,民族事務與發展學系,學士,學士班,女,一般生(非原住民族),其他,自請休學,1,1
111-2,原住民民族學院,民族發展與社會工作學系,民族事務與發展學系民族社會工作碩士在職專班,碩士,碩士在職專班,男,原住民族學生,工作,自請休學,1,4
111-2,原住民民族學院,民族發展與社會工作學系,民族事務與發展學系民族社會工作碩士在職專班,碩士,碩士在職專班,男,原住民族學生,論文撰寫,自請休學,1,1
111-2,原住民民族學院,民族發展與社會工作學系,民族事務與發展學系民族社會工作碩士在職專班,碩士,碩士在職專班,男,原住民族學生,家務或家人照顧,自請休學,0,1
111-2,原住民民族學院,民族發展與社會工作學系,民族事務與發展學系民族社會工作碩士在職專班,碩士,碩士在職專班,男,一般生(非原住民族),工作,自請休學,0,3
111-2,原住民民族學院,民族發展與社會工作學系,民族事務與發展學系民族社會工作碩士在職專班,碩士,碩士在職專班,女,原住民族學生,傷病,自請休學,0,1
111-2,原住民民族學院,民族發展與社會工作學系,民族事務與發展學系民族社會工作碩士在職專班,碩士,碩士在職專班,女,原住民族學生,工作,自請休學,1,6
111-2,原住民民族學院,民族發展與社會工作學系,民族事務與發展學系民族社會工作碩士在職專班,碩士,碩士在職專班,女,原住民族學生,育嬰,自請休學,0,1
111-2,原住民民族學院,民族發展與社會工作學系,民族事務與發展學系民族社會工作碩士在職專班,碩士,碩士在職專班,女,原住民族學生,論文撰寫,自請休學,0,3
111-2,原住民民族學院,民族發展與社會工作學系,民族事務與發展學系民族社會工作碩士在職專班,碩士,碩士在職專班,女,原住民族學生,家務或家人照顧,自請休學,0,1
111-2,原住民民族學院,民族發展與社會工作學系,民族事務與發展學系民族社會工作碩士在職專班,碩士,碩士在職專班,女,一般生(非原住民族),傷病,自請休學,0,2
111-2,原住民民族學院,民族發展與社會工作學系,民族事務與發展學系民族社會工作碩士在職專班,碩士,碩士在職專班,女,一般生(非原住民族),就讀學校科系不符期待,自請休學,0,1
111-2,原住民民族學院,民族發展與社會工作學系,民族事務與發展學系民族社會工作碩士在職專班,碩士,碩士在職專班,女,一般生(非原住民族),工作,自請休學,0,2
111-2,原住民民族學院,民族發展與社會工作學系,民族事務與發展學系民族社會工作碩士在職專班,碩士,碩士在職專班,女,一般生(非原住民族),論文撰寫,自請休學,2,5
111-2,原住民民族學院,民族發展與社會工作學系,民族事務與發展學系民族社會工作碩士在職專班,碩士,碩士在職專班,女,一般生(非原住民族),家務或家人照顧,自請休學,1,3
111-2,原住民民族學院,民族發展與社會工作學系,民族社會工作學士學位學程,學士,學士班,男,原住民族學生,就讀學校科系不符期待,自請休學,0,1
111-2,原住民民族學院,民族發展與社會工作學系,民族社會工作學士學位學程,學士,學士班,男,一般生(非原住民族),家務或家人照顧,自請休學,0,1
111-2,原住民民族學院,民族發展與社會工作學系,民族社會工作學士學位學程,學士,學士班,男,其他類學生,家務或家人照顧,自請休學,0,1
111-2,原住民民族學院,民族發展與社會工作學系,民族社會工作學士學位學程,學士,學士班,女,原住民族學生,學業成績不佳,自請休學,1,1
111-2,原住民民族學院,民族發展與社會工作學系,民族社會工作學士學位學程,學士,學士班,女,原住民族學生,工作,自請休學,0,1
111-2,原住民民族學院,民族發展與社會工作學系,民族社會工作學士學位學程,學士,學士班,女,原住民族學生,育嬰,自請休學,0,1
111-2,原住民民族學院,民族發展與社會工作學系,民族社會工作學士學位學程,學士,學士班,女,原住民族學生,家務或家人照顧,自請休學,1,1
111-2,原住民民族學院,民族發展與社會工作學系,民族社會工作學士學位學程,學士,學士班,女,原住民族學生,其他,自請休學,1,1
111-2,原住民民族學院,民族發展與社會工作學系,民族社會工作學士學位學程,學士,學士班,女,一般生(非原住民族),傷病,自請休學,1,1
111-2,原住民民族學院,民族語言與傳播學系,民族語言與傳播學系,學士,學士班,男,原住民族學生,工作,自請休學,0,1
111-2,原住民民族學院,民族語言與傳播學系,民族語言與傳播學系,學士,學士班,男,一般生(非原住民族),就讀學校科系不符期待,自請休學,0,1
111-2,原住民民族學院,民族語言與傳播學系,民族語言與傳播學系,學士,學士班,男,一般生(非原住民族),就學環境,自請休學,1,1
111-2,原住民民族學院,民族語言與傳播學系,民族語言與傳播學系,學士,學士班,男,其他類學生,家務或家人照顧,自請休學,1,1
111-2,原住民民族學院,民族語言與傳播學系,民族語言與傳播學系,學士,學士班,女,原住民族學生,學業成績不佳,自請休學,0,1
111-2,原住民民族學院,民族語言與傳播學系,民族語言與傳播學系,學士,學士班,女,原住民族學生,就讀學校科系不符期待,自請休學,4,4
111-2,原住民民族學院,民族語言與傳播學系,民族語言與傳播學系,學士,學士班,女,原住民族學生,懷孕,自請休學,0,1
111-2,原住民民族學院,民族語言與傳播學系,民族語言與傳播學系,學士,學士班,女,原住民族學生,兵役,自請休學,0,1
111-2,原住民民族學院,民族語言與傳播學系,民族語言與傳播學系,學士,學士班,女,原住民族學生,家務或家人照顧,自請休學,1,2
111-2,原住民民族學院,民族語言與傳播學系,民族語言與傳播學系,學士,學士班,女,一般生(非原住民族),就學環境,自請休學,1,1
111-2,原住民民族學院,民族語言與傳播學系,民族語言與傳播學系,學士,學士班,女,一般生(非原住民族),家務或家人照顧,自請休學,0,1
111-2,原住民民族學院,原住民族樂舞與藝術學士學位學程,原住民族樂舞與藝術學士學位學程,學士,學士班,男,原住民族學生,家務或家人照顧,自請休學,0,1
111-2,原住民民族學院,原住民族樂舞與藝術學士學位學程,原住民族樂舞與藝術學士學位學程,學士,學士班,女,原住民族學生,經濟困難,自請休學,1,1
111-2,原住民民族學院,原住民族樂舞與藝術學士學位學程,原住民族樂舞與藝術學士學位學程,學士,學士班,女,原住民族學生,就讀學校科系不符期待,自請休學,0,1
111-2,原住民民族學院,原住民族樂舞與藝術學士學位學程,原住民族樂舞與藝術學士學位學程,學士,學士班,女,原住民族學生,家務或家人照顧,自請休學,0,1
111-2,原住民民族學院,原住民族樂舞與藝術學士學位學程,原住民族樂舞與藝術學士學位學程,學士,學士班,女,一般生(非原住民族),傷病,自請休學,0,1
111-2,原住民民族學院,族群關係與文化學系,族群關係與文化學系,博士,博士班,男,原住民族學生,工作,自請休學,0,1
111-2,原住民民族學院,族群關係與文化學系,族群關係與文化學系,博士,博士班,男,原住民族學生,育嬰,自請休學,0,1
111-2,原住民民族學院,族群關係與文化學系,族群關係與文化學系,博士,博士班,男,原住民族學生,論文撰寫,自請休學,1,1
111-2,原住民民族學院,族群關係與文化學系,族群關係與文化學系,博士,博士班,男,一般生(非原住民族),家務或家人照顧,自請休學,0,1
111-2,原住民民族學院,族群關係與文化學系,族群關係與文化學系,博士,博士班,女,原住民族學生,工作,自請休學,3,3
111-2,原住民民族學院,族群關係與文化學系,族群關係與文化學系,博士,博士班,女,原住民族學生,出國,自請休學,0,1
111-2,原住民民族學院,族群關係與文化學系,族群關係與文化學系,博士,博士班,女,一般生(非原住民族),工作,自請休學,1,2
111-2,原住民民族學院,族群關係與文化學系,族群關係與文化學系,博士,博士班,女,一般生(非原住民族),懷孕,自請休學,1,1
111-2,原住民民族學院,族群關係與文化學系,族群關係與文化學系,博士,博士班,女,一般生(非原住民族),家務或家人照顧,自請休學,0,1
111-2,原住民民族學院,族群關係與文化學系,族群關係與文化學系,碩士,碩士在職專班,男,原住民族學生,工作,自請休學,1,3
111-2,原住民民族學院,族群關係與文化學系,族群關係與文化學系,碩士,碩士在職專班,男,原住民族學生,論文撰寫,自請休學,1,3
111-2,原住民民族學院,族群關係與文化學系,族群關係與文化學系,碩士,碩士在職專班,男,一般生(非原住民族),工作,自請休學,0,2
111-2,原住民民族學院,族群關係與文化學系,族群關係與文化學系,碩士,碩士在職專班,男,一般生(非原住民族),育嬰,自請休學,0,1
111-2,原住民民族學院,族群關係與文化學系,族群關係與文化學系,碩士,碩士在職專班,男,一般生(非原住民族),論文撰寫,自請休學,1,1
111-2,原住民民族學院,族群關係與文化學系,族群關係與文化學系,碩士,碩士在職專班,男,一般生(非原住民族),其他,自請休學,0,1
111-2,原住民民族學院,族群關係與文化學系,族群關係與文化學系,碩士,碩士在職專班,女,原住民族學生,工作,自請休學,1,2
111-2,原住民民族學院,族群關係與文化學系,族群關係與文化學系,碩士,碩士在職專班,女,一般生(非原住民族),育嬰,自請休學,0,1
111-2,原住民民族學院,族群關係與文化學系,族群關係與文化學系,碩士,碩士在職專班,女,一般生(非原住民族),論文撰寫,自請休學,1,1
111-2,原住民民族學院,族群關係與文化學系,族群關係與文化學系,碩士,碩士班,男,原住民族學生,工作,自請休學,0,1
111-2,原住民民族學院,族群關係與文化學系,族群關係與文化學系,碩士,碩士班,女,原住民族學生,經濟困難,自請休學,0,1
111-2,原住民民族學院,族群關係與文化學系,族群關係與文化學系,碩士,碩士班,女,原住民族學生,工作,自請休學,0,1
111-2,原住民民族學院,族群關係與文化學系,族群關係與文化學系,碩士,碩士班,女,原住民族學生,論文撰寫,自請休學,0,2
111-2,原住民民族學院,族群關係與文化學系,族群關係與文化學系,碩士,碩士班,女,原住民族學生,家務或家人照顧,自請休學,0,1
111-2,原住民民族學院,族群關係與文化學系,族群關係與文化學系,碩士,碩士班,女,一般生(非原住民族),工作,自請休學,1,1
111-2,原住民民族學院,族群關係與文化學系,族群關係與文化學系,碩士,碩士班,女,其他類學生,育嬰,自請休學,0,1
111-2,原住民民族學院,族群關係與文化學系,族群關係與文化學系,學士,學士班,男,原住民族學生,傷病,自請休學,1,1
111-2,原住民民族學院,族群關係與文化學系,族群關係與文化學系,學士,學士班,男,原住民族學生,就讀學校科系不符期待,自請休學,1,1
111-2,原住民民族學院,族群關係與文化學系,族群關係與文化學系,學士,學士班,男,原住民族學生,工作,自請休學,0,1
111-2,原住民民族學院,族群關係與文化學系,族群關係與文化學系,學士,學士班,男,原住民族學生,家務或家人照顧,自請休學,0,2
111-2,原住民民族學院,族群關係與文化學系,族群關係與文化學系,學士,學士班,男,一般生(非原住民族),經濟困難,自請休學,0,1
111-2,原住民民族學院,族群關係與文化學系,族群關係與文化學系,學士,學士班,男,一般生(非原住民族),工作,自請休學,0,1
111-2,原住民民族學院,族群關係與文化學系,族群關係與文化學系,學士,學士班,男,一般生(非原住民族),就學環境,自請休學,0,1
111-2,原住民民族學院,族群關係與文化學系,族群關係與文化學系,學士,學士班,女,原住民族學生,經濟困難,自請休學,1,2
111-2,原住民民族學院,族群關係與文化學系,族群關係與文化學系,學士,學士班,女,原住民族學生,就讀學校科系不符期待,自請休學,3,5
111-2,原住民民族學院,族群關係與文化學系,族群關係與文化學系,學士,學士班,女,原住民族學生,工作,自請休學,1,1
111-2,原住民民族學院,族群關係與文化學系,族群關係與文化學系,學士,學士班,女,原住民族學生,育嬰,自請休學,0,1
111-2,原住民民族學院,族群關係與文化學系,族群關係與文化學系,學士,學士班,女,一般生(非原住民族),就讀學校科系不符期待,自請休學,1,1
111-2,原住民民族學院,族群關係與文化學系,族群關係與文化學系,學士,學士班,女,一般生(非原住民族),家務或家人照顧,自請休學,0,1
111-2,理工學院,化學系,化學系,博士,博士班,男,一般生(非原住民族),學業成績不佳,自請休學,0,1
111-2,理工學院,化學系,化學系,碩士,碩士班,男,一般生(非原住民族),學業成績不佳,自請休學,0,1
111-2,理工學院,化學系,化學系,學士,學士班,男,一般生(非原住民族),傷病,自請休學,1,2
111-2,理工學院,化學系,化學系,學士,學士班,男,一般生(非原住民族),學業成績不佳,自請休學,1,1
111-2,理工學院,化學系,化學系,學士,學士班,男,一般生(非原住民族),就讀學校科系不符期待,自請休學,0,3
111-2,理工學院,化學系,化學系,學士,學士班,男,一般生(非原住民族),出國,自請休學,0,1
111-2,理工學院,化學系,化學系,學士,學士班,男,一般生(非原住民族),家務或家人照顧,自請休學,1,1
111-2,理工學院,化學系,化學系,學士,學士班,女,一般生(非原住民族),考試訓練,自請休學,1,1
111-2,理工學院,生化暨分子醫學科學系,生命科學系,學士,學士班,男,一般生(非原住民族),就讀學校科系不符期待,自請休學,0,2
111-2,理工學院,生化暨分子醫學科學系,生命科學系,學士,學士班,女,一般生(非原住民族),傷病,自請休學,0,1
111-2,理工學院,生化暨分子醫學科學系,生命科學系,學士,學士班,女,一般生(非原住民族),就讀學校科系不符期待,自請休學,0,3
111-2,理工學院,生化暨分子醫學科學系,生命科學系,學士,學士班,女,一般生(非原住民族),出國,自請休學,1,1
111-2,理工學院,生化暨分子醫學科學系,生命科學系,學士,學士班,女,一般生(非原住民族),考試訓練,自請休學,0,1
111-2,理工學院,生化暨分子醫學科學系,生命科學系生物技術博士班,博士,博士班,男,一般生(非原住民族),工作,自請休學,1,1
111-2,理工學院,光電工程學系,光電工程學系,碩士,碩士班,男,一般生(非原住民族),工作,自請休學,0,1
111-2,理工學院,光電工程學系,光電工程學系,碩士,碩士班,女,原住民族學生,工作,自請休學,0,1
111-2,理工學院,光電工程學系,光電工程學系,學士,學士班,男,一般生(非原住民族),學業成績不佳,自請休學,1,2
111-2,理工學院,光電工程學系,光電工程學系,學士,學士班,男,一般生(非原住民族),就讀學校科系不符期待,自請休學,0,3
111-2,理工學院,材料科學與工程學系,材料科學與工程學系,博士,博士班,男,一般生(非原住民族),工作,自請休學,0,1
111-2,理工學院,材料科學與工程學系,材料科學與工程學系,博士,博士班,女,一般生(非原住民族),就讀學校科系不符期待,自請休學,0,1
111-2,理工學院,材料科學與工程學系,材料科學與工程學系,碩士,碩士班,男,一般生(非原住民族),就讀學校科系不符期待,自請休學,1,1
111-2,理工學院,材料科學與工程學系,材料科學與工程學系,碩士,碩士班,男,一般生(非原住民族),就學環境,自請休學,0,1
111-2,理工學院,材料科學與工程學系,材料科學與工程學系,碩士,碩士班,男,一般生(非原住民族),家務或家人照顧,自請休學,0,1
111-2,理工學院,材料科學與工程學系,材料科學與工程學系,學士,學士班,男,一般生(非原住民族),經濟困難,自請休學,0,1
111-2,理工學院,材料科學與工程學系,材料科學與工程學系,學士,學士班,男,一般生(非原住民族),學業成績不佳,自請休學,2,2
111-2,理工學院,材料科學與工程學系,材料科學與工程學系,學士,學士班,男,一般生(非原住民族),就讀學校科系不符期待,自請休學,0,1
111-2,理工學院,材料科學與工程學系,材料科學與工程學系,學士,學士班,男,一般生(非原住民族),工作,自請休學,0,1
111-2,理工學院,材料科學與工程學系,材料科學與工程學系,學士,學士班,男,一般生(非原住民族),家務或家人照顧,自請休學,0,3
111-2,理工學院,材料科學與工程學系,材料科學與工程學系,學士,學士班,女,一般生(非原住民族),就讀學校科系不符期待,自請休學,0,1
111-2,理工學院,材料科學與工程學系,材料科學與工程學系,學士,學士班,女,一般生(非原住民族),工作,自請休學,0,1
111-2,理工學院,物理學系,物理學系,學士,學士班,男,一般生(非原住民族),傷病,自請休學,1,1
111-2,理工學院,物理學系,物理學系,學士,學士班,男,一般生(非原住民族),學業成績不佳,自請休學,1,2
111-2,理工學院,物理學系,物理學系,學士,學士班,男,一般生(非原住民族),就讀學校科系不符期待,自請休學,0,1
111-2,理工學院,物理學系,物理學系,學士,學士班,男,一般生(非原住民族),工作,自請休學,1,1
111-2,理工學院,物理學系,物理學系,學士,學士班,男,一般生(非原住民族),兵役,自請休學,0,1
111-2,理工學院,物理學系,物理學系,學士,學士班,男,一般生(非原住民族),出國,自請休學,0,1
111-2,理工學院,物理學系,物理學系,學士,學士班,男,一般生(非原住民族),就學環境,自請休學,1,2
111-2,理工學院,物理學系,物理學系,學士,學士班,男,一般生(非原住民族),家務或家人照顧,自請休學,1,2
111-2,理工學院,物理學系,物理學系,學士,學士班,女,一般生(非原住民族),傷病,自請休學,1,1
111-2,理工學院,物理學系,物理學系,學士,學士班,女,一般生(非原住民族),學業成績不佳,自請休學,1,1
111-2,理工學院,物理學系,物理學系應用物理博士班,博士,博士班,男,一般生(非原住民族),兵役,自請休學,0,1
111-2,理工學院,物理學系,物理學系應用物理博士班,博士,博士班,男,一般生(非原住民族),論文撰寫,自請休學,0,1
111-2,理工學院,物理學系,物理學系應用物理碩士班,碩士,碩士班,男,一般生(非原住民族),傷病,自請休學,0,1
111-2,理工學院,物理學系,物理學系應用物理碩士班,碩士,碩士班,男,一般生(非原住民族),就讀學校科系不符期待,自請休學,1,1
111-2,理工學院,物理學系,物理學系應用物理碩士班,碩士,碩士班,男,一般生(非原住民族),其他,自請休學,0,1
111-2,理工學院,物理學系,物理學系應用物理碩士班,碩士,碩士班,女,一般生(非原住民族),就讀學校科系不符期待,自請休學,0,1
111-2,理工學院,資訊工程學系,資訊工程學系,博士,博士班,男,一般生(非原住民族),工作,自請休學,0,1
111-2,理工學院,資訊工程學系,資訊工程學系,博士,博士班,男,一般生(非原住民族),論文撰寫,自請休學,2,2
111-2,理工學院,資訊工程學系,資訊工程學系,碩士,碩士在職專班,男,一般生(非原住民族),學業成績不佳,自請休學,0,1
111-2,理工學院,資訊工程學系,資訊工程學系,碩士,碩士在職專班,男,一般生(非原住民族),工作,自請休學,2,3
111-2,理工學院,資訊工程學系,資訊工程學系,碩士,碩士在職專班,女,一般生(非原住民族),工作,自請休學,1,1
111-2,理工學院,資訊工程學系,資訊工程學系,碩士,碩士班,男,原住民族學生,論文撰寫,自請休學,0,1
111-2,理工學院,資訊工程學系,資訊工程學系,碩士,碩士班,男,一般生(非原住民族),傷病,自請休學,0,1
111-2,理工學院,資訊工程學系,資訊工程學系,碩士,碩士班,男,一般生(非原住民族),經濟困難,自請休學,0,2
111-2,理工學院,資訊工程學系,資訊工程學系,碩士,碩士班,男,一般生(非原住民族),就讀學校科系不符期待,自請休學,0,1
111-2,理工學院,資訊工程學系,資訊工程學系,碩士,碩士班,男,一般生(非原住民族),工作,自請休學,1,1
111-2,理工學院,資訊工程學系,資訊工程學系,碩士,碩士班,男,一般生(非原住民族),育嬰,自請休學,0,1
111-2,理工學院,資訊工程學系,資訊工程學系,碩士,碩士班,男,一般生(非原住民族),論文撰寫,自請休學,4,6
111-2,理工學院,資訊工程學系,資訊工程學系,碩士,碩士班,男,一般生(非原住民族),家務或家人照顧,自請休學,0,1
111-2,理工學院,資訊工程學系,資訊工程學系,碩士,碩士班,女,一般生(非原住民族),經濟困難,自請休學,0,1
111-2,理工學院,資訊工程學系,資訊工程學系,碩士,碩士班,女,一般生(非原住民族),就讀學校科系不符期待,自請休學,0,1
111-2,理工學院,資訊工程學系,資訊工程學系,碩士,碩士班,女,一般生(非原住民族),工作,自請休學,0,2
111-2,理工學院,資訊工程學系,資訊工程學系,碩士,碩士班,女,一般生(非原住民族),育嬰,自請休學,0,1
111-2,理工學院,資訊工程學系,資訊工程學系,碩士,碩士班,女,其他類學生,經濟困難,自請休學,0,1
111-2,理工學院,資訊工程學系,資訊工程學系,碩士,碩士班,女,其他類學生,論文撰寫,自請休學,0,1
111-2,理工學院,資訊工程學系,資訊工程學系,學士,學士班,男,原住民族學生,學業成績不佳,自請休學,0,1
111-2,理工學院,資訊工程學系,資訊工程學系,學士,學士班,男,一般生(非原住民族),傷病,自請休學,0,1
111-2,理工學院,資訊工程學系,資訊工程學系,學士,學士班,男,一般生(非原住民族),學業成績不佳,自請休學,1,2
111-2,理工學院,資訊工程學系,資訊工程學系,學士,學士班,男,一般生(非原住民族),就讀學校科系不符期待,自請休學,2,6
111-2,理工學院,資訊工程學系,資訊工程學系,學士,學士班,男,一般生(非原住民族),工作,自請休學,1,1
111-2,理工學院,資訊工程學系,資訊工程學系,學士,學士班,男,一般生(非原住民族),兵役,自請休學,0,1
111-2,理工學院,資訊工程學系,資訊工程學系,學士,學士班,男,一般生(非原住民族),就學環境,自請休學,1,1
111-2,理工學院,資訊工程學系,資訊工程學系,學士,學士班,男,一般生(非原住民族),家務或家人照顧,自請休學,2,2
111-2,理工學院,資訊工程學系,資訊工程學系,學士,學士班,男,其他類學生,家務或家人照顧,自請休學,0,1
111-2,理工學院,資訊工程學系,資訊工程學系,學士,學士班,女,一般生(非原住民族),傷病,自請休學,1,1
111-2,理工學院,資訊工程學系,資訊工程學系,學士,學士班,女,一般生(非原住民族),經濟困難,自請休學,0,1
111-2,理工學院,資訊工程學系,資訊工程學系,學士,學士班,女,一般生(非原住民族),就讀學校科系不符期待,自請休學,1,2
111-2,理工學院,資訊工程學系,資訊工程學系,學士,學士班,女,一般生(非原住民族),出國,自請休學,1,1
111-2,理工學院,資訊工程學系,資訊工程學系,學士,學士班,女,其他類學生,學業成績不佳,自請休學,1,1
111-2,理工學院,資訊工程學系,資訊工程學系,學士,學士班,女,其他類學生,家務或家人照顧,自請休學,0,1
111-2,理工學院,電機工程學系,電機工程學系,博士,博士班,男,一般生(非原住民族),傷病,自請休學,0,1
111-2,理工學院,電機工程學系,電機工程學系,博士,博士班,男,一般生(非原住民族),工作,自請休學,0,1
111-2,理工學院,電機工程學系,電機工程學系,博士,博士班,男,一般生(非原住民族),兵役,自請休學,0,1
111-2,理工學院,電機工程學系,電機工程學系,碩士,碩士在職專班,男,一般生(非原住民族),工作,自請休學,0,1
111-2,理工學院,電機工程學系,電機工程學系,碩士,碩士班,男,一般生(非原住民族),經濟困難,自請休學,0,1
111-2,理工學院,電機工程學系,電機工程學系,碩士,碩士班,男,一般生(非原住民族),工作,自請休學,1,1
111-2,理工學院,電機工程學系,電機工程學系,碩士,碩士班,男,一般生(非原住民族),論文撰寫,自請休學,0,1
111-2,理工學院,電機工程學系,電機工程學系,碩士,碩士班,男,一般生(非原住民族),家務或家人照顧,自請休學,0,2
111-2,理工學院,電機工程學系,電機工程學系,碩士,碩士班,女,一般生(非原住民族),工作,自請休學,0,1
111-2,理工學院,電機工程學系,電機工程學系,學士,學士班,男,原住民族學生,就讀學校科系不符期待,自請休學,0,1
111-2,理工學院,電機工程學系,電機工程學系,學士,學士班,男,一般生(非原住民族),傷病,自請休學,1,1
111-2,理工學院,電機工程學系,電機工程學系,學士,學士班,男,一般生(非原住民族),經濟困難,自請休學,0,1
111-2,理工學院,電機工程學系,電機工程學系,學士,學士班,男,一般生(非原住民族),學業成績不佳,自請休學,1,1
111-2,理工學院,電機工程學系,電機工程學系,學士,學士班,男,一般生(非原住民族),就讀學校科系不符期待,自請休學,0,3
111-2,理工學院,電機工程學系,電機工程學系,學士,學士班,男,一般生(非原住民族),工作,自請休學,0,1
111-2,理工學院,電機工程學系,電機工程學系,學士,學士班,男,一般生(非原住民族),家務或家人照顧,自請休學,0,1
111-2,理工學院,電機工程學系,電機工程學系,學士,學士班,男,一般生(非原住民族),其他,自請休學,1,1
111-2,理工學院,電機工程學系,電機工程學系,學士,學士班,女,一般生(非原住民族),經濟困難,自請休學,0,1
111-2,理工學院,應用數學系,應用數學系,博士,博士班,男,一般生(非原住民族),傷病,自請休學,1,2
111-2,理工學院,應用數學系,應用數學系,博士,博士班,男,一般生(非原住民族),論文撰寫,自請休學,0,1
111-2,理工學院,應用數學系,應用數學系,碩士,碩士班,男,一般生(非原住民族),就讀學校科系不符期待,自請休學,0,1
111-2,理工學院,應用數學系,應用數學系,碩士,碩士班,男,一般生(非原住民族),論文撰寫,自請休學,0,1
111-2,理工學院,應用數學系,應用數學系,學士,學士班,男,一般生(非原住民族),學業成績不佳,自請休學,2,5
111-2,理工學院,應用數學系,應用數學系,學士,學士班,男,一般生(非原住民族),就讀學校科系不符期待,自請休學,1,5
111-2,理工學院,應用數學系,應用數學系,學士,學士班,男,一般生(非原住民族),工作,自請休學,1,2
111-2,理工學院,應用數學系,應用數學系,學士,學士班,男,一般生(非原住民族),就學環境,自請休學,0,1
111-2,理工學院,應用數學系,應用數學系,學士,學士班,男,一般生(非原住民族),家務或家人照顧,自請休學,1,2
111-2,理工學院,應用數學系,應用數學系,學士,學士班,男,一般生(非原住民族),考試訓練,自請休學,1,3
111-2,理工學院,應用數學系,應用數學系,學士,學士班,女,一般生(非原住民族),傷病,自請休學,1,2
111-2,理工學院,應用數學系,應用數學系,學士,學士班,女,一般生(非原住民族),學業成績不佳,自請休學,2,2
111-2,理工學院,應用數學系,應用數學系,學士,學士班,女,一般生(非原住民族),就讀學校科系不符期待,自請休學,0,1
111-2,理工學院,應用數學系,應用數學系統計碩士班,碩士,碩士班,女,一般生(非原住民族),就讀學校科系不符期待,自請休學,0,1
111-2,管理學院,企業管理學系,企業管理學系,博士,博士班,男,一般生(非原住民族),傷病,自請休學,0,1
111-2,管理學院,企業管理學系,企業管理學系,博士,博士班,男,一般生(非原住民族),學業成績不佳,自請休學,0,1
111-2,管理學院,企業管理學系,企業管理學系,博士,博士班,男,一般生(非原住民族),工作,自請休學,0,2
111-2,管理學院,企業管理學系,企業管理學系,博士,博士班,男,一般生(非原住民族),育嬰,自請休學,0,2
111-2,管理學院,企業管理學系,企業管理學系,博士,博士班,男,一般生(非原住民族),論文撰寫,自請休學,1,3
111-2,管理學院,企業管理學系,企業管理學系,博士,博士班,男,一般生(非原住民族),家務或家人照顧,自請休學,0,1
111-2,管理學院,企業管理學系,企業管理學系,博士,博士班,男,其他類學生,育嬰,自請休學,0,1
111-2,管理學院,企業管理學系,企業管理學系,博士,博士班,女,一般生(非原住民族),傷病,自請休學,1,2
111-2,管理學院,企業管理學系,企業管理學系,博士,博士班,女,一般生(非原住民族),工作,自請休學,1,3
111-2,管理學院,企業管理學系,企業管理學系,博士,博士班,女,一般生(非原住民族),育嬰,自請休學,1,2
111-2,管理學院,企業管理學系,企業管理學系,博士,博士班,女,一般生(非原住民族),論文撰寫,自請休學,0,1
111-2,管理學院,企業管理學系,企業管理學系,博士,博士班,女,一般生(非原住民族),就學環境,自請休學,0,1
111-2,管理學院,企業管理學系,企業管理學系,博士,博士班,女,一般生(非原住民族),家務或家人照顧,自請休學,0,2
111-2,管理學院,企業管理學系,企業管理學系,碩士,碩士在職專班,男,一般生(非原住民族),學業成績不佳,自請休學,1,1
111-2,管理學院,企業管理學系,企業管理學系,碩士,碩士在職專班,男,一般生(非原住民族),就讀學校科系不符期待,自請休學,0,1
111-2,管理學院,企業管理學系,企業管理學系,碩士,碩士在職專班,男,一般生(非原住民族),工作,自請休學,0,3
111-2,管理學院,企業管理學系,企業管理學系,碩士,碩士在職專班,男,一般生(非原住民族),育嬰,自請休學,0,1
111-2,管理學院,企業管理學系,企業管理學系,碩士,碩士在職專班,男,一般生(非原住民族),論文撰寫,自請休學,1,2
111-2,管理學院,企業管理學系,企業管理學系,碩士,碩士在職專班,女,原住民族學生,論文撰寫,自請休學,1,1
111-2,管理學院,企業管理學系,企業管理學系,碩士,碩士在職專班,女,一般生(非原住民族),就讀學校科系不符期待,自請休學,0,1
111-2,管理學院,企業管理學系,企業管理學系,碩士,碩士在職專班,女,一般生(非原住民族),工作,自請休學,1,2
111-2,管理學院,企業管理學系,企業管理學系,碩士,碩士在職專班,女,一般生(非原住民族),論文撰寫,自請休學,0,1
111-2,管理學院,企業管理學系,企業管理學系,碩士,碩士在職專班,女,一般生(非原住民族),家務或家人照顧,自請休學,0,1
111-2,管理學院,企業管理學系,企業管理學系,碩士,碩士班,男,一般生(非原住民族),工作,自請休學,0,1
111-2,管理學院,企業管理學系,企業管理學系,碩士,碩士班,男,一般生(非原住民族),兵役,自請休學,1,1
111-2,管理學院,企業管理學系,企業管理學系,碩士,碩士班,男,一般生(非原住民族),論文撰寫,自請休學,1,1
111-2,管理學院,企業管理學系,企業管理學系,碩士,碩士班,男,一般生(非原住民族),家務或家人照顧,自請休學,0,1
111-2,管理學院,企業管理學系,企業管理學系,碩士,碩士班,男,其他類學生,工作,自請休學,1,1
111-2,管理學院,企業管理學系,企業管理學系,碩士,碩士班,女,原住民族學生,育嬰,自請休學,0,1
111-2,管理學院,企業管理學系,企業管理學系,碩士,碩士班,女,一般生(非原住民族),傷病,自請休學,0,1
111-2,管理學院,企業管理學系,企業管理學系,碩士,碩士班,女,一般生(非原住民族),家務或家人照顧,自請休學,1,3
111-2,管理學院,企業管理學系,企業管理學系,碩士,碩士班,女,其他類學生,學業成績不佳,自請休學,0,1
111-2,管理學院,企業管理學系,企業管理學系,碩士,碩士班,女,其他類學生,懷孕,自請休學,1,1
111-2,管理學院,企業管理學系,企業管理學系,學士,學士班,男,原住民族學生,學業成績不佳,自請休學,1,1
111-2,管理學院,企業管理學系,企業管理學系,學士,學士班,男,一般生(非原住民族),傷病,自請休學,0,2
111-2,管理學院,企業管理學系,企業管理學系,學士,學士班,女,一般生(非原住民族),就讀學校科系不符期待,自請休學,1,3
111-2,管理學院,企業管理學系,企業管理學系,學士,學士班,女,一般生(非原住民族),出國,自請休學,0,1
111-2,管理學院,企業管理學系,企業管理學系,學士,學士班,女,其他類學生,家務或家人照顧,自請休學,2,2
111-2,管理學院,財務金融學系,財務金融學系,碩士,碩士班,男,一般生(非原住民族),就讀學校科系不符期待,自請休學,0,1
111-2,管理學院,財務金融學系,財務金融學系,碩士,碩士班,男,一般生(非原住民族),工作,自請休學,0,1
111-2,管理學院,財務金融學系,財務金融學系,碩士,碩士班,男,一般生(非原住民族),論文撰寫,自請休學,1,2
111-2,管理學院,財務金融學系,財務金融學系,碩士,碩士班,男,一般生(非原住民族),家務或家人照顧,自請休學,0,1
111-2,管理學院,財務金融學系,財務金融學系,碩士,碩士班,男,一般生(非原住民族),其他,自請休學,0,1
111-2,管理學院,財務金融學系,財務金融學系,碩士,碩士班,男,其他類學生,家務或家人照顧,自請休學,0,1
111-2,管理學院,財務金融學系,財務金融學系,學士,學士班,男,一般生(非原住民族),學業成績不佳,自請休學,2,2
111-2,管理學院,財務金融學系,財務金融學系,學士,學士班,男,一般生(非原住民族),就讀學校科系不符期待,自請休學,1,1
111-2,管理學院,財務金融學系,財務金融學系,學士,學士班,男,一般生(非原住民族),工作,自請休學,0,3
111-2,管理學院,財務金融學系,財務金融學系,學士,學士班,男,一般生(非原住民族),家務或家人照顧,自請休學,0,1
111-2,管理學院,財務金融學系,財務金融學系,學士,學士班,女,一般生(非原住民族),傷病,自請休學,1,1
111-2,管理學院,財務金融學系,財務金融學系,學士,學士班,女,其他類學生,傷病,自請休學,0,1
111-2,管理學院,國際企業學系,國際企業學系,碩士,碩士在職專班,男,一般生(非原住民族),傷病,自請休學,0,1
111-2,管理學院,國際企業學系,國際企業學系,碩士,碩士在職專班,男,一般生(非原住民族),工作,自請休學,0,3
111-2,管理學院,國際企業學系,國際企業學系,碩士,碩士在職專班,男,一般生(非原住民族),論文撰寫,自請休學,1,2
111-2,管理學院,國際企業學系,國際企業學系,碩士,碩士在職專班,女,一般生(非原住民族),傷病,自請休學,0,1
111-2,管理學院,國際企業學系,國際企業學系,碩士,碩士在職專班,女,一般生(非原住民族),就讀學校科系不符期待,自請休學,0,1
111-2,管理學院,國際企業學系,國際企業學系,碩士,碩士在職專班,女,一般生(非原住民族),工作,自請休學,0,3
111-2,管理學院,國際企業學系,國際企業學系,碩士,碩士在職專班,女,一般生(非原住民族),出國,自請休學,0,1
111-2,管理學院,國際企業學系,國際企業學系,碩士,碩士在職專班,女,一般生(非原住民族),論文撰寫,自請休學,0,1
111-2,管理學院,國際企業學系,國際企業學系,碩士,碩士班,男,其他類學生,學業成績不佳,自請休學,0,1
111-2,管理學院,國際企業學系,國際企業學系,碩士,碩士班,女,原住民族學生,工作,自請休學,1,1
111-2,管理學院,國際企業學系,國際企業學系,碩士,碩士班,女,一般生(非原住民族),傷病,自請休學,0,1
111-2,管理學院,國際企業學系,國際企業學系,碩士,碩士班,女,一般生(非原住民族),就讀學校科系不符期待,自請休學,0,2
111-2,管理學院,國際企業學系,國際企業學系,碩士,碩士班,女,一般生(非原住民族),育嬰,自請休學,0,1
111-2,管理學院,國際企業學系,國際企業學系,碩士,碩士班,女,一般生(非原住民族),考試訓練,自請休學,0,1
111-2,管理學院,國際企業學系,國際企業學系,學士,學士班,女,一般生(非原住民族),傷病,自請休學,0,1
111-2,管理學院,國際企業學系,國際企業學系,學士,學士班,女,一般生(非原住民族),就讀學校科系不符期待,自請休學,1,2
111-2,管理學院,國際企業學系,國際企業學系,學士,學士班,女,一般生(非原住民族),工作,自請休學,1,1
111-2,管理學院,國際企業學系,國際企業學系經營管理碩士在職專班,碩士,碩士在職專班,男,原住民族學生,工作,自請休學,0,1
111-2,管理學院,國際企業學系,國際企業學系經營管理碩士在職專班,碩士,碩士在職專班,男,原住民族學生,育嬰,自請休學,0,2
111-2,管理學院,國際企業學系,國際企業學系經營管理碩士在職專班,碩士,碩士在職專班,男,一般生(非原住民族),工作,自請休學,2,5
111-2,管理學院,國際企業學系,國際企業學系經營管理碩士在職專班,碩士,碩士在職專班,男,一般生(非原住民族),育嬰,自請休學,0,5
111-2,管理學院,國際企業學系,國際企業學系經營管理碩士在職專班,碩士,碩士在職專班,男,一般生(非原住民族),論文撰寫,自請休學,0,1
111-2,管理學院,國際企業學系,國際企業學系經營管理碩士在職專班,碩士,碩士在職專班,男,一般生(非原住民族),家務或家人照顧,自請休學,0,2
111-2,管理學院,國際企業學系,國際企業學系經營管理碩士在職專班,碩士,碩士在職專班,女,一般生(非原住民族),懷孕,自請休學,1,2
111-2,管理學院,會計學系,會計學系,碩士,碩士班,男,一般生(非原住民族),家務或家人照顧,自請休學,0,1
111-2,管理學院,會計學系,會計學系,碩士,碩士班,女,一般生(非原住民族),論文撰寫,自請休學,1,1
111-2,管理學院,會計學系,會計學系,學士,學士班,男,一般生(非原住民族),就讀學校科系不符期待,自請休學,1,2
111-2,管理學院,會計學系,會計學系,學士,學士班,女,一般生(非原住民族),經濟困難,自請休學,0,1
111-2,管理學院,會計學系,會計學系,學士,學士班,女,一般生(非原住民族),就讀學校科系不符期待,自請休學,0,2
111-2,管理學院,資訊管理學系,資訊管理學系,碩士,碩士班,男,一般生(非原住民族),經濟困難,自請休學,0,1
111-2,管理學院,資訊管理學系,資訊管理學系,學士,學士班,男,一般生(非原住民族),經濟困難,自請休學,0,1
111-2,管理學院,資訊管理學系,資訊管理學系,學士,學士班,男,一般生(非原住民族),就讀學校科系不符期待,自請休學,1,3
111-2,管理學院,資訊管理學系,資訊管理學系,學士,學士班,女,一般生(非原住民族),就讀學校科系不符期待,自請休學,1,2
111-2,管理學院,運籌管理研究所,運籌管理研究所,碩士,碩士班,男,一般生(非原住民族),兵役,自請休學,2,2
111-2,管理學院,運籌管理研究所,運籌管理研究所,碩士,碩士班,男,一般生(非原住民族),家務或家人照顧,自請休學,0,1
111-2,管理學院,運籌管理研究所,運籌管理研究所,碩士,碩士班,女,一般生(非原住民族),論文撰寫,自請休學,1,1
111-2,管理學院,運籌管理研究所,運籌管理研究所,碩士,碩士班,女,一般生(非原住民族),家務或家人照顧,自請休學,1,1
111-2,管理學院,管理學院高階經營管理碩士在職專班,管理學院高階經營管理碩士在職專班,碩士,碩士在職專班,男,一般生(非原住民族),傷病,自請休學,0,1
111-2,管理學院,管理學院高階經營管理碩士在職專班,管理學院高階經營管理碩士在職專班,碩士,碩士在職專班,男,一般生(非原住民族),就讀學校科系不符期待,自請休學,1,1
111-2,管理學院,管理學院高階經營管理碩士在職專班,管理學院高階經營管理碩士在職專班,碩士,碩士在職專班,男,一般生(非原住民族),工作,自請休學,1,4
111-2,管理學院,管理學院高階經營管理碩士在職專班,管理學院高階經營管理碩士在職專班,碩士,碩士在職專班,男,一般生(非原住民族),論文撰寫,自請休學,0,1
111-2,管理學院,管理學院高階經營管理碩士在職專班,管理學院高階經營管理碩士在職專班,碩士,碩士在職專班,女,原住民族學生,工作,自請休學,1,1
111-2,管理學院,管理學院高階經營管理碩士在職專班,管理學院高階經營管理碩士在職專班,碩士,碩士在職專班,女,一般生(非原住民族),就讀學校科系不符期待,自請休學,1,1
111-2,管理學院,管理學院高階經營管理碩士在職專班,管理學院高階經營管理碩士在職專班,碩士,碩士在職專班,女,一般生(非原住民族),工作,自請休學,0,2
111-2,管理學院,管理學院管理科學與財金國際學士學位學程,管理學院管理科學與財金國際學士學位學程,學士,學士班,男,一般生(非原住民族),就讀學校科系不符期待,自請休學,1,1
111-2,管理學院,管理學院管理科學與財金國際學士學位學程,管理學院管理科學與財金國際學士學位學程,學士,學士班,女,一般生(非原住民族),就讀學校科系不符期待,自請休學,0,1
111-2,管理學院,管理學院管理科學與財金國際學士學位學程,管理學院管理科學與財金國際學士學位學程,學士,學士班,女,一般生(非原住民族),出國,自請休學,0,1
111-2,管理學院,管理學院管理科學與財金國際學士學位學程,管理學院管理科學與財金國際學士學位學程,學士,學士班,女,其他類學生,家務或家人照顧,自請休學,1,1
111-2,管理學院,觀光暨休閒遊憩學系,觀光暨休閒遊憩學系,碩士,碩士班,男,一般生(非原住民族),工作,自請休學,0,1
111-2,管理學院,觀光暨休閒遊憩學系,觀光暨休閒遊憩學系,碩士,碩士班,男,一般生(非原住民族),其他,自請休學,1,1
111-2,管理學院,觀光暨休閒遊憩學系,觀光暨休閒遊憩學系,碩士,碩士班,女,一般生(非原住民族),工作,自請休學,1,3
111-2,管理學院,觀光暨休閒遊憩學系,觀光暨休閒遊憩學系,碩士,碩士班,女,一般生(非原住民族),育嬰,自請休學,0,1
111-2,管理學院,觀光暨休閒遊憩學系,觀光暨休閒遊憩學系,碩士,碩士班,女,一般生(非原住民族),論文撰寫,自請休學,0,2
111-2,管理學院,觀光暨休閒遊憩學系,觀光暨休閒遊憩學系,碩士,碩士班,女,一般生(非原住民族),家務或家人照顧,自請休學,0,1
111-2,管理學院,觀光暨休閒遊憩學系,觀光暨休閒遊憩學系,碩士,碩士班,女,其他類學生,家務或家人照顧,自請休學,0,1
111-2,管理學院,觀光暨休閒遊憩學系,觀光暨休閒遊憩學系,學士,學士班,男,原住民族學生,就讀學校科系不符期待,自請休學,0,1
111-2,管理學院,觀光暨休閒遊憩學系,觀光暨休閒遊憩學系,學士,學士班,男,一般生(非原住民族),傷病,自請休學,0,3
111-2,管理學院,觀光暨休閒遊憩學系,觀光暨休閒遊憩學系,學士,學士班,男,一般生(非原住民族),就讀學校科系不符期待,自請休學,0,2
111-2,管理學院,觀光暨休閒遊憩學系,觀光暨休閒遊憩學系,學士,學士班,男,一般生(非原住民族),工作,自請休學,0,1
111-2,管理學院,觀光暨休閒遊憩學系,觀光暨休閒遊憩學系,學士,學士班,男,一般生(非原住民族),出國,自請休學,0,1
111-2,管理學院,觀光暨休閒遊憩學系,觀光暨休閒遊憩學系,學士,學士班,男,一般生(非原住民族),考試訓練,自請休學,0,1
111-2,管理學院,觀光暨休閒遊憩學系,觀光暨休閒遊憩學系,學士,學士班,女,原住民族學生,育嬰,自請休學,0,1
111-2,管理學院,觀光暨休閒遊憩學系,觀光暨休閒遊憩學系,學士,學士班,女,一般生(非原住民族),傷病,自請休學,1,1
111-2,管理學院,觀光暨休閒遊憩學系,觀光暨休閒遊憩學系,學士,學士班,女,一般生(非原住民族),就讀學校科系不符期待,自請休學,1,2
111-2,管理學院,觀光暨休閒遊憩學系,觀光暨休閒遊憩學系,學士,學士班,女,一般生(非原住民族),家務或家人照顧,自請休學,1,1
111-2,管理學院,觀光暨休閒遊憩學系,觀光暨休閒遊憩學系,學士,學士班,女,一般生(非原住民族),考試訓練,自請休學,0,1
111-2,環境暨海洋學院,自然資源與環境學系,自然資源與環境學系,博士,博士班,男,一般生(非原住民族),傷病,自請休學,0,1
111-2,環境暨海洋學院,自然資源與環境學系,自然資源與環境學系,博士,博士班,男,一般生(非原住民族),工作,自請休學,1,3
111-2,環境暨海洋學院,自然資源與環境學系,自然資源與環境學系,博士,博士班,男,一般生(非原住民族),育嬰,自請休學,0,1
111-2,環境暨海洋學院,自然資源與環境學系,自然資源與環境學系,博士,博士班,男,一般生(非原住民族),論文撰寫,自請休學,1,2
111-2,環境暨海洋學院,自然資源與環境學系,自然資源與環境學系,博士,博士班,男,其他類學生,工作,自請休學,0,1
111-2,環境暨海洋學院,自然資源與環境學系,自然資源與環境學系,博士,博士班,女,一般生(非原住民族),傷病,自請休學,1,1
111-2,環境暨海洋學院,自然資源與環境學系,自然資源與環境學系,博士,博士班,女,一般生(非原住民族),工作,自請休學,0,1
111-2,環境暨海洋學院,自然資源與環境學系,自然資源與環境學系,碩士,碩士班,男,原住民族學生,傷病,自請休學,1,1
111-2,環境暨海洋學院,自然資源與環境學系,自然資源與環境學系,碩士,碩士班,男,原住民族學生,家務或家人照顧,自請休學,0,1
111-2,環境暨海洋學院,自然資源與環境學系,自然資源與環境學系,碩士,碩士班,男,一般生(非原住民族),經濟困難,自請休學,1,1
111-2,環境暨海洋學院,自然資源與環境學系,自然資源與環境學系,碩士,碩士班,男,一般生(非原住民族),就讀學校科系不符期待,自請休學,1,4
111-2,環境暨海洋學院,自然資源與環境學系,自然資源與環境學系,碩士,碩士班,男,一般生(非原住民族),工作,自請休學,0,1
111-2,環境暨海洋學院,自然資源與環境學系,自然資源與環境學系,碩士,碩士班,男,一般生(非原住民族),論文撰寫,自請休學,2,4
111-2,環境暨海洋學院,自然資源與環境學系,自然資源與環境學系,碩士,碩士班,男,一般生(非原住民族),家務或家人照顧,自請休學,1,1
111-2,環境暨海洋學院,自然資源與環境學系,自然資源與環境學系,碩士,碩士班,女,原住民族學生,論文撰寫,自請休學,1,1
111-2,環境暨海洋學院,自然資源與環境學系,自然資源與環境學系,碩士,碩士班,女,一般生(非原住民族),就讀學校科系不符期待,自請休學,1,1
111-2,環境暨海洋學院,自然資源與環境學系,自然資源與環境學系,碩士,碩士班,女,一般生(非原住民族),工作,自請休學,0,4
111-2,環境暨海洋學院,自然資源與環境學系,自然資源與環境學系,碩士,碩士班,女,一般生(非原住民族),懷孕,自請休學,0,1
111-2,環境暨海洋學院,自然資源與環境學系,自然資源與環境學系,學士,學士班,男,一般生(非原住民族),傷病,自請休學,0,1
111-2,環境暨海洋學院,自然資源與環境學系,自然資源與環境學系,學士,學士班,男,一般生(非原住民族),經濟困難,自請休學,0,1
111-2,環境暨海洋學院,自然資源與環境學系,自然資源與環境學系,學士,學士班,男,一般生(非原住民族),學業成績不佳,自請休學,1,2
111-2,環境暨海洋學院,自然資源與環境學系,自然資源與環境學系,學士,學士班,男,一般生(非原住民族),兵役,自請休學,0,2
111-2,環境暨海洋學院,自然資源與環境學系,自然資源與環境學系,學士,學士班,男,一般生(非原住民族),出國,自請休學,1,1
111-2,環境暨海洋學院,自然資源與環境學系,自然資源與環境學系,學士,學士班,男,一般生(非原住民族),考試訓練,自請休學,0,1
111-2,環境暨海洋學院,自然資源與環境學系,自然資源與環境學系,學士,學士班,男,一般生(非原住民族),其他,自請休學,0,1
111-2,環境暨海洋學院,自然資源與環境學系,自然資源與環境學系,學士,學士班,男,其他類學生,就學環境,自請休學,0,1
111-2,環境暨海洋學院,自然資源與環境學系,自然資源與環境學系,學士,學士班,女,一般生(非原住民族),傷病,自請休學,1,2
111-2,環境暨海洋學院,自然資源與環境學系,自然資源與環境學系,學士,學士班,女,一般生(非原住民族),就讀學校科系不符期待,自請休學,2,2
111-2,環境暨海洋學院,自然資源與環境學系,自然資源與環境學系,學士,學士班,女,一般生(非原住民族),工作,自請休學,0,1
111-2,環境暨海洋學院,自然資源與環境學系,自然資源與環境學系,學士,學士班,女,一般生(非原住民族),出國,自請休學,0,1
111-2,環境暨海洋學院,海洋生物研究所,海洋生物研究所,碩士,碩士班,男,一般生(非原住民族),就讀學校科系不符期待,自請休學,1,2
111-2,環境暨海洋學院,海洋生物研究所,海洋生物研究所,碩士,碩士班,男,一般生(非原住民族),工作,自請休學,1,1
111-2,環境暨海洋學院,海洋生物研究所,海洋生物研究所,碩士,碩士班,男,一般生(非原住民族),家務或家人照顧,自請休學,0,2
111-2,環境暨海洋學院,海洋生物研究所,海洋生物研究所,碩士,碩士班,女,一般生(非原住民族),就讀學校科系不符期待,自請休學,1,1
111-2,藝術學院,音樂學系,音樂學系,碩士,碩士班,男,一般生(非原住民族),工作,自請休學,0,2
111-2,藝術學院,音樂學系,音樂學系,碩士,碩士班,男,一般生(非原住民族),就學環境,自請休學,0,1
111-2,藝術學院,音樂學系,音樂學系,碩士,碩士班,女,原住民族學生,育嬰,自請休學,0,1
111-2,藝術學院,音樂學系,音樂學系,碩士,碩士班,女,一般生(非原住民族),傷病,自請休學,0,1
111-2,藝術學院,音樂學系,音樂學系,碩士,碩士班,女,一般生(非原住民族),經濟困難,自請休學,0,1
111-2,藝術學院,音樂學系,音樂學系,碩士,碩士班,女,一般生(非原住民族),學業成績不佳,自請休學,0,1
111-2,藝術學院,音樂學系,音樂學系,碩士,碩士班,女,一般生(非原住民族),就讀學校科系不符期待,自請休學,0,1
111-2,藝術學院,音樂學系,音樂學系,碩士,碩士班,女,一般生(非原住民族),工作,自請休學,1,1
111-2,藝術學院,音樂學系,音樂學系,碩士,碩士班,女,一般生(非原住民族),論文撰寫,自請休學,1,2
111-2,藝術學院,音樂學系,音樂學系,學士,學士班,男,一般生(非原住民族),就讀學校科系不符期待,自請休學,2,2
111-2,藝術學院,音樂學系,音樂學系,學士,學士班,男,一般生(非原住民族),兵役,自請休學,1,1
111-2,藝術學院,音樂學系,音樂學系,學士,學士班,男,一般生(非原住民族),家務或家人照顧,自請休學,0,1
111-2,藝術學院,音樂學系,音樂學系,學士,學士班,女,一般生(非原住民族),傷病,自請休學,1,2
111-2,藝術學院,音樂學系,音樂學系,學士,學士班,女,一般生(非原住民族),出國,自請休學,0,2
111-2,藝術學院,音樂學系,音樂學系,學士,學士班,女,一般生(非原住民族),其他,自請休學,2,2
111-2,藝術學院,藝術創意產業學系,藝術創意產業學系,碩士,碩士在職專班,男,一般生(非原住民族),工作,自請休學,1,3
111-2,藝術學院,藝術創意產業學系,藝術創意產業學系,碩士,碩士在職專班,女,原住民族學生,工作,自請休學,0,3
111-2,藝術學院,藝術創意產業學系,藝術創意產業學系,碩士,碩士在職專班,女,原住民族學生,懷孕,自請休學,0,1
111-2,藝術學院,藝術創意產業學系,藝術創意產業學系,碩士,碩士在職專班,女,一般生(非原住民族),傷病,自請休學,0,1
111-2,藝術學院,藝術創意產業學系,藝術創意產業學系,碩士,碩士在職專班,女,一般生(非原住民族),工作,自請休學,1,3
111-2,藝術學院,藝術創意產業學系,藝術創意產業學系,碩士,碩士在職專班,女,一般生(非原住民族),育嬰,自請休學,0,1
111-2,藝術學院,藝術創意產業學系,藝術創意產業學系,碩士,碩士在職專班,女,一般生(非原住民族),家務或家人照顧,自請休學,0,1
111-2,藝術學院,藝術創意產業學系,藝術創意產業學系,碩士,碩士班,男,原住民族學生,論文撰寫,自請休學,1,1
111-2,藝術學院,藝術創意產業學系,藝術創意產業學系,碩士,碩士班,男,一般生(非原住民族),就讀學校科系不符期待,自請休學,0,1
111-2,藝術學院,藝術創意產業學系,藝術創意產業學系,碩士,碩士班,男,一般生(非原住民族),工作,自請休學,0,3
111-2,藝術學院,藝術創意產業學系,藝術創意產業學系,碩士,碩士班,男,一般生(非原住民族),論文撰寫,自請休學,0,2
111-2,藝術學院,藝術創意產業學系,藝術創意產業學系,碩士,碩士班,女,一般生(非原住民族),傷病,自請休學,0,1
111-2,藝術學院,藝術創意產業學系,藝術創意產業學系,碩士,碩士班,女,一般生(非原住民族),就讀學校科系不符期待,自請休學,0,1
111-2,藝術學院,藝術創意產業學系,藝術創意產業學系,碩士,碩士班,女,一般生(非原住民族),工作,自請休學,0,5
111-2,藝術學院,藝術創意產業學系,藝術創意產業學系,碩士,碩士班,女,一般生(非原住民族),論文撰寫,自請休學,0,2
111-2,藝術學院,藝術創意產業學系,藝術創意產業學系,碩士,碩士班,女,一般生(非原住民族),家務或家人照顧,自請休學,1,3
111-2,藝術學院,藝術創意產業學系,藝術創意產業學系,碩士,碩士班,女,其他類學生,家務或家人照顧,自請休學,0,1
111-2,藝術學院,藝術創意產業學系,藝術創意產業學系,學士,學士班,男,其他類學生,就讀學校科系不符期待,自請休學,0,1
111-2,藝術學院,藝術創意產業學系,藝術創意產業學系,學士,學士班,女,原住民族學生,工作,自請休學,0,1
111-2,藝術學院,藝術創意產業學系,藝術創意產業學系,學士,學士班,女,一般生(非原住民族),傷病,自請休學,1,1
111-2,藝術學院,藝術創意產業學系,藝術創意產業學系,學士,學士班,女,一般生(非原住民族),就讀學校科系不符期待,自請休學,1,2
111-2,藝術學院,藝術與設計學系,藝術與設計學系,碩士,碩士班,男,一般生(非原住民族),經濟困難,自請休學,0,1
111-2,藝術學院,藝術與設計學系,藝術與設計學系,碩士,碩士班,男,一般生(非原住民族),工作,自請休學,1,4
111-2,藝術學院,藝術與設計學系,藝術與設計學系,碩士,碩士班,男,一般生(非原住民族),兵役,自請休學,0,1
111-2,藝術學院,藝術與設計學系,藝術與設計學系,碩士,碩士班,男,一般生(非原住民族),家務或家人照顧,自請休學,0,2
111-2,藝術學院,藝術與設計學系,藝術與設計學系,碩士,碩士班,女,原住民族學生,工作,自請休學,0,2
111-2,藝術學院,藝術與設計學系,藝術與設計學系,碩士,碩士班,女,一般生(非原住民族),經濟困難,自請休學,0,1
111-2,藝術學院,藝術與設計學系,藝術與設計學系,碩士,碩士班,女,一般生(非原住民族),工作,自請休學,2,5
111-2,藝術學院,藝術與設計學系,藝術與設計學系,碩士,碩士班,女,一般生(非原住民族),育嬰,自請休學,0,1
111-2,藝術學院,藝術與設計學系,藝術與設計學系,碩士,碩士班,女,一般生(非原住民族),出國,自請休學,0,1
111-2,藝術學院,藝術與設計學系,藝術與設計學系,碩士,碩士班,女,一般生(非原住民族),論文撰寫,自請休學,1,2
111-2,藝術學院,藝術與設計學系,藝術與設計學系,碩士,碩士班,女,一般生(非原住民族),家務或家人照顧,自請休學,1,1
111-2,藝術學院,藝術與設計學系,藝術與設計學系,碩士,碩士班,女,其他類學生,經濟困難,自請休學,0,1
111-2,藝術學院,藝術與設計學系,藝術與設計學系,學士,學士班,男,一般生(非原住民族),經濟困難,自請休學,0,1
111-2,藝術學院,藝術與設計學系,藝術與設計學系,學士,學士班,男,一般生(非原住民族),家務或家人照顧,自請休學,0,1
111-2,藝術學院,藝術與設計學系,藝術與設計學系,學士,學士班,男,一般生(非原住民族),考試訓練,自請休學,0,1
111-2,藝術學院,藝術與設計學系,藝術與設計學系,學士,學士班,男,其他類學生,傷病,自請休學,1,2
111-2,藝術學院,藝術與設計學系,藝術與設計學系,學士,學士班,男,其他類學生,學業成績不佳,自請休學,1,1
111-2,藝術學院,藝術與設計學系,藝術與設計學系,學士,學士班,女,原住民族學生,就讀學校科系不符期待,自請休學,1,1
111-2,藝術學院,藝術與設計學系,藝術與設計學系,學士,學士班,女,一般生(非原住民族),傷病,自請休學,1,3
111-2,藝術學院,藝術與設計學系,藝術與設計學系,學士,學士班,女,一般生(非原住民族),就讀學校科系不符期待,自請休學,0,3
111-2,藝術學院,藝術與設計學系,藝術與設計學系,學士,學士班,女,一般生(非原住民族),出國,自請休學,0,1
111-2,藝術學院,藝術與設計學系,藝術與設計學系,學士,學士班,女,其他類學生,傷病,自請休學,1,1
111-2,藝術學院,藝術與設計學系,藝術與設計學系,學士,學士班,女,其他類學生,家務或家人照顧,自請休學,0,1
112-1,理工學院,應用數學系,應用數學系,學士,學士班,男,一般生(非原住民族),傷病,自請休學,4,5
112-1,理工學院,應用數學系,應用數學系,學士,學士班,男,一般生(非原住民族),學業成績不佳,自請休學,0,1
112-1,理工學院,應用數學系,應用數學系,學士,學士班,男,一般生(非原住民族),就讀學校科系不符期待,自請休學,3,5
112-1,理工學院,應用數學系,應用數學系,學士,學士班,男,一般生(非原住民族),工作,自請休學,1,2
112-1,理工學院,應用數學系,應用數學系,學士,學士班,男,一般生(非原住民族),家務或家人照顧,自請休學,1,2
112-1,理工學院,應用數學系,應用數學系,學士,學士班,男,一般生(非原住民族),考試訓練,自請休學,0,1
112-1,理工學院,應用數學系,應用數學系,博士,博士班,男,一般生(非原住民族),傷病,自請休學,0,2
112-1,理工學院,應用數學系,應用數學系,碩士,碩士班,男,一般生(非原住民族),就讀學校科系不符期待,自請休學,1,2
112-1,理工學院,應用數學系,應用數學系,碩士,碩士班,男,一般生(非原住民族),論文撰寫,自請休學,1,2
112-1,理工學院,資訊工程學系,資訊工程學系,學士,學士班,男,原住民族學生,兵役,自請休學,0,1
112-1,理工學院,資訊工程學系,資訊工程學系,學士,學士班,男,一般生(非原住民族),傷病,自請休學,0,2
112-1,理工學院,資訊工程學系,資訊工程學系,學士,學士班,男,一般生(非原住民族),學業成績不佳,自請休學,2,3
112-1,理工學院,資訊工程學系,資訊工程學系,學士,學士班,男,一般生(非原住民族),就讀學校科系不符期待,自請休學,2,5
112-1,理工學院,資訊工程學系,資訊工程學系,學士,學士班,男,一般生(非原住民族),工作,自請休學,0,2
112-1,理工學院,資訊工程學系,資訊工程學系,學士,學士班,男,一般生(非原住民族),考試訓練,自請休學,0,1
112-1,理工學院,資訊工程學系,資訊工程學系,學士,學士班,男,其他類學生,家務或家人照顧,自請休學,1,1
112-1,理工學院,資訊工程學系,資訊工程學系,學士,學士班,男,其他類學生,其他,自請休學,1,1
112-1,理工學院,資訊工程學系,資訊工程學系,學士,學士班,女,一般生(非原住民族),經濟困難,自請休學,0,1
112-1,理工學院,資訊工程學系,資訊工程學系,學士,學士班,女,一般生(非原住民族),就讀學校科系不符期待,自請休學,1,1
112-1,理工學院,資訊工程學系,資訊工程學系,學士,學士班,女,一般生(非原住民族),出國,自請休學,0,1
112-1,理工學院,資訊工程學系,資訊工程學系,學士,學士班,女,其他類學生,傷病,自請休學,1,1
112-1,理工學院,資訊工程學系,資訊工程學系,博士,博士班,男,一般生(非原住民族),論文撰寫,自請休學,0,2
112-1,理工學院,資訊工程學系,資訊工程學系,碩士,碩士班,男,原住民族學生,論文撰寫,自請休學,0,1
112-1,理工學院,資訊工程學系,資訊工程學系,碩士,碩士班,男,一般生(非原住民族),傷病,自請休學,0,1
112-1,理工學院,資訊工程學系,資訊工程學系,碩士,碩士班,男,一般生(非原住民族),經濟困難,自請休學,0,2
112-1,理工學院,資訊工程學系,資訊工程學系,碩士,碩士班,男,一般生(非原住民族),工作,自請休學,1,2
112-1,理工學院,資訊工程學系,資訊工程學系,碩士,碩士班,男,一般生(非原住民族),兵役,自請休學,1,1
112-1,理工學院,資訊工程學系,資訊工程學系,碩士,碩士班,男,一般生(非原住民族),論文撰寫,自請休學,0,6
112-1,理工學院,資訊工程學系,資訊工程學系,碩士,碩士班,男,一般生(非原住民族),家務或家人照顧,自請休學,1,2
112-1,理工學院,資訊工程學系,資訊工程學系,碩士,碩士班,男,其他類學生,經濟困難,自請休學,1,1
112-1,理工學院,資訊工程學系,資訊工程學系,碩士,碩士班,男,其他類學生,家務或家人照顧,自請休學,1,1
112-1,理工學院,資訊工程學系,資訊工程學系,碩士,碩士班,女,一般生(非原住民族),經濟困難,自請休學,0,1
112-1,理工學院,資訊工程學系,資訊工程學系,碩士,碩士班,女,一般生(非原住民族),就讀學校科系不符期待,自請休學,0,1
112-1,理工學院,資訊工程學系,資訊工程學系,碩士,碩士班,女,一般生(非原住民族),工作,自請休學,0,1
112-1,理工學院,資訊工程學系,資訊工程學系,碩士,碩士班,女,一般生(非原住民族),論文撰寫,自請休學,0,1
112-1,理工學院,資訊工程學系,資訊工程學系,碩士,碩士班,女,其他類學生,經濟困難,自請休學,0,1
112-1,理工學院,資訊工程學系,資訊工程學系,碩士,碩士班,女,其他類學生,就讀學校科系不符期待,自請休學,0,1
112-1,理工學院,資訊工程學系,資訊工程學系,碩士,碩士在職專班,男,一般生(非原住民族),工作,自請休學,2,2
112-1,理工學院,資訊工程學系,資訊工程學系,碩士,碩士在職專班,男,一般生(非原住民族),育嬰,自請休學,1,1
112-1,理工學院,生化暨分子醫學科學系,生命科學系,學士,學士班,男,一般生(非原住民族),傷病,自請休學,1,1
112-1,理工學院,生化暨分子醫學科學系,生命科學系,學士,學士班,男,一般生(非原住民族),就讀學校科系不符期待,自請休學,2,3
112-1,理工學院,生化暨分子醫學科學系,生命科學系,學士,學士班,男,其他類學生,學業成績不佳,自請休學,1,1
112-1,理工學院,生化暨分子醫學科學系,生命科學系,學士,學士班,女,一般生(非原住民族),就讀學校科系不符期待,自請休學,0,1
112-1,理工學院,物理學系,物理學系,學士,學士班,男,一般生(非原住民族),學業成績不佳,自請休學,1,3
112-1,理工學院,物理學系,物理學系,學士,學士班,男,一般生(非原住民族),就讀學校科系不符期待,自請休學,2,3
112-1,理工學院,物理學系,物理學系,學士,學士班,男,一般生(非原住民族),工作,自請休學,1,2
112-1,理工學院,物理學系,物理學系,學士,學士班,男,一般生(非原住民族),出國,自請休學,0,1
112-1,理工學院,物理學系,物理學系,學士,學士班,男,一般生(非原住民族),家務或家人照顧,自請休學,1,3
112-1,理工學院,化學系,化學系,學士,學士班,男,一般生(非原住民族),傷病,自請休學,0,2
112-1,理工學院,化學系,化學系,學士,學士班,男,一般生(非原住民族),學業成績不佳,自請休學,1,1
112-1,理工學院,化學系,化學系,學士,學士班,男,一般生(非原住民族),工作,自請休學,1,1
112-1,理工學院,化學系,化學系,學士,學士班,男,一般生(非原住民族),出國,自請休學,0,1
112-1,理工學院,化學系,化學系,學士,學士班,男,一般生(非原住民族),考試訓練,自請休學,1,1
112-1,理工學院,化學系,化學系,學士,學士班,男,一般生(非原住民族),其他,自請休學,2,2
112-1,理工學院,化學系,化學系,學士,學士班,女,一般生(非原住民族),就學環境,自請休學,1,1
112-1,理工學院,化學系,化學系,學士,學士班,女,一般生(非原住民族),考試訓練,自請休學,0,1
112-1,理工學院,化學系,化學系,學士,學士班,女,一般生(非原住民族),其他,自請休學,1,1
112-1,理工學院,化學系,化學系,博士,博士班,男,一般生(非原住民族),學業成績不佳,自請休學,0,1
112-1,理工學院,化學系,化學系,碩士,碩士班,男,一般生(非原住民族),學業成績不佳,自請休學,1,2
112-1,理工學院,化學系,化學系,碩士,碩士班,男,一般生(非原住民族),就讀學校科系不符期待,自請休學,1,1
112-1,理工學院,電機工程學系,電機工程學系,學士,學士班,男,原住民族學生,就讀學校科系不符期待,自請休學,0,1
112-1,理工學院,電機工程學系,電機工程學系,學士,學士班,男,一般生(非原住民族),經濟困難,自請休學,0,1
112-1,理工學院,電機工程學系,電機工程學系,學士,學士班,男,一般生(非原住民族),學業成績不佳,自請休學,0,1
112-1,理工學院,電機工程學系,電機工程學系,學士,學士班,男,一般生(非原住民族),就讀學校科系不符期待,自請休學,2,4
112-1,理工學院,電機工程學系,電機工程學系,學士,學士班,男,一般生(非原住民族),工作,自請休學,0,1
112-1,理工學院,電機工程學系,電機工程學系,學士,學士班,男,一般生(非原住民族),出國,自請休學,1,1
112-1,理工學院,電機工程學系,電機工程學系,學士,學士班,男,一般生(非原住民族),就學環境,自請休學,1,1
112-1,理工學院,電機工程學系,電機工程學系,學士,學士班,男,一般生(非原住民族),家務或家人照顧,自請休學,0,1
112-1,理工學院,電機工程學系,電機工程學系,學士,學士班,女,一般生(非原住民族),家務或家人照顧,自請休學,1,1
112-1,理工學院,電機工程學系,電機工程學系,博士,博士班,男,一般生(非原住民族),兵役,自請休學,0,1
112-1,理工學院,電機工程學系,電機工程學系,碩士,碩士班,男,一般生(非原住民族),經濟困難,自請休學,0,1
112-1,理工學院,電機工程學系,電機工程學系,碩士,碩士班,男,一般生(非原住民族),出國,自請休學,1,1
112-1,理工學院,電機工程學系,電機工程學系,碩士,碩士班,男,一般生(非原住民族),家務或家人照顧,自請休學,0,2
112-1,理工學院,電機工程學系,電機工程學系,碩士,碩士班,女,一般生(非原住民族),工作,自請休學,0,1
112-1,理工學院,材料科學與工程學系,材料科學與工程學系,學士,學士班,男,一般生(非原住民族),學業成績不佳,自請休學,0,1
112-1,理工學院,材料科學與工程學系,材料科學與工程學系,學士,學士班,男,一般生(非原住民族),就讀學校科系不符期待,自請休學,3,4
112-1,理工學院,材料科學與工程學系,材料科學與工程學系,學士,學士班,男,一般生(非原住民族),工作,自請休學,0,1
112-1,理工學院,材料科學與工程學系,材料科學與工程學系,學士,學士班,男,一般生(非原住民族),家務或家人照顧,自請休學,0,3
112-1,理工學院,材料科學與工程學系,材料科學與工程學系,學士,學士班,女,一般生(非原住民族),學業成績不佳,自請休學,1,1
112-1,理工學院,材料科學與工程學系,材料科學與工程學系,學士,學士班,女,一般生(非原住民族),就讀學校科系不符期待,自請休學,0,1
112-1,理工學院,材料科學與工程學系,材料科學與工程學系,學士,學士班,女,一般生(非原住民族),家務或家人照顧,自請休學,1,1
112-1,理工學院,材料科學與工程學系,材料科學與工程學系,博士,博士班,男,一般生(非原住民族),工作,自請休學,0,1
112-1,理工學院,材料科學與工程學系,材料科學與工程學系,博士,博士班,男,一般生(非原住民族),家務或家人照顧,自請休學,1,1
112-1,理工學院,材料科學與工程學系,材料科學與工程學系,碩士,碩士班,男,一般生(非原住民族),就讀學校科系不符期待,自請休學,0,1
112-1,理工學院,材料科學與工程學系,材料科學與工程學系,碩士,碩士班,男,一般生(非原住民族),就學環境,自請休學,0,1
112-1,管理學院,企業管理學系,企業管理學系,學士,學士班,男,一般生(非原住民族),傷病,自請休學,0,1
112-1,管理學院,企業管理學系,企業管理學系,學士,學士班,男,一般生(非原住民族),就讀學校科系不符期待,自請休學,2,2
112-1,管理學院,企業管理學系,企業管理學系,學士,學士班,女,一般生(非原住民族),就讀學校科系不符期待,自請休學,0,2
112-1,管理學院,企業管理學系,企業管理學系,博士,博士班,男,原住民族學生,工作,自請休學,1,1
112-1,管理學院,企業管理學系,企業管理學系,博士,博士班,男,原住民族學生,家務或家人照顧,自請休學,1,1
112-1,管理學院,企業管理學系,企業管理學系,博士,博士班,男,一般生(非原住民族),工作,自請休學,1,3
112-1,管理學院,企業管理學系,企業管理學系,博士,博士班,男,一般生(非原住民族),育嬰,自請休學,0,1
112-1,管理學院,企業管理學系,企業管理學系,博士,博士班,男,一般生(非原住民族),論文撰寫,自請休學,0,2
112-1,管理學院,企業管理學系,企業管理學系,博士,博士班,男,一般生(非原住民族),家務或家人照顧,自請休學,0,2
112-1,管理學院,企業管理學系,企業管理學系,博士,博士班,男,其他類學生,育嬰,自請休學,0,1
112-1,管理學院,企業管理學系,企業管理學系,博士,博士班,男,其他類學生,其他,自請休學,2,2
112-1,管理學院,企業管理學系,企業管理學系,博士,博士班,女,一般生(非原住民族),傷病,自請休學,0,1
112-1,管理學院,企業管理學系,企業管理學系,博士,博士班,女,一般生(非原住民族),工作,自請休學,0,1
112-1,管理學院,企業管理學系,企業管理學系,博士,博士班,女,一般生(非原住民族),育嬰,自請休學,0,1
112-1,管理學院,企業管理學系,企業管理學系,博士,博士班,女,一般生(非原住民族),論文撰寫,自請休學,1,1
112-1,管理學院,企業管理學系,企業管理學系,博士,博士班,女,一般生(非原住民族),就學環境,自請休學,0,1
112-1,管理學院,企業管理學系,企業管理學系,博士,博士班,女,一般生(非原住民族),家務或家人照顧,自請休學,1,4
112-1,管理學院,企業管理學系,企業管理學系,碩士,碩士班,男,一般生(非原住民族),工作,自請休學,1,2
112-1,管理學院,企業管理學系,企業管理學系,碩士,碩士班,男,一般生(非原住民族),育嬰,自請休學,1,1
112-1,管理學院,企業管理學系,企業管理學系,碩士,碩士班,男,一般生(非原住民族),論文撰寫,自請休學,0,2
112-1,管理學院,企業管理學系,企業管理學系,碩士,碩士班,男,一般生(非原住民族),家務或家人照顧,自請休學,1,1
112-1,管理學院,企業管理學系,企業管理學系,碩士,碩士班,男,其他類學生,工作,自請休學,0,1
112-1,管理學院,企業管理學系,企業管理學系,碩士,碩士班,女,原住民族學生,育嬰,自請休學,0,1
112-1,管理學院,企業管理學系,企業管理學系,碩士,碩士班,女,一般生(非原住民族),就讀學校科系不符期待,自請休學,1,1
112-1,管理學院,企業管理學系,企業管理學系,碩士,碩士班,女,一般生(非原住民族),論文撰寫,自請休學,0,1
112-1,管理學院,企業管理學系,企業管理學系,碩士,碩士班,女,一般生(非原住民族),家務或家人照顧,自請休學,0,3
112-1,管理學院,企業管理學系,企業管理學系,碩士,碩士班,女,其他類學生,就讀學校科系不符期待,自請休學,0,1
112-1,管理學院,企業管理學系,企業管理學系,碩士,碩士班,女,其他類學生,育嬰,自請休學,0,1
112-1,管理學院,企業管理學系,企業管理學系,碩士,碩士在職專班,男,原住民族學生,工作,自請休學,1,1
112-1,管理學院,企業管理學系,企業管理學系,碩士,碩士在職專班,男,一般生(非原住民族),就讀學校科系不符期待,自請休學,0,1
112-1,管理學院,企業管理學系,企業管理學系,碩士,碩士在職專班,男,一般生(非原住民族),工作,自請休學,3,5
112-1,管理學院,企業管理學系,企業管理學系,碩士,碩士在職專班,男,一般生(非原住民族),論文撰寫,自請休學,0,1
112-1,管理學院,企業管理學系,企業管理學系,碩士,碩士在職專班,男,一般生(非原住民族),家務或家人照顧,自請休學,1,1
112-1,管理學院,企業管理學系,企業管理學系,碩士,碩士在職專班,女,一般生(非原住民族),傷病,自請休學,1,1
112-1,管理學院,企業管理學系,企業管理學系,碩士,碩士在職專班,女,一般生(非原住民族),工作,自請休學,2,2
112-1,管理學院,企業管理學系,企業管理學系,碩士,碩士在職專班,女,一般生(非原住民族),論文撰寫,自請休學,0,2
112-1,管理學院,會計學系,會計學系,學士,學士班,男,一般生(非原住民族),學業成績不佳,自請休學,1,1
112-1,管理學院,會計學系,會計學系,學士,學士班,男,一般生(非原住民族),兵役,自請休學,1,1
112-1,管理學院,會計學系,會計學系,學士,學士班,男,一般生(非原住民族),就學環境,自請休學,1,1
112-1,管理學院,會計學系,會計學系,學士,學士班,女,原住民族學生,就讀學校科系不符期待,自請休學,1,1
112-1,管理學院,資訊管理學系,資訊管理學系,學士,學士班,女,一般生(非原住民族),就讀學校科系不符期待,自請休學,1,2
112-1,管理學院,國際企業學系,國際企業學系,學士,學士班,女,一般生(非原住民族),就讀學校科系不符期待,自請休學,0,1
112-1,管理學院,國際企業學系,國際企業學系,碩士,碩士班,男,一般生(非原住民族),論文撰寫,自請休學,1,1
112-1,管理學院,國際企業學系,國際企業學系,碩士,碩士班,男,其他類學生,學業成績不佳,自請休學,0,1
112-1,管理學院,國際企業學系,國際企業學系,碩士,碩士班,女,一般生(非原住民族),就讀學校科系不符期待,自請休學,0,1
112-1,管理學院,國際企業學系,國際企業學系,碩士,碩士班,女,一般生(非原住民族),育嬰,自請休學,0,1
112-1,管理學院,國際企業學系,國際企業學系,碩士,碩士班,女,一般生(非原住民族),考試訓練,自請休學,0,1
112-1,管理學院,國際企業學系,國際企業學系,碩士,碩士班,女,其他類學生,家務或家人照顧,自請休學,1,1
112-1,管理學院,國際企業學系,國際企業學系,碩士,碩士在職專班,男,一般生(非原住民族),工作,自請休學,1,3
112-1,管理學院,國際企業學系,國際企業學系,碩士,碩士在職專班,男,一般生(非原住民族),家務或家人照顧,自請休學,0,1
112-1,管理學院,國際企業學系,國際企業學系,碩士,碩士在職專班,女,一般生(非原住民族),就讀學校科系不符期待,自請休學,0,1
112-1,管理學院,國際企業學系,國際企業學系,碩士,碩士在職專班,女,一般生(非原住民族),工作,自請休學,0,2
112-1,管理學院,國際企業學系,國際企業學系,碩士,碩士在職專班,女,一般生(非原住民族),論文撰寫,自請休學,0,1
112-1,管理學院,國際企業學系,國際企業學系,碩士,碩士在職專班,女,一般生(非原住民族),家務或家人照顧,自請休學,1,1
112-1,管理學院,財務金融學系,財務金融學系,學士,學士班,男,一般生(非原住民族),學業成績不佳,自請休學,0,1
112-1,管理學院,財務金融學系,財務金融學系,學士,學士班,男,一般生(非原住民族),工作,自請休學,0,2
112-1,管理學院,財務金融學系,財務金融學系,學士,學士班,男,一般生(非原住民族),家務或家人照顧,自請休學,4,6
112-1,管理學院,財務金融學系,財務金融學系,學士,學士班,女,一般生(非原住民族),就讀學校科系不符期待,自請休學,2,2
112-1,管理學院,財務金融學系,財務金融學系,學士,學士班,女,一般生(非原住民族),家務或家人照顧,自請休學,1,1
112-1,管理學院,運籌管理研究所,運籌管理研究所,碩士,碩士班,男,一般生(非原住民族),考試訓練,自請休學,1,1
112-1,管理學院,管理學院高階經營管理碩士在職專班,管理學院高階經營管理碩士在職專班,碩士,碩士在職專班,男,一般生(非原住民族),傷病,自請休學,1,1
112-1,管理學院,管理學院高階經營管理碩士在職專班,管理學院高階經營管理碩士在職專班,碩士,碩士在職專班,男,一般生(非原住民族),就讀學校科系不符期待,自請休學,0,1
112-1,管理學院,管理學院高階經營管理碩士在職專班,管理學院高階經營管理碩士在職專班,碩士,碩士在職專班,男,一般生(非原住民族),工作,自請休學,0,3
112-1,管理學院,管理學院高階經營管理碩士在職專班,管理學院高階經營管理碩士在職專班,碩士,碩士在職專班,女,原住民族學生,工作,自請休學,0,1
112-1,管理學院,管理學院高階經營管理碩士在職專班,管理學院高階經營管理碩士在職專班,碩士,碩士在職專班,女,一般生(非原住民族),就讀學校科系不符期待,自請休學,0,1
112-1,管理學院,管理學院高階經營管理碩士在職專班,管理學院高階經營管理碩士在職專班,碩士,碩士在職專班,女,一般生(非原住民族),工作,自請休學,1,2
112-1,人文社會科學學院,華文文學系,華文文學系,學士,學士班,男,一般生(非原住民族),經濟困難,自請休學,0,1
112-1,人文社會科學學院,華文文學系,華文文學系,學士,學士班,男,一般生(非原住民族),就讀學校科系不符期待,自請休學,1,2
112-1,人文社會科學學院,華文文學系,華文文學系,學士,學士班,男,一般生(非原住民族),家務或家人照顧,自請休學,0,1
112-1,人文社會科學學院,華文文學系,華文文學系,學士,學士班,女,一般生(非原住民族),學業成績不佳,自請休學,0,1
112-1,人文社會科學學院,華文文學系,華文文學系,學士,學士班,女,一般生(非原住民族),就讀學校科系不符期待,自請休學,1,2
112-1,人文社會科學學院,華文文學系,華文文學系,學士,學士班,女,一般生(非原住民族),工作,自請休學,1,1
112-1,人文社會科學學院,華文文學系,華文文學系,學士,學士班,女,一般生(非原住民族),就學環境,自請休學,0,1
112-1,人文社會科學學院,華文文學系,華文文學系,學士,學士班,女,一般生(非原住民族),家務或家人照顧,自請休學,0,2
112-1,人文社會科學學院,華文文學系,華文文學系,碩士,碩士班,男,原住民族學生,其他,自請休學,1,1
112-1,人文社會科學學院,華文文學系,華文文學系,碩士,碩士班,男,一般生(非原住民族),經濟困難,自請休學,0,1
112-1,人文社會科學學院,華文文學系,華文文學系,碩士,碩士班,男,一般生(非原住民族),工作,自請休學,0,2
112-1,人文社會科學學院,華文文學系,華文文學系,碩士,碩士班,男,一般生(非原住民族),論文撰寫,自請休學,1,2
112-1,人文社會科學學院,華文文學系,華文文學系,碩士,碩士班,男,一般生(非原住民族),家務或家人照顧,自請休學,1,1
112-1,人文社會科學學院,華文文學系,華文文學系,碩士,碩士班,男,其他類學生,育嬰,自請休學,0,1
112-1,人文社會科學學院,華文文學系,華文文學系,碩士,碩士班,男,其他類學生,論文撰寫,自請休學,1,1
112-1,人文社會科學學院,華文文學系,華文文學系,碩士,碩士班,女,一般生(非原住民族),傷病,自請休學,0,1
112-1,人文社會科學學院,華文文學系,華文文學系,碩士,碩士班,女,一般生(非原住民族),經濟困難,自請休學,0,1
112-1,人文社會科學學院,華文文學系,華文文學系,碩士,碩士班,女,一般生(非原住民族),工作,自請休學,2,5
112-1,人文社會科學學院,華文文學系,華文文學系,碩士,碩士班,女,一般生(非原住民族),懷孕,自請休學,1,1
112-1,人文社會科學學院,華文文學系,華文文學系,碩士,碩士班,女,一般生(非原住民族),論文撰寫,自請休學,1,3
112-1,人文社會科學學院,華文文學系,華文文學系,碩士,碩士班,女,一般生(非原住民族),家務或家人照顧,自請休學,0,1
112-1,人文社會科學學院,華文文學系,華文文學系,碩士,碩士班,女,其他類學生,出國,自請休學,1,1
112-1,人文社會科學學院,華文文學系,華文文學系,碩士,碩士班,女,其他類學生,其他,自請休學,1,1
112-1,人文社會科學學院,英美語文學系,英美語文學系,學士,學士班,男,原住民族學生,經濟困難,自請休學,1,1
112-1,人文社會科學學院,英美語文學系,英美語文學系,學士,學士班,男,一般生(非原住民族),傷病,自請休學,1,1
112-1,人文社會科學學院,英美語文學系,英美語文學系,學士,學士班,男,一般生(非原住民族),就讀學校科系不符期待,自請休學,1,2
112-1,人文社會科學學院,英美語文學系,英美語文學系,學士,學士班,男,一般生(非原住民族),工作,自請休學,0,1
112-1,人文社會科學學院,英美語文學系,英美語文學系,學士,學士班,男,一般生(非原住民族),出國,自請休學,1,1
112-1,人文社會科學學院,英美語文學系,英美語文學系,學士,學士班,男,一般生(非原住民族),家務或家人照顧,自請休學,1,1
112-1,人文社會科學學院,英美語文學系,英美語文學系,學士,學士班,女,原住民族學生,傷病,自請休學,0,1
112-1,人文社會科學學院,英美語文學系,英美語文學系,學士,學士班,女,一般生(非原住民族),傷病,自請休學,0,1
112-1,人文社會科學學院,英美語文學系,英美語文學系,學士,學士班,女,一般生(非原住民族),就讀學校科系不符期待,自請休學,1,1
112-1,人文社會科學學院,英美語文學系,英美語文學系,學士,學士班,女,一般生(非原住民族),出國,自請休學,0,1
112-1,人文社會科學學院,英美語文學系,英美語文學系,學士,學士班,女,一般生(非原住民族),家務或家人照顧,自請休學,0,1
112-1,人文社會科學學院,英美語文學系,英美語文學系,碩士,碩士班,男,一般生(非原住民族),經濟困難,自請休學,0,1
112-1,人文社會科學學院,英美語文學系,英美語文學系,碩士,碩士班,男,一般生(非原住民族),工作,自請休學,3,3
112-1,人文社會科學學院,英美語文學系,英美語文學系,碩士,碩士班,男,一般生(非原住民族),論文撰寫,自請休學,0,1
112-1,人文社會科學學院,英美語文學系,英美語文學系,碩士,碩士班,男,一般生(非原住民族),家務或家人照顧,自請休學,0,1
112-1,人文社會科學學院,英美語文學系,英美語文學系,碩士,碩士班,女,原住民族學生,經濟困難,自請休學,0,1
112-1,人文社會科學學院,英美語文學系,英美語文學系,碩士,碩士班,女,一般生(非原住民族),傷病,自請休學,0,2
112-1,人文社會科學學院,英美語文學系,英美語文學系,碩士,碩士班,女,一般生(非原住民族),就讀學校科系不符期待,自請休學,0,1
112-1,人文社會科學學院,英美語文學系,英美語文學系,碩士,碩士班,女,一般生(非原住民族),工作,自請休學,1,5
112-1,人文社會科學學院,英美語文學系,英美語文學系,碩士,碩士班,女,一般生(非原住民族),懷孕,自請休學,0,1
112-1,人文社會科學學院,英美語文學系,英美語文學系,碩士,碩士班,女,一般生(非原住民族),育嬰,自請休學,1,2
112-1,人文社會科學學院,英美語文學系,英美語文學系,碩士,碩士班,女,一般生(非原住民族),論文撰寫,自請休學,1,2
112-1,人文社會科學學院,英美語文學系,英美語文學系,碩士,碩士班,女,其他類學生,就讀學校科系不符期待,自請休學,1,1
112-1,人文社會科學學院,經濟學系,經濟學系,學士,學士班,男,一般生(非原住民族),就讀學校科系不符期待,自請休學,2,5
112-1,人文社會科學學院,經濟學系,經濟學系,學士,學士班,男,一般生(非原住民族),工作,自請休學,0,1
112-1,人文社會科學學院,經濟學系,經濟學系,學士,學士班,女,原住民族學生,就讀學校科系不符期待,自請休學,1,1
112-1,人文社會科學學院,經濟學系,經濟學系,學士,學士班,女,一般生(非原住民族),就讀學校科系不符期待,自請休學,1,1
112-1,人文社會科學學院,經濟學系,經濟學系,學士,學士班,女,一般生(非原住民族),其他,自請休學,1,1
112-1,人文社會科學學院,經濟學系,經濟學系,碩士,碩士班,男,一般生(非原住民族),就讀學校科系不符期待,自請休學,0,1
112-1,人文社會科學學院,經濟學系,經濟學系,碩士,碩士班,男,一般生(非原住民族),工作,自請休學,0,2
112-1,人文社會科學學院,經濟學系,經濟學系,碩士,碩士班,女,一般生(非原住民族),就讀學校科系不符期待,自請休學,1,1
112-1,人文社會科學學院,經濟學系,經濟學系,碩士,碩士班,女,一般生(非原住民族),工作,自請休學,1,2
112-1,人文社會科學學院,歷史學系,歷史學系,學士,學士班,男,原住民族學生,考試訓練,自請休學,0,1
112-1,人文社會科學學院,歷史學系,歷史學系,學士,學士班,男,一般生(非原住民族),學業成績不佳,自請休學,1,2
112-1,人文社會科學學院,歷史學系,歷史學系,學士,學士班,男,一般生(非原住民族),就讀學校科系不符期待,自請休學,1,3
112-1,人文社會科學學院,歷史學系,歷史學系,學士,學士班,女,原住民族學生,學業成績不佳,自請休學,0,1
112-1,人文社會科學學院,歷史學系,歷史學系,學士,學士班,女,一般生(非原住民族),傷病,自請休學,0,1
112-1,人文社會科學學院,歷史學系,歷史學系,學士,學士班,女,一般生(非原住民族),就讀學校科系不符期待,自請休學,2,3
112-1,人文社會科學學院,歷史學系,歷史學系,碩士,碩士班,男,原住民族學生,工作,自請休學,0,1
112-1,人文社會科學學院,歷史學系,歷史學系,碩士,碩士班,男,一般生(非原住民族),傷病,自請休學,1,1
112-1,人文社會科學學院,歷史學系,歷史學系,碩士,碩士班,男,一般生(非原住民族),就讀學校科系不符期待,自請休學,1,1
112-1,人文社會科學學院,歷史學系,歷史學系,碩士,碩士班,男,一般生(非原住民族),論文撰寫,自請休學,0,3
112-1,人文社會科學學院,歷史學系,歷史學系,碩士,碩士班,女,一般生(非原住民族),工作,自請休學,0,1
112-1,人文社會科學學院,諮商與臨床心理學系,諮商與臨床心理學系,學士,學士班,男,一般生(非原住民族),家務或家人照顧,自請休學,1,2
112-1,人文社會科學學院,諮商與臨床心理學系,諮商與臨床心理學系,學士,學士班,男,一般生(非原住民族),其他,自請休學,1,1
112-1,人文社會科學學院,諮商與臨床心理學系,諮商與臨床心理學系,學士,學士班,女,一般生(非原住民族),就讀學校科系不符期待,自請休學,1,2
112-1,人文社會科學學院,諮商與臨床心理學系,諮商與臨床心理學系,學士,學士班,女,其他類學生,傷病,自請休學,0,1
112-1,人文社會科學學院,諮商與臨床心理學系,諮商與臨床心理學系,碩士,碩士班,男,一般生(非原住民族),傷病,自請休學,2,2
112-1,人文社會科學學院,諮商與臨床心理學系,諮商與臨床心理學系,碩士,碩士班,男,一般生(非原住民族),就讀學校科系不符期待,自請休學,0,1
112-1,人文社會科學學院,諮商與臨床心理學系,諮商與臨床心理學系,碩士,碩士班,男,一般生(非原住民族),工作,自請休學,1,2
112-1,人文社會科學學院,諮商與臨床心理學系,諮商與臨床心理學系,碩士,碩士班,男,一般生(非原住民族),育嬰,自請休學,0,1
112-1,人文社會科學學院,諮商與臨床心理學系,諮商與臨床心理學系,碩士,碩士班,男,一般生(非原住民族),論文撰寫,自請休學,1,9
112-1,人文社會科學學院,諮商與臨床心理學系,諮商與臨床心理學系,碩士,碩士班,男,一般生(非原住民族),考試訓練,自請休學,0,1
112-1,人文社會科學學院,諮商與臨床心理學系,諮商與臨床心理學系,碩士,碩士班,男,其他類學生,工作,自請休學,1,1
112-1,人文社會科學學院,諮商與臨床心理學系,諮商與臨床心理學系,碩士,碩士班,女,原住民族學生,工作,自請休學,1,1
112-1,人文社會科學學院,諮商與臨床心理學系,諮商與臨床心理學系,碩士,碩士班,女,原住民族學生,論文撰寫,自請休學,0,2
112-1,人文社會科學學院,諮商與臨床心理學系,諮商與臨床心理學系,碩士,碩士班,女,一般生(非原住民族),就讀學校科系不符期待,自請休學,2,3
112-1,人文社會科學學院,諮商與臨床心理學系,諮商與臨床心理學系,碩士,碩士班,女,一般生(非原住民族),工作,自請休學,1,2
112-1,人文社會科學學院,諮商與臨床心理學系,諮商與臨床心理學系,碩士,碩士班,女,一般生(非原住民族),論文撰寫,自請休學,3,9
112-1,人文社會科學學院,諮商與臨床心理學系,諮商與臨床心理學系,碩士,碩士班,女,一般生(非原住民族),家務或家人照顧,自請休學,1,2
112-1,人文社會科學學院,諮商與臨床心理學系,諮商與臨床心理學系,碩士,碩士班,女,其他類學生,論文撰寫,自請休學,1,3
112-1,原住民民族學院,族群關係與文化學系,族群關係與文化學系,學士,學士班,男,原住民族學生,傷病,自請休學,0,1
112-1,原住民民族學院,族群關係與文化學系,族群關係與文化學系,學士,學士班,男,原住民族學生,家務或家人照顧,自請休學,0,2
112-1,原住民民族學院,族群關係與文化學系,族群關係與文化學系,學士,學士班,女,原住民族學生,就讀學校科系不符期待,自請休學,1,3
112-1,原住民民族學院,族群關係與文化學系,族群關係與文化學系,學士,學士班,女,原住民族學生,工作,自請休學,0,3
112-1,原住民民族學院,族群關係與文化學系,族群關係與文化學系,學士,學士班,女,原住民族學生,家務或家人照顧,自請休學,0,1
112-1,原住民民族學院,族群關係與文化學系,族群關係與文化學系,學士,學士班,女,一般生(非原住民族),就讀學校科系不符期待,自請休學,0,1
112-1,原住民民族學院,族群關係與文化學系,族群關係與文化學系,學士,學士班,女,一般生(非原住民族),就學環境,自請休學,1,1
112-1,原住民民族學院,族群關係與文化學系,族群關係與文化學系,學士,學士班,女,一般生(非原住民族),家務或家人照顧,自請休學,1,1
112-1,原住民民族學院,族群關係與文化學系,族群關係與文化學系,博士,博士班,男,原住民族學生,育嬰,自請休學,0,1
112-1,原住民民族學院,族群關係與文化學系,族群關係與文化學系,博士,博士班,男,原住民族學生,論文撰寫,自請休學,1,2
112-1,原住民民族學院,族群關係與文化學系,族群關係與文化學系,博士,博士班,男,一般生(非原住民族),工作,自請休學,1,1
112-1,原住民民族學院,族群關係與文化學系,族群關係與文化學系,博士,博士班,女,原住民族學生,工作,自請休學,0,2
112-1,原住民民族學院,族群關係與文化學系,族群關係與文化學系,博士,博士班,女,原住民族學生,出國,自請休學,0,1
112-1,原住民民族學院,族群關係與文化學系,族群關係與文化學系,博士,博士班,女,原住民族學生,家務或家人照顧,自請休學,0,1
112-1,原住民民族學院,族群關係與文化學系,族群關係與文化學系,博士,博士班,女,一般生(非原住民族),工作,自請休學,0,2
112-1,原住民民族學院,族群關係與文化學系,族群關係與文化學系,博士,博士班,女,一般生(非原住民族),懷孕,自請休學,0,1
112-1,原住民民族學院,族群關係與文化學系,族群關係與文化學系,博士,博士班,女,一般生(非原住民族),論文撰寫,自請休學,1,1
112-1,原住民民族學院,族群關係與文化學系,族群關係與文化學系,博士,博士班,女,一般生(非原住民族),家務或家人照顧,自請休學,0,1
112-1,原住民民族學院,族群關係與文化學系,族群關係與文化學系,碩士,碩士班,男,原住民族學生,論文撰寫,自請休學,0,1
112-1,原住民民族學院,族群關係與文化學系,族群關係與文化學系,碩士,碩士班,男,其他類學生,出國,自請休學,1,1
112-1,原住民民族學院,族群關係與文化學系,族群關係與文化學系,碩士,碩士班,女,原住民族學生,工作,自請休學,0,1
112-1,原住民民族學院,族群關係與文化學系,族群關係與文化學系,碩士,碩士班,女,一般生(非原住民族),工作,自請休學,1,2
112-1,原住民民族學院,族群關係與文化學系,族群關係與文化學系,碩士,碩士班,女,其他類學生,育嬰,自請休學,0,1
112-1,原住民民族學院,民族語言與傳播學系,民族語言與傳播學系,學士,學士班,男,原住民族學生,兵役,自請休學,1,1
112-1,原住民民族學院,民族語言與傳播學系,民族語言與傳播學系,學士,學士班,男,原住民族學生,家務或家人照顧,自請休學,1,1
112-1,原住民民族學院,民族語言與傳播學系,民族語言與傳播學系,學士,學士班,男,一般生(非原住民族),就讀學校科系不符期待,自請休學,0,1
112-1,原住民民族學院,民族語言與傳播學系,民族語言與傳播學系,學士,學士班,男,一般生(非原住民族),就學環境,自請休學,0,1
112-1,原住民民族學院,民族語言與傳播學系,民族語言與傳播學系,學士,學士班,女,原住民族學生,學業成績不佳,自請休學,1,1
112-1,原住民民族學院,民族語言與傳播學系,民族語言與傳播學系,學士,學士班,女,原住民族學生,就讀學校科系不符期待,自請休學,0,4
112-1,原住民民族學院,民族語言與傳播學系,民族語言與傳播學系,學士,學士班,女,原住民族學生,工作,自請休學,1,1
112-1,理工學院,應用數學系,應用數學系統計碩士班,碩士,碩士班,男,一般生(非原住民族),就讀學校科系不符期待,自請休學,1,1
112-1,理工學院,生化暨分子醫學科學系,生命科學系生物技術博士班,博士,博士班,男,一般生(非原住民族),工作,自請休學,0,1
112-1,理工學院,物理學系,物理學系應用物理博士班,博士,博士班,男,一般生(非原住民族),工作,自請休學,1,2
112-1,理工學院,物理學系,物理學系應用物理博士班,博士,博士班,男,一般生(非原住民族),論文撰寫,自請休學,0,1
112-1,理工學院,光電工程學系,光電工程學系,學士,學士班,男,一般生(非原住民族),就讀學校科系不符期待,自請休學,0,1
112-1,理工學院,光電工程學系,光電工程學系,碩士,碩士班,男,一般生(非原住民族),其他,自請休學,1,1
112-1,理工學院,光電工程學系,光電工程學系,碩士,碩士班,女,原住民族學生,工作,自請休學,0,1
112-1,管理學院,觀光暨休閒遊憩學系,觀光暨休閒遊憩學系,學士,學士班,男,一般生(非原住民族),傷病,自請休學,0,1
112-1,管理學院,觀光暨休閒遊憩學系,觀光暨休閒遊憩學系,學士,學士班,男,一般生(非原住民族),就讀學校科系不符期待,自請休學,1,3
112-1,管理學院,觀光暨休閒遊憩學系,觀光暨休閒遊憩學系,學士,學士班,男,一般生(非原住民族),出國,自請休學,0,1
112-1,管理學院,觀光暨休閒遊憩學系,觀光暨休閒遊憩學系,學士,學士班,男,一般生(非原住民族),考試訓練,自請休學,0,1
112-1,管理學院,觀光暨休閒遊憩學系,觀光暨休閒遊憩學系,學士,學士班,男,一般生(非原住民族),其他,自請休學,0,1
112-1,管理學院,觀光暨休閒遊憩學系,觀光暨休閒遊憩學系,學士,學士班,女,原住民族學生,工作,自請休學,0,1
112-1,管理學院,觀光暨休閒遊憩學系,觀光暨休閒遊憩學系,學士,學士班,女,一般生(非原住民族),傷病,自請休學,0,1
112-1,管理學院,觀光暨休閒遊憩學系,觀光暨休閒遊憩學系,學士,學士班,女,一般生(非原住民族),就讀學校科系不符期待,自請休學,1,2
112-1,管理學院,觀光暨休閒遊憩學系,觀光暨休閒遊憩學系,學士,學士班,女,一般生(非原住民族),家務或家人照顧,自請休學,0,1
112-1,管理學院,觀光暨休閒遊憩學系,觀光暨休閒遊憩學系,學士,學士班,女,一般生(非原住民族),考試訓練,自請休學,0,1
112-1,管理學院,觀光暨休閒遊憩學系,觀光暨休閒遊憩學系,碩士,碩士班,男,一般生(非原住民族),工作,自請休學,1,2
112-1,管理學院,觀光暨休閒遊憩學系,觀光暨休閒遊憩學系,碩士,碩士班,女,一般生(非原住民族),工作,自請休學,1,4
112-1,管理學院,觀光暨休閒遊憩學系,觀光暨休閒遊憩學系,碩士,碩士班,女,一般生(非原住民族),育嬰,自請休學,0,1
112-1,管理學院,觀光暨休閒遊憩學系,觀光暨休閒遊憩學系,碩士,碩士班,女,一般生(非原住民族),論文撰寫,自請休學,1,2
112-1,管理學院,觀光暨休閒遊憩學系,觀光暨休閒遊憩學系,碩士,碩士班,女,其他類學生,就讀學校科系不符期待,自請休學,1,1
112-1,管理學院,觀光暨休閒遊憩學系,觀光暨休閒遊憩學系,碩士,碩士班,女,其他類學生,家務或家人照顧,自請休學,0,1
112-1,管理學院,財務金融學系,財務金融學系,碩士,碩士班,男,一般生(非原住民族),論文撰寫,自請休學,0,1
112-1,管理學院,財務金融學系,財務金融學系,碩士,碩士班,男,一般生(非原住民族),家務或家人照顧,自請休學,1,2
112-1,管理學院,財務金融學系,財務金融學系,碩士,碩士班,男,一般生(非原住民族),其他,自請休學,0,1
112-1,管理學院,財務金融學系,財務金融學系,碩士,碩士班,女,一般生(非原住民族),工作,自請休學,2,2
112-1,管理學院,財務金融學系,財務金融學系,碩士,碩士班,女,一般生(非原住民族),出國,自請休學,1,1
112-1,藝術學院,藝術創意產業學系,藝術創意產業學系,學士,學士班,男,其他類學生,就讀學校科系不符期待,自請休學,0,1
112-1,藝術學院,藝術創意產業學系,藝術創意產業學系,學士,學士班,女,原住民族學生,工作,自請休學,0,1
112-1,藝術學院,藝術創意產業學系,藝術創意產業學系,學士,學士班,女,一般生(非原住民族),傷病,自請休學,1,2
112-1,藝術學院,藝術創意產業學系,藝術創意產業學系,學士,學士班,女,一般生(非原住民族),就讀學校科系不符期待,自請休學,4,6
112-1,藝術學院,藝術創意產業學系,藝術創意產業學系,學士,學士班,女,一般生(非原住民族),工作,自請休學,1,1
112-1,原住民民族學院,族群關係與文化學系,族群關係與文化學系,碩士,碩士在職專班,男,原住民族學生,工作,自請休學,0,2
112-1,原住民民族學院,族群關係與文化學系,族群關係與文化學系,碩士,碩士在職專班,男,原住民族學生,論文撰寫,自請休學,0,2
112-1,原住民民族學院,族群關係與文化學系,族群關係與文化學系,碩士,碩士在職專班,男,一般生(非原住民族),工作,自請休學,0,3
112-1,原住民民族學院,族群關係與文化學系,族群關係與文化學系,碩士,碩士在職專班,男,一般生(非原住民族),論文撰寫,自請休學,0,1
112-1,原住民民族學院,族群關係與文化學系,族群關係與文化學系,碩士,碩士在職專班,男,一般生(非原住民族),其他,自請休學,0,1
112-1,原住民民族學院,族群關係與文化學系,族群關係與文化學系,碩士,碩士在職專班,女,原住民族學生,工作,自請休學,3,4
112-1,原住民民族學院,族群關係與文化學系,族群關係與文化學系,碩士,碩士在職專班,女,原住民族學生,懷孕,自請休學,1,1
112-1,原住民民族學院,族群關係與文化學系,族群關係與文化學系,碩士,碩士在職專班,女,一般生(非原住民族),論文撰寫,自請休學,0,1
112-1,藝術學院,音樂學系,音樂學系,學士,學士班,男,一般生(非原住民族),傷病,自請休學,1,1
112-1,藝術學院,音樂學系,音樂學系,學士,學士班,男,一般生(非原住民族),工作,自請休學,0,1
112-1,藝術學院,音樂學系,音樂學系,學士,學士班,男,一般生(非原住民族),兵役,自請休學,0,1
112-1,藝術學院,音樂學系,音樂學系,學士,學士班,女,一般生(非原住民族),傷病,自請休學,1,3
112-1,藝術學院,音樂學系,音樂學系,學士,學士班,女,一般生(非原住民族),經濟困難,自請休學,0,1
112-1,藝術學院,音樂學系,音樂學系,學士,學士班,女,一般生(非原住民族),學業成績不佳,自請休學,1,1
112-1,藝術學院,音樂學系,音樂學系,學士,學士班,女,一般生(非原住民族),出國,自請休學,1,3
112-1,藝術學院,音樂學系,音樂學系,學士,學士班,女,一般生(非原住民族),家務或家人照顧,自請休學,1,1
112-1,藝術學院,音樂學系,音樂學系,碩士,碩士班,男,一般生(非原住民族),工作,自請休學,0,1
112-1,藝術學院,音樂學系,音樂學系,碩士,碩士班,男,一般生(非原住民族),就學環境,自請休學,0,1
112-1,藝術學院,音樂學系,音樂學系,碩士,碩士班,女,原住民族學生,育嬰,自請休學,0,1
112-1,藝術學院,音樂學系,音樂學系,碩士,碩士班,女,一般生(非原住民族),傷病,自請休學,0,1
112-1,藝術學院,音樂學系,音樂學系,碩士,碩士班,女,一般生(非原住民族),家務或家人照顧,自請休學,0,1
112-1,藝術學院,藝術與設計學系,藝術與設計學系,學士,學士班,男,一般生(非原住民族),就讀學校科系不符期待,自請休學,1,1
112-1,藝術學院,藝術與設計學系,藝術與設計學系,學士,學士班,男,一般生(非原住民族),家務或家人照顧,自請休學,0,1
112-1,藝術學院,藝術與設計學系,藝術與設計學系,學士,學士班,男,其他類學生,學業成績不佳,自請休學,0,1
112-1,藝術學院,藝術與設計學系,藝術與設計學系,學士,學士班,女,原住民族學生,工作,自請休學,0,1
112-1,藝術學院,藝術與設計學系,藝術與設計學系,學士,學士班,女,一般生(非原住民族),傷病,自請休學,1,2
112-1,藝術學院,藝術與設計學系,藝術與設計學系,學士,學士班,女,一般生(非原住民族),就讀學校科系不符期待,自請休學,2,5
112-1,藝術學院,藝術與設計學系,藝術與設計學系,學士,學士班,女,一般生(非原住民族),工作,自請休學,1,2
112-1,藝術學院,藝術與設計學系,藝術與設計學系,學士,學士班,女,一般生(非原住民族),出國,自請休學,0,1
112-1,藝術學院,藝術與設計學系,藝術與設計學系,學士,學士班,女,其他類學生,家務或家人照顧,自請休學,3,3
112-1,藝術學院,藝術與設計學系,藝術與設計學系,碩士,碩士班,男,一般生(非原住民族),經濟困難,自請休學,1,2
112-1,藝術學院,藝術與設計學系,藝術與設計學系,碩士,碩士班,男,一般生(非原住民族),工作,自請休學,2,7
112-1,藝術學院,藝術與設計學系,藝術與設計學系,碩士,碩士班,男,一般生(非原住民族),家務或家人照顧,自請休學,0,1
112-1,藝術學院,藝術與設計學系,藝術與設計學系,碩士,碩士班,女,一般生(非原住民族),就讀學校科系不符期待,自請休學,1,1
112-1,藝術學院,藝術與設計學系,藝術與設計學系,碩士,碩士班,女,一般生(非原住民族),工作,自請休學,2,9
112-1,藝術學院,藝術與設計學系,藝術與設計學系,碩士,碩士班,女,一般生(非原住民族),育嬰,自請休學,0,1
112-1,藝術學院,藝術與設計學系,藝術與設計學系,碩士,碩士班,女,一般生(非原住民族),論文撰寫,自請休學,0,2
112-1,藝術學院,藝術與設計學系,藝術與設計學系,碩士,碩士班,女,一般生(非原住民族),家務或家人照顧,自請休學,1,1
112-1,藝術學院,藝術與設計學系,藝術與設計學系,碩士,碩士班,女,一般生(非原住民族),其他,自請休學,3,3
112-1,花師教育學院,幼兒教育學系,幼兒教育學系,學士,學士班,女,一般生(非原住民族),經濟困難,自請休學,0,1
112-1,花師教育學院,幼兒教育學系,幼兒教育學系,學士,學士班,女,一般生(非原住民族),就讀學校科系不符期待,自請休學,2,2
112-1,花師教育學院,幼兒教育學系,幼兒教育學系,學士,學士班,女,一般生(非原住民族),就學環境,自請休學,1,1
112-1,花師教育學院,幼兒教育學系,幼兒教育學系,學士,學士班,女,其他類學生,傷病,自請休學,0,1
112-1,花師教育學院,幼兒教育學系,幼兒教育學系,學士,學士班,女,其他類學生,就讀學校科系不符期待,自請休學,0,1
112-1,花師教育學院,幼兒教育學系,幼兒教育學系,碩士,碩士班,女,一般生(非原住民族),傷病,自請休學,0,1
112-1,花師教育學院,幼兒教育學系,幼兒教育學系,碩士,碩士班,女,一般生(非原住民族),學業成績不佳,自請休學,0,1
112-1,花師教育學院,幼兒教育學系,幼兒教育學系,碩士,碩士班,女,一般生(非原住民族),論文撰寫,自請休學,0,1
112-1,花師教育學院,幼兒教育學系,幼兒教育學系,碩士,碩士班,女,一般生(非原住民族),家務或家人照顧,自請休學,0,1
112-1,花師教育學院,幼兒教育學系,幼兒教育學系,碩士,碩士在職專班,男,一般生(非原住民族),經濟困難,自請休學,1,1
112-1,花師教育學院,幼兒教育學系,幼兒教育學系,碩士,碩士在職專班,女,一般生(非原住民族),就讀學校科系不符期待,自請休學,1,1
112-1,花師教育學院,幼兒教育學系,幼兒教育學系,碩士,碩士在職專班,女,一般生(非原住民族),育嬰,自請休學,0,2
112-1,花師教育學院,幼兒教育學系,幼兒教育學系,碩士,碩士在職專班,女,一般生(非原住民族),論文撰寫,自請休學,1,1
112-1,花師教育學院,幼兒教育學系,幼兒教育學系,碩士,碩士在職專班,女,一般生(非原住民族),家務或家人照顧,自請休學,0,1
112-1,花師教育學院,特殊教育學系,特殊教育學系,學士,學士班,男,一般生(非原住民族),其他,自請休學,0,1
112-1,花師教育學院,特殊教育學系,特殊教育學系,學士,學士班,女,一般生(非原住民族),傷病,自請休學,1,1
112-1,花師教育學院,特殊教育學系,特殊教育學系,學士,學士班,女,一般生(非原住民族),就讀學校科系不符期待,自請休學,1,1
112-1,花師教育學院,特殊教育學系,特殊教育學系身心障礙與輔助科技碩士班,碩士,碩士班,女,原住民族學生,工作,自請休學,0,1
112-1,花師教育學院,特殊教育學系,特殊教育學系身心障礙與輔助科技碩士班,碩士,碩士班,女,一般生(非原住民族),經濟困難,自請休學,0,1
112-1,花師教育學院,特殊教育學系,特殊教育學系身心障礙與輔助科技碩士班,碩士,碩士班,女,一般生(非原住民族),工作,自請休學,3,6
112-1,花師教育學院,特殊教育學系,特殊教育學系身心障礙與輔助科技碩士班,碩士,碩士班,女,一般生(非原住民族),育嬰,自請休學,0,1
112-1,花師教育學院,特殊教育學系,特殊教育學系身心障礙與輔助科技碩士班,碩士,碩士班,女,一般生(非原住民族),論文撰寫,自請休學,2,3
112-1,花師教育學院,特殊教育學系,特殊教育學系身心障礙與輔助科技碩士班,碩士,碩士班,女,一般生(非原住民族),其他,自請休學,1,1
112-1,花師教育學院,教育行政與管理學系,教育行政與管理學系,學士,學士班,男,一般生(非原住民族),傷病,自請休學,0,1
112-1,花師教育學院,教育行政與管理學系,教育行政與管理學系,學士,學士班,男,一般生(非原住民族),就讀學校科系不符期待,自請休學,1,3
112-1,花師教育學院,教育行政與管理學系,教育行政與管理學系,學士,學士班,女,一般生(非原住民族),就學環境,自請休學,0,1
112-1,花師教育學院,教育行政與管理學系,教育行政與管理學系,碩士,碩士班,男,一般生(非原住民族),其他,自請休學,1,1
112-1,花師教育學院,教育行政與管理學系,教育行政與管理學系,碩士,碩士班,女,原住民族學生,論文撰寫,自請休學,0,1
112-1,花師教育學院,教育行政與管理學系,教育行政與管理學系,碩士,碩士班,女,一般生(非原住民族),工作,自請休學,0,4
112-1,花師教育學院,教育行政與管理學系,教育行政與管理學系,碩士,碩士班,女,一般生(非原住民族),懷孕,自請休學,0,1
112-1,花師教育學院,教育行政與管理學系,教育行政與管理學系,碩士,碩士班,女,一般生(非原住民族),其他,自請休學,2,2
112-1,花師教育學院,體育與運動科學系,體育與運動科學系,學士,學士班,男,原住民族學生,經濟困難,自請休學,1,1
112-1,花師教育學院,體育與運動科學系,體育與運動科學系,學士,學士班,男,原住民族學生,就讀學校科系不符期待,自請休學,0,1
112-1,花師教育學院,體育與運動科學系,體育與運動科學系,學士,學士班,男,一般生(非原住民族),就讀學校科系不符期待,自請休學,1,4
112-1,花師教育學院,體育與運動科學系,體育與運動科學系,學士,學士班,男,一般生(非原住民族),其他,自請休學,1,2
112-1,花師教育學院,體育與運動科學系,體育與運動科學系,學士,學士班,女,原住民族學生,經濟困難,自請休學,1,2
112-1,花師教育學院,體育與運動科學系,體育與運動科學系,學士,學士班,女,一般生(非原住民族),就讀學校科系不符期待,自請休學,0,1
112-1,花師教育學院,體育與運動科學系,體育與運動科學系,學士,學士班,女,一般生(非原住民族),工作,自請休學,0,1
112-1,花師教育學院,體育與運動科學系,體育與運動科學系,學士,學士班,女,一般生(非原住民族),家務或家人照顧,自請休學,0,1
112-1,花師教育學院,體育與運動科學系,體育與運動科學系,碩士,碩士班,男,一般生(非原住民族),傷病,自請休學,0,2
112-1,花師教育學院,體育與運動科學系,體育與運動科學系,碩士,碩士班,男,一般生(非原住民族),就讀學校科系不符期待,自請休學,0,1
112-1,花師教育學院,體育與運動科學系,體育與運動科學系,碩士,碩士班,男,一般生(非原住民族),工作,自請休學,0,1
112-1,花師教育學院,體育與運動科學系,體育與運動科學系,碩士,碩士班,男,一般生(非原住民族),家務或家人照顧,自請休學,0,1
112-1,花師教育學院,體育與運動科學系,體育與運動科學系,碩士,碩士班,女,一般生(非原住民族),工作,自請休學,3,3
112-1,花師教育學院,體育與運動科學系,體育與運動科學系,碩士,碩士班,女,其他類學生,論文撰寫,自請休學,0,1
112-1,人文社會科學學院,中國語文學系,中國語文學系,學士,學士班,男,一般生(非原住民族),經濟困難,自請休學,0,1
112-1,人文社會科學學院,中國語文學系,中國語文學系,學士,學士班,男,一般生(非原住民族),就讀學校科系不符期待,自請休學,2,4
112-1,人文社會科學學院,中國語文學系,中國語文學系,學士,學士班,女,一般生(非原住民族),傷病,自請休學,1,1
112-1,人文社會科學學院,中國語文學系,中國語文學系,學士,學士班,女,一般生(非原住民族),就讀學校科系不符期待,自請休學,0,2
112-1,人文社會科學學院,中國語文學系,中國語文學系,學士,學士班,女,一般生(非原住民族),出國,自請休學,0,1
112-1,人文社會科學學院,中國語文學系,中國語文學系,學士,學士班,女,其他類學生,經濟困難,自請休學,0,1
112-1,人文社會科學學院,中國語文學系,中國語文學系,碩士,碩士班,男,一般生(非原住民族),論文撰寫,自請休學,0,2
112-1,人文社會科學學院,中國語文學系,中國語文學系,碩士,碩士班,女,一般生(非原住民族),傷病,自請休學,0,2
112-1,人文社會科學學院,中國語文學系,中國語文學系,碩士,碩士班,女,一般生(非原住民族),就讀學校科系不符期待,自請休學,0,1
112-1,人文社會科學學院,中國語文學系,中國語文學系,碩士,碩士班,女,一般生(非原住民族),工作,自請休學,0,1
112-1,人文社會科學學院,中國語文學系,中國語文學系,碩士,碩士班,女,一般生(非原住民族),論文撰寫,自請休學,0,5
112-1,人文社會科學學院,中國語文學系,中國語文學系,碩士,碩士班,女,一般生(非原住民族),其他,自請休學,0,1
112-1,人文社會科學學院,中國語文學系,中國語文學系,碩士,碩士班,女,其他類學生,就讀學校科系不符期待,自請休學,1,1
112-1,人文社會科學學院,中國語文學系,中國語文學系,碩士,碩士班,女,其他類學生,論文撰寫,自請休學,0,1
112-1,人文社會科學學院,中國語文學系,中國語文學系,博士,博士班,男,一般生(非原住民族),工作,自請休學,1,5
112-1,人文社會科學學院,中國語文學系,中國語文學系,博士,博士班,男,一般生(非原住民族),家務或家人照顧,自請休學,0,2
112-1,人文社會科學學院,中國語文學系,中國語文學系,博士,博士班,女,一般生(非原住民族),傷病,自請休學,0,1
112-1,人文社會科學學院,中國語文學系,中國語文學系,博士,博士班,女,一般生(非原住民族),論文撰寫,自請休學,2,3
112-1,人文社會科學學院,中國語文學系,中國語文學系,博士,博士班,女,一般生(非原住民族),考試訓練,自請休學,1,1
112-1,人文社會科學學院,中國語文學系,中國語文學系,博士,博士班,女,一般生(非原住民族),其他,自請休學,0,1
112-1,人文社會科學學院,臺灣文化學系,臺灣文化學系,學士,學士班,男,一般生(非原住民族),經濟困難,自請休學,0,1
112-1,人文社會科學學院,臺灣文化學系,臺灣文化學系,學士,學士班,男,一般生(非原住民族),學業成績不佳,自請休學,1,1
112-1,人文社會科學學院,臺灣文化學系,臺灣文化學系,學士,學士班,男,一般生(非原住民族),就讀學校科系不符期待,自請休學,1,4
112-1,人文社會科學學院,臺灣文化學系,臺灣文化學系,學士,學士班,男,一般生(非原住民族),家務或家人照顧,自請休學,0,1
112-1,人文社會科學學院,臺灣文化學系,臺灣文化學系,學士,學士班,女,一般生(非原住民族),工作,自請休學,1,2
112-1,人文社會科學學院,臺灣文化學系,臺灣文化學系,學士,學士班,女,一般生(非原住民族),就學環境,自請休學,0,1
112-1,人文社會科學學院,臺灣文化學系,臺灣文化學系,碩士,碩士班,男,一般生(非原住民族),傷病,自請休學,0,1
112-1,人文社會科學學院,臺灣文化學系,臺灣文化學系,碩士,碩士班,男,一般生(非原住民族),就讀學校科系不符期待,自請休學,1,1
112-1,人文社會科學學院,臺灣文化學系,臺灣文化學系,碩士,碩士班,男,一般生(非原住民族),工作,自請休學,0,3
112-1,人文社會科學學院,臺灣文化學系,臺灣文化學系,碩士,碩士班,男,一般生(非原住民族),家務或家人照顧,自請休學,0,1
112-1,人文社會科學學院,臺灣文化學系,臺灣文化學系,碩士,碩士班,女,一般生(非原住民族),經濟困難,自請休學,0,1
112-1,人文社會科學學院,臺灣文化學系,臺灣文化學系,碩士,碩士班,女,一般生(非原住民族),就讀學校科系不符期待,自請休學,0,2
112-1,人文社會科學學院,臺灣文化學系,臺灣文化學系,碩士,碩士班,女,一般生(非原住民族),工作,自請休學,0,1
112-1,人文社會科學學院,臺灣文化學系,臺灣文化學系,碩士,碩士班,女,一般生(非原住民族),論文撰寫,自請休學,1,3
112-1,人文社會科學學院,臺灣文化學系,臺灣文化學系,碩士,碩士班,女,一般生(非原住民族),考試訓練,自請休學,1,1
112-1,人文社會科學學院,臺灣文化學系,臺灣文化學系,碩士,碩士班,女,其他類學生,就讀學校科系不符期待,自請休學,1,1
112-1,人文社會科學學院,臺灣文化學系,臺灣文化學系,碩士,碩士在職專班,男,一般生(非原住民族),育嬰,自請休學,1,1
112-1,人文社會科學學院,臺灣文化學系,臺灣文化學系,碩士,碩士在職專班,男,一般生(非原住民族),出國,自請休學,0,1
112-1,管理學院,管理學院管理科學與財金國際學士學位學程,管理學院管理科學與財金國際學士學位學程,學士,學士班,女,一般生(非原住民族),出國,自請休學,0,1
112-1,花師教育學院,教育行政與管理學系,教育行政與管理學系,碩士,碩士在職專班,男,原住民族學生,育嬰,自請休學,1,1
112-1,花師教育學院,教育行政與管理學系,教育行政與管理學系,碩士,碩士在職專班,男,原住民族學生,家務或家人照顧,自請休學,0,1
112-1,花師教育學院,教育行政與管理學系,教育行政與管理學系,碩士,碩士在職專班,男,一般生(非原住民族),工作,自請休學,2,8
112-1,花師教育學院,教育行政與管理學系,教育行政與管理學系,碩士,碩士在職專班,男,一般生(非原住民族),論文撰寫,自請休學,0,1
112-1,花師教育學院,教育行政與管理學系,教育行政與管理學系,碩士,碩士在職專班,男,一般生(非原住民族),家務或家人照顧,自請休學,1,2
112-1,花師教育學院,教育行政與管理學系,教育行政與管理學系,碩士,碩士在職專班,女,原住民族學生,工作,自請休學,2,2
112-1,花師教育學院,教育行政與管理學系,教育行政與管理學系,碩士,碩士在職專班,女,原住民族學生,育嬰,自請休學,1,1
112-1,花師教育學院,教育行政與管理學系,教育行政與管理學系,碩士,碩士在職專班,女,一般生(非原住民族),傷病,自請休學,1,2
112-1,花師教育學院,教育行政與管理學系,教育行政與管理學系,碩士,碩士在職專班,女,一般生(非原住民族),工作,自請休學,1,5
112-1,花師教育學院,教育行政與管理學系,教育行政與管理學系,碩士,碩士在職專班,女,一般生(非原住民族),育嬰,自請休學,0,1
112-1,花師教育學院,教育行政與管理學系,教育行政與管理學系,碩士,碩士在職專班,女,一般生(非原住民族),論文撰寫,自請休學,0,2
112-1,花師教育學院,教育行政與管理學系,教育行政與管理學系,碩士,碩士在職專班,女,一般生(非原住民族),就學環境,自請休學,0,1
112-1,花師教育學院,教育行政與管理學系,教育行政與管理學系,碩士,碩士在職專班,女,一般生(非原住民族),家務或家人照顧,自請休學,1,2
112-1,花師教育學院,教育行政與管理學系,教育行政與管理學系,碩士,碩士在職專班,女,一般生(非原住民族),考試訓練,自請休學,0,1
112-1,花師教育學院,教育行政與管理學系,教育行政與管理學系,碩士,碩士在職專班,女,一般生(非原住民族),其他,自請休學,1,1
112-1,花師教育學院,體育與運動科學系,體育與運動科學系,碩士,碩士在職專班,男,一般生(非原住民族),工作,自請休學,0,2
112-1,花師教育學院,體育與運動科學系,體育與運動科學系,碩士,碩士在職專班,男,一般生(非原住民族),論文撰寫,自請休學,0,1
112-1,花師教育學院,體育與運動科學系,體育與運動科學系,碩士,碩士在職專班,男,一般生(非原住民族),家務或家人照顧,自請休學,1,1
112-1,花師教育學院,體育與運動科學系,體育與運動科學系,碩士,碩士在職專班,女,原住民族學生,育嬰,自請休學,0,1
112-1,花師教育學院,體育與運動科學系,體育與運動科學系,碩士,碩士在職專班,女,一般生(非原住民族),就讀學校科系不符期待,自請休學,0,1
112-1,花師教育學院,體育與運動科學系,體育與運動科學系,碩士,碩士在職專班,女,一般生(非原住民族),工作,自請休學,0,1
112-1,花師教育學院,體育與運動科學系,體育與運動科學系,碩士,碩士在職專班,女,一般生(非原住民族),論文撰寫,自請休學,0,1
112-1,花師教育學院,體育與運動科學系,體育與運動科學系,碩士,碩士在職專班,女,一般生(非原住民族),家務或家人照顧,自請休學,0,1
112-1,人文社會科學學院,公共行政學系,公共行政學系,學士,學士班,男,一般生(非原住民族),傷病,自請休學,1,2
112-1,人文社會科學學院,公共行政學系,公共行政學系,學士,學士班,女,原住民族學生,就讀學校科系不符期待,自請休學,1,1
112-1,人文社會科學學院,公共行政學系,公共行政學系,學士,學士班,女,一般生(非原住民族),家務或家人照顧,自請休學,1,1
112-1,人文社會科學學院,公共行政學系,公共行政學系,學士,學士班,女,其他類學生,其他,自請休學,0,1
112-1,人文社會科學學院,法律學系,法律學士學位學程,學士,學士班,女,一般生(非原住民族),傷病,自請休學,0,1
112-1,人文社會科學學院,社會學系,社會學系,碩士,碩士班,男,原住民族學生,工作,自請休學,0,1
112-1,人文社會科學學院,社會學系,社會學系,碩士,碩士班,男,一般生(非原住民族),工作,自請休學,0,1
112-1,人文社會科學學院,社會學系,社會學系,碩士,碩士班,男,一般生(非原住民族),論文撰寫,自請休學,0,1
112-1,人文社會科學學院,社會學系,社會學系,碩士,碩士班,男,一般生(非原住民族),家務或家人照顧,自請休學,0,1
112-1,人文社會科學學院,社會學系,社會學系,碩士,碩士班,男,其他類學生,論文撰寫,自請休學,0,1
112-1,人文社會科學學院,社會學系,社會學系,碩士,碩士班,女,一般生(非原住民族),傷病,自請休學,0,1
112-1,人文社會科學學院,社會學系,社會學系,碩士,碩士班,女,一般生(非原住民族),就讀學校科系不符期待,自請休學,0,1
112-1,人文社會科學學院,社會學系,社會學系,碩士,碩士班,女,一般生(非原住民族),工作,自請休學,0,2
112-1,人文社會科學學院,社會學系,社會學系,碩士,碩士班,女,一般生(非原住民族),懷孕,自請休學,0,1
112-1,人文社會科學學院,社會學系,社會學系,碩士,碩士班,女,一般生(非原住民族),育嬰,自請休學,0,1
112-1,人文社會科學學院,社會學系,社會學系,碩士,碩士班,女,一般生(非原住民族),論文撰寫,自請休學,1,2
112-1,人文社會科學學院,公共行政學系,公共行政學系,碩士,碩士班,男,一般生(非原住民族),工作,自請休學,0,2
112-1,人文社會科學學院,公共行政學系,公共行政學系,碩士,碩士班,男,一般生(非原住民族),論文撰寫,自請休學,0,1
112-1,人文社會科學學院,公共行政學系,公共行政學系,碩士,碩士班,女,一般生(非原住民族),工作,自請休學,0,1
112-1,人文社會科學學院,公共行政學系,公共行政學系,碩士,碩士班,女,一般生(非原住民族),育嬰,自請休學,0,1
112-1,人文社會科學學院,公共行政學系,公共行政學系,碩士,碩士在職專班,男,原住民族學生,論文撰寫,自請休學,0,1
112-1,人文社會科學學院,公共行政學系,公共行政學系,碩士,碩士在職專班,男,一般生(非原住民族),工作,自請休學,0,3
112-1,人文社會科學學院,公共行政學系,公共行政學系,碩士,碩士在職專班,男,一般生(非原住民族),論文撰寫,自請休學,0,2
112-1,人文社會科學學院,公共行政學系,公共行政學系,碩士,碩士在職專班,男,一般生(非原住民族),家務或家人照顧,自請休學,1,2
112-1,人文社會科學學院,公共行政學系,公共行政學系,碩士,碩士在職專班,女,一般生(非原住民族),就讀學校科系不符期待,自請休學,0,1
112-1,人文社會科學學院,公共行政學系,公共行政學系,碩士,碩士在職專班,女,一般生(非原住民族),論文撰寫,自請休學,0,1
112-1,人文社會科學學院,社會學系,社會學系,學士,學士班,女,一般生(非原住民族),就讀學校科系不符期待,自請休學,2,3
112-1,人文社會科學學院,社會學系,社會學系,學士,學士班,女,一般生(非原住民族),就學環境,自請休學,1,1
112-1,原住民民族學院,民族發展與社會工作學系,民族事務與發展學系,學士,學士班,男,原住民族學生,家務或家人照顧,自請休學,0,1
112-1,原住民民族學院,民族發展與社會工作學系,民族事務與發展學系,學士,學士班,女,原住民族學生,懷孕,自請休學,1,1
112-1,原住民民族學院,民族發展與社會工作學系,民族事務與發展學系,學士,學士班,女,原住民族學生,家務或家人照顧,自請休學,0,1
112-1,原住民民族學院,民族發展與社會工作學系,民族事務與發展學系,學士,學士班,女,一般生(非原住民族),就讀學校科系不符期待,自請休學,1,1
112-1,原住民民族學院,民族發展與社會工作學系,民族社會工作學士學位學程,學士,學士班,男,原住民族學生,就讀學校科系不符期待,自請休學,0,1
112-1,原住民民族學院,民族發展與社會工作學系,民族社會工作學士學位學程,學士,學士班,男,原住民族學生,兵役,自請休學,1,1
112-1,原住民民族學院,民族發展與社會工作學系,民族社會工作學士學位學程,學士,學士班,男,其他類學生,家務或家人照顧,自請休學,0,1
112-1,原住民民族學院,民族發展與社會工作學系,民族社會工作學士學位學程,學士,學士班,女,原住民族學生,經濟困難,自請休學,1,1
112-1,原住民民族學院,民族發展與社會工作學系,民族社會工作學士學位學程,學士,學士班,女,原住民族學生,工作,自請休學,0,1
112-1,原住民民族學院,民族發展與社會工作學系,民族社會工作學士學位學程,學士,學士班,女,原住民族學生,育嬰,自請休學,0,1
112-1,原住民民族學院,民族發展與社會工作學系,民族社會工作學士學位學程,學士,學士班,女,原住民族學生,家務或家人照顧,自請休學,0,1
112-1,原住民民族學院,民族發展與社會工作學系,民族事務與發展學系,碩士,碩士班,男,原住民族學生,經濟困難,自請休學,1,1
112-1,原住民民族學院,民族發展與社會工作學系,民族事務與發展學系,碩士,碩士班,男,原住民族學生,工作,自請休學,0,1
112-1,原住民民族學院,民族發展與社會工作學系,民族事務與發展學系,碩士,碩士班,男,原住民族學生,育嬰,自請休學,0,1
112-1,原住民民族學院,民族發展與社會工作學系,民族事務與發展學系,碩士,碩士班,男,原住民族學生,論文撰寫,自請休學,0,3
112-1,原住民民族學院,民族發展與社會工作學系,民族事務與發展學系,碩士,碩士班,男,原住民族學生,家務或家人照顧,自請休學,1,1
112-1,原住民民族學院,民族發展與社會工作學系,民族事務與發展學系,碩士,碩士班,男,一般生(非原住民族),工作,自請休學,0,1
112-1,原住民民族學院,民族發展與社會工作學系,民族事務與發展學系,碩士,碩士班,男,一般生(非原住民族),育嬰,自請休學,0,1
112-1,原住民民族學院,民族發展與社會工作學系,民族事務與發展學系,碩士,碩士班,女,原住民族學生,就讀學校科系不符期待,自請休學,0,1
112-1,原住民民族學院,民族發展與社會工作學系,民族事務與發展學系,碩士,碩士班,女,原住民族學生,工作,自請休學,2,6
112-1,原住民民族學院,民族發展與社會工作學系,民族事務與發展學系,碩士,碩士班,女,原住民族學生,懷孕,自請休學,0,3
112-1,原住民民族學院,民族發展與社會工作學系,民族事務與發展學系,碩士,碩士班,女,原住民族學生,育嬰,自請休學,0,1
112-1,原住民民族學院,民族發展與社會工作學系,民族事務與發展學系,碩士,碩士班,女,原住民族學生,論文撰寫,自請休學,2,3
112-1,原住民民族學院,民族發展與社會工作學系,民族事務與發展學系,碩士,碩士班,女,一般生(非原住民族),經濟困難,自請休學,0,1
112-1,原住民民族學院,民族發展與社會工作學系,民族事務與發展學系,碩士,碩士班,女,一般生(非原住民族),論文撰寫,自請休學,0,1
112-1,原住民民族學院,民族發展與社會工作學系,民族事務與發展學系民族社會工作碩士在職專班,碩士,碩士在職專班,男,原住民族學生,工作,自請休學,1,5
112-1,原住民民族學院,民族發展與社會工作學系,民族事務與發展學系民族社會工作碩士在職專班,碩士,碩士在職專班,男,原住民族學生,論文撰寫,自請休學,0,1
112-1,原住民民族學院,民族發展與社會工作學系,民族事務與發展學系民族社會工作碩士在職專班,碩士,碩士在職專班,男,原住民族學生,家務或家人照顧,自請休學,0,1
112-1,原住民民族學院,民族發展與社會工作學系,民族事務與發展學系民族社會工作碩士在職專班,碩士,碩士在職專班,男,一般生(非原住民族),工作,自請休學,2,3
112-1,原住民民族學院,民族發展與社會工作學系,民族事務與發展學系民族社會工作碩士在職專班,碩士,碩士在職專班,男,一般生(非原住民族),家務或家人照顧,自請休學,1,1
112-1,原住民民族學院,民族發展與社會工作學系,民族事務與發展學系民族社會工作碩士在職專班,碩士,碩士在職專班,女,原住民族學生,就讀學校科系不符期待,自請休學,1,1
112-1,原住民民族學院,民族發展與社會工作學系,民族事務與發展學系民族社會工作碩士在職專班,碩士,碩士在職專班,女,原住民族學生,工作,自請休學,0,4
112-1,原住民民族學院,民族發展與社會工作學系,民族事務與發展學系民族社會工作碩士在職專班,碩士,碩士在職專班,女,原住民族學生,懷孕,自請休學,0,1
112-1,原住民民族學院,民族發展與社會工作學系,民族事務與發展學系民族社會工作碩士在職專班,碩士,碩士在職專班,女,原住民族學生,育嬰,自請休學,1,1
112-1,原住民民族學院,民族發展與社會工作學系,民族事務與發展學系民族社會工作碩士在職專班,碩士,碩士在職專班,女,原住民族學生,論文撰寫,自請休學,1,3
112-1,原住民民族學院,民族發展與社會工作學系,民族事務與發展學系民族社會工作碩士在職專班,碩士,碩士在職專班,女,原住民族學生,家務或家人照顧,自請休學,0,1
112-1,原住民民族學院,民族發展與社會工作學系,民族事務與發展學系民族社會工作碩士在職專班,碩士,碩士在職專班,女,一般生(非原住民族),傷病,自請休學,1,3
112-1,原住民民族學院,民族發展與社會工作學系,民族事務與發展學系民族社會工作碩士在職專班,碩士,碩士在職專班,女,一般生(非原住民族),就讀學校科系不符期待,自請休學,0,1
112-1,原住民民族學院,民族發展與社會工作學系,民族事務與發展學系民族社會工作碩士在職專班,碩士,碩士在職專班,女,一般生(非原住民族),工作,自請休學,0,1
112-1,原住民民族學院,民族發展與社會工作學系,民族事務與發展學系民族社會工作碩士在職專班,碩士,碩士在職專班,女,一般生(非原住民族),論文撰寫,自請休學,0,2
112-1,原住民民族學院,民族發展與社會工作學系,民族事務與發展學系民族社會工作碩士在職專班,碩士,碩士在職專班,女,一般生(非原住民族),家務或家人照顧,自請休學,1,4
112-1,理工學院,物理學系,物理學系應用物理碩士班,碩士,碩士班,男,一般生(非原住民族),傷病,自請休學,0,1
112-1,理工學院,物理學系,物理學系應用物理碩士班,碩士,碩士班,男,一般生(非原住民族),就讀學校科系不符期待,自請休學,0,1
112-1,花師教育學院,教育與潛能開發學系,教育與潛能開發學系多元文化教育博士班,博士,博士班,女,原住民族學生,工作,自請休學,0,1
112-1,花師教育學院,教育與潛能開發學系,教育與潛能開發學系多元文化教育博士班,博士,博士班,女,一般生(非原住民族),傷病,自請休學,0,2
112-1,花師教育學院,教育與潛能開發學系,教育與潛能開發學系多元文化教育博士班,博士,博士班,女,一般生(非原住民族),經濟困難,自請休學,1,1
112-1,花師教育學院,教育與潛能開發學系,教育與潛能開發學系多元文化教育博士班,博士,博士班,女,一般生(非原住民族),工作,自請休學,0,1
112-1,花師教育學院,教育與潛能開發學系,教育與潛能開發學系多元文化教育博士班,博士,博士班,女,一般生(非原住民族),論文撰寫,自請休學,1,1
112-1,花師教育學院,教育與潛能開發學系,教育與潛能開發學系科學教育博士班,博士,博士班,男,一般生(非原住民族),育嬰,自請休學,0,1
112-1,花師教育學院,教育與潛能開發學系,教育與潛能開發學系科學教育博士班,博士,博士班,男,一般生(非原住民族),論文撰寫,自請休學,2,2
112-1,花師教育學院,教育與潛能開發學系,教育與潛能開發學系科學教育博士班,博士,博士班,女,一般生(非原住民族),工作,自請休學,0,1
112-1,花師教育學院,教育與潛能開發學系,教育與潛能開發學系科學教育博士班,博士,博士班,女,一般生(非原住民族),論文撰寫,自請休學,1,2
112-1,花師教育學院,教育與潛能開發學系,教育與潛能開發學系教育博士班,博士,博士班,男,一般生(非原住民族),就讀學校科系不符期待,自請休學,0,1
112-1,花師教育學院,教育與潛能開發學系,教育與潛能開發學系教育博士班,博士,博士班,男,一般生(非原住民族),工作,自請休學,0,3
112-1,花師教育學院,教育與潛能開發學系,教育與潛能開發學系教育博士班,博士,博士班,男,一般生(非原住民族),論文撰寫,自請休學,1,2
112-1,花師教育學院,教育與潛能開發學系,教育與潛能開發學系教育博士班,博士,博士班,男,一般生(非原住民族),家務或家人照顧,自請休學,2,2
112-1,花師教育學院,教育與潛能開發學系,教育與潛能開發學系教育博士班,博士,博士班,男,其他類學生,工作,自請休學,1,1
112-1,花師教育學院,教育與潛能開發學系,教育與潛能開發學系教育博士班,博士,博士班,女,一般生(非原住民族),傷病,自請休學,1,1
112-1,花師教育學院,教育與潛能開發學系,教育與潛能開發學系教育博士班,博士,博士班,女,一般生(非原住民族),工作,自請休學,1,5
112-1,花師教育學院,教育與潛能開發學系,教育與潛能開發學系教育博士班,博士,博士班,女,一般生(非原住民族),育嬰,自請休學,1,4
112-1,花師教育學院,教育與潛能開發學系,教育與潛能開發學系教育博士班,博士,博士班,女,一般生(非原住民族),論文撰寫,自請休學,0,2
112-1,花師教育學院,教育與潛能開發學系,教育與潛能開發學系教育博士班,博士,博士班,女,一般生(非原住民族),家務或家人照顧,自請休學,2,4
112-1,花師教育學院,教育與潛能開發學系,教育與潛能開發學系教育博士班,博士,博士班,女,其他類學生,工作,自請休學,0,1
112-1,花師教育學院,教育與潛能開發學系,教育與潛能開發學系多元文化教育碩士班,碩士,碩士班,男,原住民族學生,工作,自請休學,0,1
112-1,花師教育學院,教育與潛能開發學系,教育與潛能開發學系多元文化教育碩士班,碩士,碩士班,男,原住民族學生,育嬰,自請休學,0,1
112-1,花師教育學院,教育與潛能開發學系,教育與潛能開發學系多元文化教育碩士班,碩士,碩士班,男,原住民族學生,論文撰寫,自請休學,1,1
112-1,花師教育學院,教育與潛能開發學系,教育與潛能開發學系多元文化教育碩士班,碩士,碩士班,男,一般生(非原住民族),就讀學校科系不符期待,自請休學,0,1
112-1,花師教育學院,教育與潛能開發學系,教育與潛能開發學系多元文化教育碩士班,碩士,碩士班,男,一般生(非原住民族),工作,自請休學,1,3
112-1,花師教育學院,教育與潛能開發學系,教育與潛能開發學系多元文化教育碩士班,碩士,碩士班,男,一般生(非原住民族),論文撰寫,自請休學,0,1
112-1,花師教育學院,教育與潛能開發學系,教育與潛能開發學系多元文化教育碩士班,碩士,碩士班,女,原住民族學生,工作,自請休學,0,1
112-1,花師教育學院,教育與潛能開發學系,教育與潛能開發學系多元文化教育碩士班,碩士,碩士班,女,原住民族學生,論文撰寫,自請休學,0,1
112-1,花師教育學院,教育與潛能開發學系,教育與潛能開發學系多元文化教育碩士班,碩士,碩士班,女,一般生(非原住民族),就讀學校科系不符期待,自請休學,1,1
112-1,花師教育學院,教育與潛能開發學系,教育與潛能開發學系多元文化教育碩士班,碩士,碩士班,女,一般生(非原住民族),工作,自請休學,0,1
112-1,花師教育學院,教育與潛能開發學系,教育與潛能開發學系多元文化教育碩士班,碩士,碩士班,女,一般生(非原住民族),懷孕,自請休學,1,1
112-1,花師教育學院,教育與潛能開發學系,教育與潛能開發學系多元文化教育碩士班,碩士,碩士班,女,一般生(非原住民族),論文撰寫,自請休學,3,4
112-1,花師教育學院,教育與潛能開發學系,教育與潛能開發學系多元文化教育碩士班,碩士,碩士班,女,一般生(非原住民族),家務或家人照顧,自請休學,0,2
112-1,花師教育學院,教育與潛能開發學系,教育與潛能開發學系多元文化教育碩士班,碩士,碩士班,女,一般生(非原住民族),其他,自請休學,1,1
112-1,花師教育學院,教育與潛能開發學系,教育與潛能開發學系科學教育碩士班,碩士,碩士班,男,一般生(非原住民族),傷病,自請休學,0,2
112-1,花師教育學院,教育與潛能開發學系,教育與潛能開發學系科學教育碩士班,碩士,碩士班,男,一般生(非原住民族),工作,自請休學,0,3
112-1,花師教育學院,教育與潛能開發學系,教育與潛能開發學系科學教育碩士班,碩士,碩士班,女,一般生(非原住民族),就讀學校科系不符期待,自請休學,1,1
112-1,花師教育學院,教育與潛能開發學系,教育與潛能開發學系科學教育碩士班,碩士,碩士班,女,一般生(非原住民族),工作,自請休學,3,6
112-1,花師教育學院,教育與潛能開發學系,教育與潛能開發學系科學教育碩士班,碩士,碩士班,女,一般生(非原住民族),育嬰,自請休學,0,1
112-1,花師教育學院,教育與潛能開發學系,教育與潛能開發學系科學教育碩士班,碩士,碩士班,女,一般生(非原住民族),論文撰寫,自請休學,0,2
112-1,花師教育學院,教育與潛能開發學系,教育與潛能開發學系教育碩士班,碩士,碩士班,男,原住民族學生,工作,自請休學,0,1
112-1,花師教育學院,教育與潛能開發學系,教育與潛能開發學系教育碩士班,碩士,碩士班,男,原住民族學生,就學環境,自請休學,0,1
112-1,花師教育學院,教育與潛能開發學系,教育與潛能開發學系教育碩士班,碩士,碩士班,男,一般生(非原住民族),就讀學校科系不符期待,自請休學,1,1
112-1,花師教育學院,教育與潛能開發學系,教育與潛能開發學系教育碩士班,碩士,碩士班,男,一般生(非原住民族),工作,自請休學,1,1
112-1,花師教育學院,教育與潛能開發學系,教育與潛能開發學系教育碩士班,碩士,碩士班,男,一般生(非原住民族),出國,自請休學,0,1
112-1,花師教育學院,教育與潛能開發學系,教育與潛能開發學系教育碩士班,碩士,碩士班,男,一般生(非原住民族),論文撰寫,自請休學,0,2
112-1,花師教育學院,教育與潛能開發學系,教育與潛能開發學系教育碩士班,碩士,碩士班,男,一般生(非原住民族),家務或家人照顧,自請休學,0,1
112-1,花師教育學院,教育與潛能開發學系,教育與潛能開發學系教育碩士班,碩士,碩士班,男,其他類學生,工作,自請休學,0,1
112-1,花師教育學院,教育與潛能開發學系,教育與潛能開發學系教育碩士班,碩士,碩士班,女,原住民族學生,工作,自請休學,0,1
112-1,花師教育學院,教育與潛能開發學系,教育與潛能開發學系教育碩士班,碩士,碩士班,女,原住民族學生,其他,自請休學,1,1
112-1,花師教育學院,教育與潛能開發學系,教育與潛能開發學系教育碩士班,碩士,碩士班,女,一般生(非原住民族),工作,自請休學,0,2
112-1,花師教育學院,教育與潛能開發學系,教育與潛能開發學系教育碩士班,碩士,碩士班,女,一般生(非原住民族),育嬰,自請休學,0,1
112-1,花師教育學院,教育與潛能開發學系,教育與潛能開發學系教育碩士班,碩士,碩士班,女,一般生(非原住民族),論文撰寫,自請休學,0,2
112-1,花師教育學院,教育與潛能開發學系,教育與潛能開發學系教育碩士班,碩士,碩士班,女,一般生(非原住民族),家務或家人照顧,自請休學,1,2
112-1,花師教育學院,教育與潛能開發學系,教育與潛能開發學系教育碩士班,碩士,碩士班,女,其他類學生,論文撰寫,自請休學,1,1
112-1,花師教育學院,教育與潛能開發學系,教育與潛能開發學系教育碩士在職專班,碩士,碩士在職專班,男,原住民族學生,論文撰寫,自請休學,1,1
112-1,花師教育學院,教育與潛能開發學系,教育與潛能開發學系教育碩士在職專班,碩士,碩士在職專班,男,原住民族學生,家務或家人照顧,自請休學,0,1
112-1,花師教育學院,教育與潛能開發學系,教育與潛能開發學系教育碩士在職專班,碩士,碩士在職專班,男,一般生(非原住民族),工作,自請休學,2,5
112-1,花師教育學院,教育與潛能開發學系,教育與潛能開發學系教育碩士在職專班,碩士,碩士在職專班,男,一般生(非原住民族),家務或家人照顧,自請休學,1,2
112-1,花師教育學院,教育與潛能開發學系,教育與潛能開發學系教育碩士在職專班,碩士,碩士在職專班,男,一般生(非原住民族),其他,自請休學,3,4
112-1,花師教育學院,教育與潛能開發學系,教育與潛能開發學系教育碩士在職專班,碩士,碩士在職專班,女,原住民族學生,育嬰,自請休學,0,2
112-1,花師教育學院,教育與潛能開發學系,教育與潛能開發學系教育碩士在職專班,碩士,碩士在職專班,女,原住民族學生,論文撰寫,自請休學,1,1
112-1,花師教育學院,教育與潛能開發學系,教育與潛能開發學系教育碩士在職專班,碩士,碩士在職專班,女,原住民族學生,家務或家人照顧,自請休學,1,1
112-1,花師教育學院,教育與潛能開發學系,教育與潛能開發學系教育碩士在職專班,碩士,碩士在職專班,女,一般生(非原住民族),傷病,自請休學,0,1
112-1,花師教育學院,教育與潛能開發學系,教育與潛能開發學系教育碩士在職專班,碩士,碩士在職專班,女,一般生(非原住民族),經濟困難,自請休學,0,2
112-1,花師教育學院,教育與潛能開發學系,教育與潛能開發學系教育碩士在職專班,碩士,碩士在職專班,女,一般生(非原住民族),就讀學校科系不符期待,自請休學,0,1
112-1,花師教育學院,教育與潛能開發學系,教育與潛能開發學系教育碩士在職專班,碩士,碩士在職專班,女,一般生(非原住民族),工作,自請休學,4,9
112-1,花師教育學院,教育與潛能開發學系,教育與潛能開發學系教育碩士在職專班,碩士,碩士在職專班,女,一般生(非原住民族),懷孕,自請休學,0,1
112-1,花師教育學院,教育與潛能開發學系,教育與潛能開發學系教育碩士在職專班,碩士,碩士在職專班,女,一般生(非原住民族),育嬰,自請休學,0,1
112-1,花師教育學院,教育與潛能開發學系,教育與潛能開發學系教育碩士在職專班,碩士,碩士在職專班,女,一般生(非原住民族),論文撰寫,自請休學,8,15
112-1,花師教育學院,教育與潛能開發學系,教育與潛能開發學系教育碩士在職專班,碩士,碩士在職專班,女,一般生(非原住民族),家務或家人照顧,自請休學,1,5
112-1,花師教育學院,教育與潛能開發學系,教育與潛能開發學系教育碩士在職專班,碩士,碩士在職專班,女,一般生(非原住民族),其他,自請休學,5,7
112-1,花師教育學院,教育與潛能開發學系,教育與潛能開發學系,學士,學士班,男,一般生(非原住民族),就讀學校科系不符期待,自請休學,1,1
112-1,花師教育學院,教育與潛能開發學系,教育與潛能開發學系,學士,學士班,女,一般生(非原住民族),就讀學校科系不符期待,自請休學,0,4
112-1,藝術學院,藝術創意產業學系,藝術創意產業學系,碩士,碩士在職專班,男,原住民族學生,工作,自請休學,1,1
112-1,藝術學院,藝術創意產業學系,藝術創意產業學系,碩士,碩士在職專班,男,一般生(非原住民族),工作,自請休學,2,3
112-1,藝術學院,藝術創意產業學系,藝術創意產業學系,碩士,碩士在職專班,男,一般生(非原住民族),家務或家人照顧,自請休學,0,1
112-1,藝術學院,藝術創意產業學系,藝術創意產業學系,碩士,碩士在職專班,女,原住民族學生,工作,自請休學,0,2
112-1,藝術學院,藝術創意產業學系,藝術創意產業學系,碩士,碩士在職專班,女,原住民族學生,育嬰,自請休學,0,1
112-1,藝術學院,藝術創意產業學系,藝術創意產業學系,碩士,碩士在職專班,女,一般生(非原住民族),傷病,自請休學,0,1
112-1,藝術學院,藝術創意產業學系,藝術創意產業學系,碩士,碩士在職專班,女,一般生(非原住民族),工作,自請休學,1,2
112-1,藝術學院,藝術創意產業學系,藝術創意產業學系,碩士,碩士在職專班,女,一般生(非原住民族),育嬰,自請休學,0,1
112-1,藝術學院,藝術創意產業學系,藝術創意產業學系,碩士,碩士在職專班,女,一般生(非原住民族),論文撰寫,自請休學,1,1
112-1,藝術學院,藝術創意產業學系,藝術創意產業學系,碩士,碩士在職專班,女,一般生(非原住民族),家務或家人照顧,自請休學,2,3
112-1,藝術學院,藝術創意產業學系,藝術創意產業學系,碩士,碩士在職專班,女,一般生(非原住民族),其他,自請休學,0,1
112-1,藝術學院,藝術創意產業學系,藝術創意產業學系,碩士,碩士班,男,原住民族學生,家務或家人照顧,自請休學,1,1
112-1,藝術學院,藝術創意產業學系,藝術創意產業學系,碩士,碩士班,男,一般生(非原住民族),就讀學校科系不符期待,自請休學,0,1
112-1,藝術學院,藝術創意產業學系,藝術創意產業學系,碩士,碩士班,男,一般生(非原住民族),論文撰寫,自請休學,1,3
112-1,藝術學院,藝術創意產業學系,藝術創意產業學系,碩士,碩士班,女,一般生(非原住民族),就讀學校科系不符期待,自請休學,0,1
112-1,藝術學院,藝術創意產業學系,藝術創意產業學系,碩士,碩士班,女,一般生(非原住民族),工作,自請休學,3,5
112-1,藝術學院,藝術創意產業學系,藝術創意產業學系,碩士,碩士班,女,一般生(非原住民族),論文撰寫,自請休學,0,3
112-1,藝術學院,藝術創意產業學系,藝術創意產業學系,碩士,碩士班,女,一般生(非原住民族),家務或家人照顧,自請休學,0,1
112-1,藝術學院,藝術創意產業學系,藝術創意產業學系,碩士,碩士班,女,一般生(非原住民族),其他,自請休學,1,1
112-1,藝術學院,藝術創意產業學系,藝術創意產業學系,碩士,碩士班,女,其他類學生,家務或家人照顧,自請休學,0,1
112-1,管理學院,國際企業學系,國際企業學系經營管理碩士在職專班,碩士,碩士在職專班,男,原住民族學生,育嬰,自請休學,0,1
112-1,管理學院,國際企業學系,國際企業學系經營管理碩士在職專班,碩士,碩士在職專班,男,一般生(非原住民族),工作,自請休學,1,5
112-1,管理學院,國際企業學系,國際企業學系經營管理碩士在職專班,碩士,碩士在職專班,男,一般生(非原住民族),育嬰,自請休學,0,3
112-1,管理學院,國際企業學系,國際企業學系經營管理碩士在職專班,碩士,碩士在職專班,男,一般生(非原住民族),家務或家人照顧,自請休學,1,2
112-1,管理學院,國際企業學系,國際企業學系經營管理碩士在職專班,碩士,碩士在職專班,女,一般生(非原住民族),懷孕,自請休學,0,1
112-1,管理學院,資訊管理學系,資訊管理學系,碩士,碩士班,男,一般生(非原住民族),經濟困難,自請休學,0,1
112-1,管理學院,資訊管理學系,資訊管理學系,碩士,碩士班,男,一般生(非原住民族),工作,自請休學,1,1
112-1,管理學院,會計學系,會計學系,碩士,碩士班,男,一般生(非原住民族),就讀學校科系不符期待,自請休學,1,1
112-1,管理學院,會計學系,會計學系,碩士,碩士班,男,一般生(非原住民族),家務或家人照顧,自請休學,0,1
112-1,管理學院,會計學系,會計學系,碩士,碩士班,女,一般生(非原住民族),工作,自請休學,1,1
112-1,管理學院,會計學系,會計學系,碩士,碩士班,女,一般生(非原住民族),論文撰寫,自請休學,0,1
112-1,原住民民族學院,原住民族樂舞與藝術學士學位學程,原住民族樂舞與藝術學士學位學程,學士,學士班,女,原住民族學生,就讀學校科系不符期待,自請休學,1,2
112-1,原住民民族學院,原住民族樂舞與藝術學士學位學程,原住民族樂舞與藝術學士學位學程,學士,學士班,女,原住民族學生,懷孕,自請休學,1,1
112-1,原住民民族學院,原住民族樂舞與藝術學士學位學程,原住民族樂舞與藝術學士學位學程,學士,學士班,女,原住民族學生,家務或家人照顧,自請休學,1,1
112-1,人文社會科學學院,法律學系,法律學系,學士,學士班,男,一般生(非原住民族),傷病,自請休學,1,2
112-1,人文社會科學學院,法律學系,法律學系,學士,學士班,男,一般生(非原住民族),就讀學校科系不符期待,自請休學,0,1
112-1,人文社會科學學院,法律學系,法律學系,學士,學士班,女,一般生(非原住民族),傷病,自請休學,0,1
112-1,人文社會科學學院,法律學系,法律學系,學士,學士班,女,一般生(非原住民族),經濟困難,自請休學,1,1
112-1,人文社會科學學院,法律學系,法律學系,學士,學士班,女,一般生(非原住民族),就讀學校科系不符期待,自請休學,1,1
112-1,人文社會科學學院,法律學系,法律學系原住民專班,學士,學士班,男,原住民族學生,家務或家人照顧,自請休學,0,1
112-1,人文社會科學學院,法律學系,法律學系原住民專班,學士,學士班,女,原住民族學生,學業成績不佳,自請休學,0,1
112-1,花師教育學院,幼兒教育學系,幼兒教育學系學士後學位學程教保員專班,學士,學士班,女,原住民族學生,工作,自請休學,1,1
112-1,花師教育學院,幼兒教育學系,幼兒教育學系學士後學位學程教保員專班,學士,學士班,女,一般生(非原住民族),家務或家人照顧,自請休學,0,1
112-1,人文社會科學學院,法律學系,法律學系,碩士,碩士班,男,原住民族學生,考試訓練,自請休學,1,1
112-1,人文社會科學學院,法律學系,法律學系,碩士,碩士班,男,一般生(非原住民族),就讀學校科系不符期待,自請休學,0,1
112-1,人文社會科學學院,法律學系,法律學系,碩士,碩士班,男,一般生(非原住民族),工作,自請休學,1,6
112-1,人文社會科學學院,法律學系,法律學系,碩士,碩士班,男,一般生(非原住民族),論文撰寫,自請休學,3,5
112-1,人文社會科學學院,法律學系,法律學系,碩士,碩士班,男,一般生(非原住民族),考試訓練,自請休學,0,1
112-1,人文社會科學學院,法律學系,法律學系,碩士,碩士班,女,原住民族學生,育嬰,自請休學,0,1
112-1,人文社會科學學院,法律學系,法律學系,碩士,碩士班,女,原住民族學生,論文撰寫,自請休學,0,1
112-1,人文社會科學學院,法律學系,法律學系,碩士,碩士班,女,一般生(非原住民族),就讀學校科系不符期待,自請休學,0,1
112-1,人文社會科學學院,法律學系,法律學系,碩士,碩士班,女,一般生(非原住民族),育嬰,自請休學,0,2
112-1,人文社會科學學院,法律學系,法律學系,碩士,碩士班,女,一般生(非原住民族),論文撰寫,自請休學,0,4
112-1,人文社會科學學院,法律學系,法律學系,碩士,碩士班,女,一般生(非原住民族),家務或家人照顧,自請休學,0,3
112-1,洄瀾學院,縱谷跨域書院學士學位學程,縱谷跨域書院學士學位學程,學士,學士班,男,一般生(非原住民族),就讀學校科系不符期待,自請休學,0,2
112-1,洄瀾學院,縱谷跨域書院學士學位學程,縱谷跨域書院學士學位學程,學士,學士班,男,一般生(非原住民族),家務或家人照顧,自請休學,0,1
112-1,洄瀾學院,縱谷跨域書院學士學位學程,縱谷跨域書院學士學位學程,學士,學士班,女,一般生(非原住民族),傷病,自請休學,1,1
112-1,環境暨海洋學院,自然資源與環境學系,自然資源與環境學系,博士,博士班,男,一般生(非原住民族),傷病,自請休學,0,1
112-1,環境暨海洋學院,自然資源與環境學系,自然資源與環境學系,博士,博士班,男,一般生(非原住民族),工作,自請休學,0,1
112-1,環境暨海洋學院,自然資源與環境學系,自然資源與環境學系,博士,博士班,男,一般生(非原住民族),育嬰,自請休學,0,1
112-1,環境暨海洋學院,自然資源與環境學系,自然資源與環境學系,博士,博士班,男,一般生(非原住民族),論文撰寫,自請休學,0,2
112-1,環境暨海洋學院,自然資源與環境學系,自然資源與環境學系,博士,博士班,男,其他類學生,工作,自請休學,0,1
112-1,環境暨海洋學院,自然資源與環境學系,自然資源與環境學系,博士,博士班,女,一般生(非原住民族),傷病,自請休學,0,1
112-1,環境暨海洋學院,自然資源與環境學系,自然資源與環境學系,博士,博士班,女,一般生(非原住民族),工作,自請休學,0,1
112-1,環境暨海洋學院,自然資源與環境學系,自然資源與環境學系,博士,博士班,女,一般生(非原住民族),論文撰寫,自請休學,1,1
112-1,環境暨海洋學院,自然資源與環境學系,自然資源與環境學系,博士,博士班,女,一般生(非原住民族),家務或家人照顧,自請休學,1,1
112-1,環境暨海洋學院,自然資源與環境學系,自然資源與環境學系,碩士,碩士班,男,原住民族學生,傷病,自請休學,0,1
112-1,環境暨海洋學院,自然資源與環境學系,自然資源與環境學系,碩士,碩士班,男,一般生(非原住民族),經濟困難,自請休學,1,2
112-1,環境暨海洋學院,自然資源與環境學系,自然資源與環境學系,碩士,碩士班,男,一般生(非原住民族),就讀學校科系不符期待,自請休學,1,4
112-1,環境暨海洋學院,自然資源與環境學系,自然資源與環境學系,碩士,碩士班,男,一般生(非原住民族),工作,自請休學,1,1
112-1,環境暨海洋學院,自然資源與環境學系,自然資源與環境學系,碩士,碩士班,男,一般生(非原住民族),育嬰,自請休學,0,1
112-1,環境暨海洋學院,自然資源與環境學系,自然資源與環境學系,碩士,碩士班,男,一般生(非原住民族),論文撰寫,自請休學,0,2
112-1,環境暨海洋學院,自然資源與環境學系,自然資源與環境學系,碩士,碩士班,男,一般生(非原住民族),家務或家人照顧,自請休學,0,1
112-1,環境暨海洋學院,自然資源與環境學系,自然資源與環境學系,碩士,碩士班,女,原住民族學生,論文撰寫,自請休學,0,1
112-1,環境暨海洋學院,自然資源與環境學系,自然資源與環境學系,碩士,碩士班,女,一般生(非原住民族),就讀學校科系不符期待,自請休學,1,2
112-1,環境暨海洋學院,自然資源與環境學系,自然資源與環境學系,碩士,碩士班,女,一般生(非原住民族),工作,自請休學,0,1
112-1,環境暨海洋學院,自然資源與環境學系,自然資源與環境學系,碩士,碩士班,女,一般生(非原住民族),育嬰,自請休學,0,1
112-1,環境暨海洋學院,自然資源與環境學系,自然資源與環境學系,碩士,碩士班,女,一般生(非原住民族),論文撰寫,自請休學,1,1
112-1,環境暨海洋學院,自然資源與環境學系,自然資源與環境學系,碩士,碩士班,女,一般生(非原住民族),家務或家人照顧,自請休學,0,1
112-1,環境暨海洋學院,自然資源與環境學系,自然資源與環境學系,學士,學士班,男,一般生(非原住民族),傷病,自請休學,1,1
112-1,環境暨海洋學院,自然資源與環境學系,自然資源與環境學系,學士,學士班,男,一般生(非原住民族),出國,自請休學,0,1
112-1,環境暨海洋學院,自然資源與環境學系,自然資源與環境學系,學士,學士班,男,一般生(非原住民族),考試訓練,自請休學,0,1
112-1,環境暨海洋學院,自然資源與環境學系,自然資源與環境學系,學士,學士班,男,一般生(非原住民族),其他,自請休學,0,1
112-1,環境暨海洋學院,自然資源與環境學系,自然資源與環境學系,學士,學士班,女,一般生(非原住民族),傷病,自請休學,0,1
112-1,環境暨海洋學院,自然資源與環境學系,自然資源與環境學系,學士,學士班,女,一般生(非原住民族),出國,自請休學,1,2
112-1,環境暨海洋學院,自然資源與環境學系,自然資源與環境學系,學士,學士班,女,其他類學生,家務或家人照顧,自請休學,1,1
112-1,環境暨海洋學院,海洋生物研究所,海洋生物研究所,碩士,碩士班,男,一般生(非原住民族),就讀學校科系不符期待,自請休學,0,1
112-1,環境暨海洋學院,海洋生物研究所,海洋生物研究所,碩士,碩士班,男,一般生(非原住民族),家務或家人照顧,自請休學,0,1
112-1,環境暨海洋學院,海洋生物研究所,海洋生物研究所,碩士,碩士班,女,一般生(非原住民族),就讀學校科系不符期待,自請休學,0,1
112-1,管理學院,管理學院會計與資訊管理國際學士班,管理學院會計與資訊管理國際學士班,學士,學士班,男,一般生(非原住民族),就讀學校科系不符期待,自請休學,1,1
112-2,理工學院,應用數學系,應用數學系,學士,學士班,男,一般生(非原住民族),傷病,自請休學,0,2
112-2,理工學院,應用數學系,應用數學系,學士,學士班,男,一般生(非原住民族),經濟困難,自請休學,1,1
112-2,理工學院,應用數學系,應用數學系,學士,學士班,男,一般生(非原住民族),學業成績不佳,自請休學,4,6
112-2,理工學院,應用數學系,應用數學系,學士,學士班,男,一般生(非原住民族),就讀學校科系不符期待,自請休學,1,5
112-2,理工學院,應用數學系,應用數學系,學士,學士班,男,一般生(非原住民族),工作,自請休學,1,3
112-2,理工學院,應用數學系,應用數學系,學士,學士班,男,一般生(非原住民族),家務或家人照顧,自請休學,0,1
112-2,理工學院,應用數學系,應用數學系,學士,學士班,男,一般生(非原住民族),考試訓練,自請休學,0,1
112-2,理工學院,應用數學系,應用數學系,學士,學士班,女,一般生(非原住民族),家務或家人照顧,自請休學,1,1
112-2,理工學院,應用數學系,應用數學系,博士,博士班,男,一般生(非原住民族),傷病,自請休學,0,1
112-2,理工學院,應用數學系,應用數學系,碩士,碩士班,男,一般生(非原住民族),就讀學校科系不符期待,自請休學,1,2
112-2,理工學院,應用數學系,應用數學系,碩士,碩士班,男,一般生(非原住民族),論文撰寫,自請休學,0,2
112-2,理工學院,應用數學系,應用數學系,碩士,碩士班,男,一般生(非原住民族),其他,自請休學,1,1
112-2,理工學院,資訊工程學系,資訊工程學系,學士,學士班,男,原住民族學生,經濟困難,自請休學,0,1
112-2,理工學院,資訊工程學系,資訊工程學系,學士,學士班,男,一般生(非原住民族),傷病,自請休學,0,2
112-2,理工學院,資訊工程學系,資訊工程學系,學士,學士班,男,一般生(非原住民族),學業成績不佳,自請休學,0,2
112-2,理工學院,資訊工程學系,資訊工程學系,學士,學士班,男,一般生(非原住民族),就讀學校科系不符期待,自請休學,1,5
112-2,理工學院,資訊工程學系,資訊工程學系,學士,學士班,男,一般生(非原住民族),工作,自請休學,0,2
112-2,理工學院,資訊工程學系,資訊工程學系,學士,學士班,女,一般生(非原住民族),就讀學校科系不符期待,自請休學,1,2
112-2,理工學院,資訊工程學系,資訊工程學系,學士,學士班,女,一般生(非原住民族),出國,自請休學,0,1
112-2,理工學院,資訊工程學系,資訊工程學系,學士,學士班,女,一般生(非原住民族),家務或家人照顧,自請休學,1,1
112-2,理工學院,資訊工程學系,資訊工程學系,學士,學士班,女,其他類學生,傷病,自請休學,0,1
112-2,理工學院,資訊工程學系,資訊工程學系,博士,博士班,男,一般生(非原住民族),工作,自請休學,1,1
112-2,理工學院,資訊工程學系,資訊工程學系,博士,博士班,男,一般生(非原住民族),論文撰寫,自請休學,0,2
112-2,理工學院,資訊工程學系,資訊工程學系,碩士,碩士班,男,原住民族學生,論文撰寫,自請休學,0,1
112-2,理工學院,資訊工程學系,資訊工程學系,碩士,碩士班,男,一般生(非原住民族),經濟困難,自請休學,0,3
112-2,理工學院,資訊工程學系,資訊工程學系,碩士,碩士班,男,一般生(非原住民族),工作,自請休學,0,3
112-2,理工學院,資訊工程學系,資訊工程學系,碩士,碩士班,男,一般生(非原住民族),兵役,自請休學,0,2
112-2,理工學院,資訊工程學系,資訊工程學系,碩士,碩士班,男,一般生(非原住民族),論文撰寫,自請休學,1,4
112-2,理工學院,資訊工程學系,資訊工程學系,碩士,碩士班,男,一般生(非原住民族),家務或家人照顧,自請休學,0,1
112-2,理工學院,資訊工程學系,資訊工程學系,碩士,碩士班,男,其他類學生,經濟困難,自請休學,0,1
112-2,理工學院,資訊工程學系,資訊工程學系,碩士,碩士班,男,其他類學生,家務或家人照顧,自請休學,0,1
112-2,理工學院,資訊工程學系,資訊工程學系,碩士,碩士班,女,一般生(非原住民族),就讀學校科系不符期待,自請休學,0,1
112-2,理工學院,資訊工程學系,資訊工程學系,碩士,碩士班,女,一般生(非原住民族),工作,自請休學,0,1
112-2,理工學院,資訊工程學系,資訊工程學系,碩士,碩士班,女,一般生(非原住民族),論文撰寫,自請休學,0,2
112-2,理工學院,資訊工程學系,資訊工程學系,碩士,碩士班,女,其他類學生,經濟困難,自請休學,0,1
112-2,理工學院,資訊工程學系,資訊工程學系,碩士,碩士班,女,其他類學生,論文撰寫,自請休學,0,1
112-2,理工學院,資訊工程學系,資訊工程學系,碩士,碩士在職專班,男,一般生(非原住民族),工作,自請休學,1,3
112-2,理工學院,資訊工程學系,資訊工程學系,碩士,碩士在職專班,男,一般生(非原住民族),育嬰,自請休學,0,1
112-2,理工學院,資訊工程學系,資訊工程學系,碩士,碩士在職專班,女,一般生(非原住民族),工作,自請休學,1,1
112-2,理工學院,生化暨分子醫學科學系,生命科學系,學士,學士班,男,一般生(非原住民族),傷病,自請休學,0,1
112-2,理工學院,生化暨分子醫學科學系,生命科學系,學士,學士班,男,一般生(非原住民族),就讀學校科系不符期待,自請休學,0,2
112-2,理工學院,生化暨分子醫學科學系,生命科學系,學士,學士班,男,其他類學生,學業成績不佳,自請休學,0,1
112-2,理工學院,生化暨分子醫學科學系,生命科學系,學士,學士班,女,一般生(非原住民族),傷病,自請休學,1,1
112-2,理工學院,生化暨分子醫學科學系,生命科學系,學士,學士班,女,一般生(非原住民族),就讀學校科系不符期待,自請休學,0,1
112-2,理工學院,物理學系,物理學系,學士,學士班,男,一般生(非原住民族),學業成績不佳,自請休學,0,1
112-2,理工學院,物理學系,物理學系,學士,學士班,男,一般生(非原住民族),就讀學校科系不符期待,自請休學,1,3
112-2,理工學院,物理學系,物理學系,學士,學士班,男,一般生(非原住民族),工作,自請休學,1,3
112-2,理工學院,物理學系,物理學系,學士,學士班,男,一般生(非原住民族),出國,自請休學,0,1
112-2,理工學院,物理學系,物理學系,學士,學士班,男,一般生(非原住民族),家務或家人照顧,自請休學,0,1
112-2,理工學院,物理學系,物理學系,學士,學士班,女,一般生(非原住民族),學業成績不佳,自請休學,1,1
112-2,理工學院,化學系,化學系,學士,學士班,男,一般生(非原住民族),學業成績不佳,自請休學,1,1
112-2,理工學院,化學系,化學系,學士,學士班,男,一般生(非原住民族),工作,自請休學,0,1
112-2,理工學院,化學系,化學系,學士,學士班,男,一般生(非原住民族),出國,自請休學,0,1
112-2,理工學院,化學系,化學系,學士,學士班,男,一般生(非原住民族),考試訓練,自請休學,1,2
112-2,理工學院,化學系,化學系,學士,學士班,女,一般生(非原住民族),考試訓練,自請休學,0,1
112-2,理工學院,化學系,化學系,碩士,碩士班,男,一般生(非原住民族),學業成績不佳,自請休學,0,1
112-2,理工學院,化學系,化學系,碩士,碩士班,男,一般生(非原住民族),論文撰寫,自請休學,0,1
112-2,理工學院,電機工程學系,電機工程學系,學士,學士班,男,原住民族學生,就讀學校科系不符期待,自請休學,0,1
112-2,理工學院,電機工程學系,電機工程學系,學士,學士班,男,一般生(非原住民族),經濟困難,自請休學,0,2
112-2,理工學院,電機工程學系,電機工程學系,學士,學士班,男,一般生(非原住民族),學業成績不佳,自請休學,1,2
112-2,理工學院,電機工程學系,電機工程學系,學士,學士班,男,一般生(非原住民族),就讀學校科系不符期待,自請休學,1,5
112-2,理工學院,電機工程學系,電機工程學系,學士,學士班,男,一般生(非原住民族),工作,自請休學,0,1
112-2,理工學院,電機工程學系,電機工程學系,學士,學士班,男,一般生(非原住民族),出國,自請休學,0,1
112-2,理工學院,電機工程學系,電機工程學系,學士,學士班,男,一般生(非原住民族),就學環境,自請休學,0,1
112-2,理工學院,電機工程學系,電機工程學系,學士,學士班,男,一般生(非原住民族),考試訓練,自請休學,1,1
112-2,理工學院,電機工程學系,電機工程學系,學士,學士班,女,一般生(非原住民族),傷病,自請休學,3,3
112-2,理工學院,電機工程學系,電機工程學系,學士,學士班,女,一般生(非原住民族),就讀學校科系不符期待,自請休學,1,1
112-2,理工學院,電機工程學系,電機工程學系,學士,學士班,女,一般生(非原住民族),家務或家人照顧,自請休學,0,1
112-2,理工學院,電機工程學系,電機工程學系,學士,學士班,女,一般生(非原住民族),考試訓練,自請休學,1,1
112-2,理工學院,電機工程學系,電機工程學系,博士,博士班,男,一般生(非原住民族),兵役,自請休學,0,1
112-2,理工學院,電機工程學系,電機工程學系,博士,博士班,女,一般生(非原住民族),論文撰寫,自請休學,1,1
112-2,理工學院,電機工程學系,電機工程學系,碩士,碩士班,男,一般生(非原住民族),經濟困難,自請休學,0,1
112-2,理工學院,電機工程學系,電機工程學系,碩士,碩士班,男,一般生(非原住民族),家務或家人照顧,自請休學,0,2
112-2,理工學院,電機工程學系,電機工程學系,碩士,碩士班,女,一般生(非原住民族),工作,自請休學,0,1
112-2,理工學院,材料科學與工程學系,材料科學與工程學系,學士,學士班,男,一般生(非原住民族),學業成績不佳,自請休學,0,1
112-2,理工學院,材料科學與工程學系,材料科學與工程學系,學士,學士班,男,一般生(非原住民族),就讀學校科系不符期待,自請休學,2,5
112-2,理工學院,材料科學與工程學系,材料科學與工程學系,學士,學士班,男,一般生(非原住民族),家務或家人照顧,自請休學,1,3
112-2,理工學院,材料科學與工程學系,材料科學與工程學系,學士,學士班,女,一般生(非原住民族),傷病,自請休學,1,1
112-2,理工學院,材料科學與工程學系,材料科學與工程學系,學士,學士班,女,一般生(非原住民族),就讀學校科系不符期待,自請休學,1,1
112-2,理工學院,材料科學與工程學系,材料科學與工程學系,學士,學士班,女,一般生(非原住民族),家務或家人照顧,自請休學,0,1
112-2,理工學院,材料科學與工程學系,材料科學與工程學系,博士,博士班,男,一般生(非原住民族),傷病,自請休學,1,1
112-2,理工學院,材料科學與工程學系,材料科學與工程學系,博士,博士班,男,一般生(非原住民族),工作,自請休學,0,1
112-2,理工學院,材料科學與工程學系,材料科學與工程學系,碩士,碩士班,男,一般生(非原住民族),就讀學校科系不符期待,自請休學,0,1
112-2,理工學院,材料科學與工程學系,材料科學與工程學系,碩士,碩士班,男,一般生(非原住民族),就學環境,自請休學,0,1
112-2,管理學院,資訊管理學系,資訊管理碩士學位學程,碩士,碩士班,男,一般生(非原住民族),論文撰寫,自請休學,1,1
112-2,管理學院,企業管理學系,企業管理學系,學士,學士班,男,一般生(非原住民族),傷病,自請休學,0,1
112-2,管理學院,企業管理學系,企業管理學系,學士,學士班,男,一般生(非原住民族),就讀學校科系不符期待,自請休學,1,3
112-2,管理學院,企業管理學系,企業管理學系,學士,學士班,女,一般生(非原住民族),傷病,自請休學,1,1
112-2,管理學院,企業管理學系,企業管理學系,學士,學士班,女,一般生(非原住民族),就讀學校科系不符期待,自請休學,0,2
112-2,管理學院,企業管理學系,企業管理學系,博士,博士班,男,原住民族學生,工作,自請休學,0,1
112-2,管理學院,企業管理學系,企業管理學系,博士,博士班,男,原住民族學生,家務或家人照顧,自請休學,0,1
112-2,管理學院,企業管理學系,企業管理學系,博士,博士班,男,原住民族學生,其他,自請休學,1,1
112-2,管理學院,企業管理學系,企業管理學系,博士,博士班,男,一般生(非原住民族),工作,自請休學,0,3
112-2,管理學院,企業管理學系,企業管理學系,博士,博士班,男,一般生(非原住民族),育嬰,自請休學,0,1
112-2,管理學院,企業管理學系,企業管理學系,博士,博士班,男,一般生(非原住民族),論文撰寫,自請休學,1,1
112-2,管理學院,企業管理學系,企業管理學系,博士,博士班,男,一般生(非原住民族),家務或家人照顧,自請休學,1,3
112-2,管理學院,企業管理學系,企業管理學系,博士,博士班,男,一般生(非原住民族),其他,自請休學,2,2
112-2,管理學院,企業管理學系,企業管理學系,博士,博士班,男,其他類學生,育嬰,自請休學,0,2
112-2,管理學院,企業管理學系,企業管理學系,博士,博士班,男,其他類學生,其他,自請休學,0,1
112-2,管理學院,企業管理學系,企業管理學系,博士,博士班,女,原住民族學生,論文撰寫,自請休學,1,1
112-2,管理學院,企業管理學系,企業管理學系,博士,博士班,女,一般生(非原住民族),工作,自請休學,0,2
112-2,管理學院,企業管理學系,企業管理學系,博士,博士班,女,一般生(非原住民族),育嬰,自請休學,0,1
112-2,管理學院,企業管理學系,企業管理學系,博士,博士班,女,一般生(非原住民族),就學環境,自請休學,0,1
112-2,管理學院,企業管理學系,企業管理學系,博士,博士班,女,一般生(非原住民族),家務或家人照顧,自請休學,0,3
112-2,管理學院,企業管理學系,企業管理學系,博士,博士班,女,其他類學生,工作,自請休學,1,1
112-2,管理學院,企業管理學系,企業管理學系,碩士,碩士班,男,一般生(非原住民族),工作,自請休學,0,3
112-2,管理學院,企業管理學系,企業管理學系,碩士,碩士班,男,一般生(非原住民族),育嬰,自請休學,0,1
112-2,管理學院,企業管理學系,企業管理學系,碩士,碩士班,男,一般生(非原住民族),論文撰寫,自請休學,0,1
112-2,管理學院,企業管理學系,企業管理學系,碩士,碩士班,男,一般生(非原住民族),家務或家人照顧,自請休學,0,1
112-2,管理學院,企業管理學系,企業管理學系,碩士,碩士班,男,其他類學生,工作,自請休學,0,1
112-2,管理學院,企業管理學系,企業管理學系,碩士,碩士班,女,原住民族學生,育嬰,自請休學,0,1
112-2,管理學院,企業管理學系,企業管理學系,碩士,碩士班,女,一般生(非原住民族),工作,自請休學,0,1
112-2,管理學院,企業管理學系,企業管理學系,碩士,碩士班,女,一般生(非原住民族),出國,自請休學,0,1
112-2,管理學院,企業管理學系,企業管理學系,碩士,碩士班,女,一般生(非原住民族),論文撰寫,自請休學,0,1
112-2,管理學院,企業管理學系,企業管理學系,碩士,碩士班,女,一般生(非原住民族),家務或家人照顧,自請休學,0,1
112-2,管理學院,企業管理學系,企業管理學系,碩士,碩士班,女,一般生(非原住民族),考試訓練,自請休學,0,1
112-2,管理學院,企業管理學系,企業管理學系,碩士,碩士班,女,其他類學生,工作,自請休學,1,1
112-2,管理學院,企業管理學系,企業管理學系,碩士,碩士班,女,其他類學生,論文撰寫,自請休學,0,1
112-2,管理學院,企業管理學系,企業管理學系,碩士,碩士在職專班,男,原住民族學生,工作,自請休學,0,1
112-2,管理學院,企業管理學系,企業管理學系,碩士,碩士在職專班,男,一般生(非原住民族),經濟困難,自請休學,1,1
112-2,管理學院,企業管理學系,企業管理學系,碩士,碩士在職專班,男,一般生(非原住民族),就讀學校科系不符期待,自請休學,0,1
112-2,管理學院,企業管理學系,企業管理學系,碩士,碩士在職專班,男,一般生(非原住民族),工作,自請休學,0,2
112-2,管理學院,企業管理學系,企業管理學系,碩士,碩士在職專班,男,一般生(非原住民族),論文撰寫,自請休學,2,2
112-2,管理學院,企業管理學系,企業管理學系,碩士,碩士在職專班,男,一般生(非原住民族),家務或家人照顧,自請休學,0,1
112-2,管理學院,企業管理學系,企業管理學系,碩士,碩士在職專班,女,一般生(非原住民族),傷病,自請休學,0,1
112-2,管理學院,企業管理學系,企業管理學系,碩士,碩士在職專班,女,一般生(非原住民族),工作,自請休學,0,2
112-2,管理學院,企業管理學系,企業管理學系,碩士,碩士在職專班,女,一般生(非原住民族),育嬰,自請休學,1,1
112-2,管理學院,企業管理學系,企業管理學系,碩士,碩士在職專班,女,一般生(非原住民族),論文撰寫,自請休學,0,2
112-2,管理學院,會計學系,會計學系,學士,學士班,男,一般生(非原住民族),學業成績不佳,自請休學,1,2
112-2,管理學院,會計學系,會計學系,學士,學士班,男,一般生(非原住民族),就讀學校科系不符期待,自請休學,2,2
112-2,管理學院,會計學系,會計學系,學士,學士班,男,一般生(非原住民族),兵役,自請休學,0,1
112-2,管理學院,會計學系,會計學系,學士,學士班,男,一般生(非原住民族),就學環境,自請休學,0,1
112-2,管理學院,會計學系,會計學系,學士,學士班,女,原住民族學生,經濟困難,自請休學,0,1
112-2,管理學院,資訊管理學系,資訊管理學系,學士,學士班,男,一般生(非原住民族),就讀學校科系不符期待,自請休學,1,1
112-2,管理學院,資訊管理學系,資訊管理學系,學士,學士班,女,一般生(非原住民族),學業成績不佳,自請休學,1,1
112-2,管理學院,資訊管理學系,資訊管理學系,學士,學士班,女,一般生(非原住民族),就讀學校科系不符期待,自請休學,1,3
112-2,管理學院,國際企業學系,國際企業學系,學士,學士班,女,一般生(非原住民族),就讀學校科系不符期待,自請休學,2,3
112-2,管理學院,國際企業學系,國際企業學系,學士,學士班,女,一般生(非原住民族),工作,自請休學,1,1
112-2,管理學院,國際企業學系,國際企業學系,碩士,碩士班,男,一般生(非原住民族),工作,自請休學,0,1
112-2,管理學院,國際企業學系,國際企業學系,碩士,碩士班,男,其他類學生,學業成績不佳,自請休學,0,1
112-2,管理學院,國際企業學系,國際企業學系,碩士,碩士班,女,一般生(非原住民族),工作,自請休學,0,1
112-2,管理學院,國際企業學系,國際企業學系,碩士,碩士班,女,一般生(非原住民族),育嬰,自請休學,0,1
112-2,管理學院,國際企業學系,國際企業學系,碩士,碩士班,女,一般生(非原住民族),出國,自請休學,1,1
112-2,管理學院,國際企業學系,國際企業學系,碩士,碩士班,女,其他類學生,家務或家人照顧,自請休學,0,1
112-2,管理學院,國際企業學系,國際企業學系,碩士,碩士班,女,其他類學生,其他,自請休學,1,1
112-2,管理學院,國際企業學系,國際企業學系,碩士,碩士在職專班,男,一般生(非原住民族),工作,自請休學,1,4
112-2,管理學院,國際企業學系,國際企業學系,碩士,碩士在職專班,男,一般生(非原住民族),家務或家人照顧,自請休學,0,1
112-2,管理學院,國際企業學系,國際企業學系,碩士,碩士在職專班,女,一般生(非原住民族),就讀學校科系不符期待,自請休學,0,1
112-2,管理學院,國際企業學系,國際企業學系,碩士,碩士在職專班,女,一般生(非原住民族),工作,自請休學,1,1
112-2,管理學院,國際企業學系,國際企業學系,碩士,碩士在職專班,女,一般生(非原住民族),論文撰寫,自請休學,0,1
112-2,管理學院,國際企業學系,國際企業學系,碩士,碩士在職專班,女,一般生(非原住民族),家務或家人照顧,自請休學,0,1
112-2,管理學院,財務金融學系,財務金融學系,學士,學士班,男,一般生(非原住民族),學業成績不佳,自請休學,1,1
112-2,管理學院,財務金融學系,財務金融學系,學士,學士班,男,一般生(非原住民族),工作,自請休學,0,1
112-2,管理學院,財務金融學系,財務金融學系,學士,學士班,男,一般生(非原住民族),兵役,自請休學,0,2
112-2,管理學院,財務金融學系,財務金融學系,學士,學士班,男,一般生(非原住民族),家務或家人照顧,自請休學,0,2
112-2,管理學院,財務金融學系,財務金融學系,學士,學士班,女,一般生(非原住民族),就讀學校科系不符期待,自請休學,1,3
112-2,管理學院,財務金融學系,財務金融學系,學士,學士班,女,一般生(非原住民族),家務或家人照顧,自請休學,0,1
112-2,管理學院,管理學院高階經營管理碩士在職專班,管理學院高階經營管理碩士在職專班,碩士,碩士在職專班,男,一般生(非原住民族),傷病,自請休學,0,1
112-2,管理學院,管理學院高階經營管理碩士在職專班,管理學院高階經營管理碩士在職專班,碩士,碩士在職專班,男,一般生(非原住民族),就讀學校科系不符期待,自請休學,1,1
112-2,管理學院,管理學院高階經營管理碩士在職專班,管理學院高階經營管理碩士在職專班,碩士,碩士在職專班,男,一般生(非原住民族),工作,自請休學,1,4
112-2,管理學院,管理學院高階經營管理碩士在職專班,管理學院高階經營管理碩士在職專班,碩士,碩士在職專班,男,一般生(非原住民族),家務或家人照顧,自請休學,0,1
112-2,管理學院,管理學院高階經營管理碩士在職專班,管理學院高階經營管理碩士在職專班,碩士,碩士在職專班,女,一般生(非原住民族),傷病,自請休學,0,1
112-2,管理學院,管理學院高階經營管理碩士在職專班,管理學院高階經營管理碩士在職專班,碩士,碩士在職專班,女,一般生(非原住民族),工作,自請休學,1,2
112-2,人文社會科學學院,華文文學系,華文文學系,學士,學士班,男,一般生(非原住民族),經濟困難,自請休學,1,2
112-2,人文社會科學學院,華文文學系,華文文學系,學士,學士班,男,一般生(非原住民族),就讀學校科系不符期待,自請休學,0,1
112-2,人文社會科學學院,華文文學系,華文文學系,學士,學士班,女,一般生(非原住民族),學業成績不佳,自請休學,0,1
112-2,人文社會科學學院,華文文學系,華文文學系,學士,學士班,女,一般生(非原住民族),就讀學校科系不符期待,自請休學,0,2
112-2,人文社會科學學院,華文文學系,華文文學系,學士,學士班,女,一般生(非原住民族),工作,自請休學,1,2
112-2,人文社會科學學院,華文文學系,華文文學系,學士,學士班,女,一般生(非原住民族),就學環境,自請休學,0,1
112-2,人文社會科學學院,華文文學系,華文文學系,學士,學士班,女,一般生(非原住民族),家務或家人照顧,自請休學,1,2
112-2,人文社會科學學院,華文文學系,華文文學系,碩士,碩士班,男,原住民族學生,論文撰寫,自請休學,1,1
112-2,人文社會科學學院,華文文學系,華文文學系,碩士,碩士班,男,一般生(非原住民族),工作,自請休學,0,3
112-2,人文社會科學學院,華文文學系,華文文學系,碩士,碩士班,男,一般生(非原住民族),論文撰寫,自請休學,0,1
112-2,人文社會科學學院,華文文學系,華文文學系,碩士,碩士班,男,一般生(非原住民族),家務或家人照顧,自請休學,0,1
112-2,人文社會科學學院,華文文學系,華文文學系,碩士,碩士班,男,其他類學生,論文撰寫,自請休學,0,1
112-2,人文社會科學學院,華文文學系,華文文學系,碩士,碩士班,女,一般生(非原住民族),傷病,自請休學,0,2
112-2,人文社會科學學院,華文文學系,華文文學系,碩士,碩士班,女,一般生(非原住民族),經濟困難,自請休學,0,1
112-2,人文社會科學學院,華文文學系,華文文學系,碩士,碩士班,女,一般生(非原住民族),工作,自請休學,2,5
112-2,人文社會科學學院,華文文學系,華文文學系,碩士,碩士班,女,一般生(非原住民族),懷孕,自請休學,0,1
112-2,人文社會科學學院,華文文學系,華文文學系,碩士,碩士班,女,一般生(非原住民族),論文撰寫,自請休學,2,4
112-2,人文社會科學學院,華文文學系,華文文學系,碩士,碩士班,女,一般生(非原住民族),家務或家人照顧,自請休學,0,1
112-2,人文社會科學學院,華文文學系,華文文學系,碩士,碩士班,女,其他類學生,出國,自請休學,0,1
112-2,人文社會科學學院,華文文學系,華文文學系,碩士,碩士班,女,其他類學生,其他,自請休學,0,1
112-2,人文社會科學學院,英美語文學系,英美語文學系,學士,學士班,男,原住民族學生,經濟困難,自請休學,0,1
112-2,人文社會科學學院,英美語文學系,英美語文學系,學士,學士班,男,一般生(非原住民族),學業成績不佳,自請休學,0,1
112-2,人文社會科學學院,英美語文學系,英美語文學系,學士,學士班,男,一般生(非原住民族),就讀學校科系不符期待,自請休學,0,1
112-2,人文社會科學學院,英美語文學系,英美語文學系,學士,學士班,男,一般生(非原住民族),出國,自請休學,0,1
112-2,人文社會科學學院,英美語文學系,英美語文學系,學士,學士班,男,一般生(非原住民族),家務或家人照顧,自請休學,1,2
112-2,人文社會科學學院,英美語文學系,英美語文學系,學士,學士班,女,原住民族學生,傷病,自請休學,0,1
112-2,人文社會科學學院,英美語文學系,英美語文學系,學士,學士班,女,原住民族學生,工作,自請休學,1,1
112-2,人文社會科學學院,英美語文學系,英美語文學系,學士,學士班,女,一般生(非原住民族),傷病,自請休學,1,2
112-2,人文社會科學學院,英美語文學系,英美語文學系,學士,學士班,女,一般生(非原住民族),就讀學校科系不符期待,自請休學,0,1
112-2,人文社會科學學院,英美語文學系,英美語文學系,學士,學士班,女,一般生(非原住民族),家務或家人照顧,自請休學,0,1
112-2,人文社會科學學院,英美語文學系,英美語文學系,碩士,碩士班,男,一般生(非原住民族),經濟困難,自請休學,0,1
112-2,人文社會科學學院,英美語文學系,英美語文學系,碩士,碩士班,男,一般生(非原住民族),工作,自請休學,0,2
112-2,人文社會科學學院,英美語文學系,英美語文學系,碩士,碩士班,男,一般生(非原住民族),論文撰寫,自請休學,1,2
112-2,人文社會科學學院,英美語文學系,英美語文學系,碩士,碩士班,男,一般生(非原住民族),家務或家人照顧,自請休學,0,1
112-2,人文社會科學學院,英美語文學系,英美語文學系,碩士,碩士班,女,原住民族學生,經濟困難,自請休學,0,1
112-2,人文社會科學學院,英美語文學系,英美語文學系,碩士,碩士班,女,原住民族學生,懷孕,自請休學,1,1
112-2,人文社會科學學院,英美語文學系,英美語文學系,碩士,碩士班,女,一般生(非原住民族),工作,自請休學,1,2
112-2,人文社會科學學院,英美語文學系,英美語文學系,碩士,碩士班,女,一般生(非原住民族),懷孕,自請休學,0,1
112-2,人文社會科學學院,英美語文學系,英美語文學系,碩士,碩士班,女,一般生(非原住民族),育嬰,自請休學,0,2
112-2,人文社會科學學院,英美語文學系,英美語文學系,碩士,碩士班,女,一般生(非原住民族),論文撰寫,自請休學,3,6
112-2,人文社會科學學院,經濟學系,經濟學系,學士,學士班,男,一般生(非原住民族),傷病,自請休學,1,1
112-2,人文社會科學學院,經濟學系,經濟學系,學士,學士班,男,一般生(非原住民族),學業成績不佳,自請休學,2,2
112-2,人文社會科學學院,經濟學系,經濟學系,學士,學士班,男,一般生(非原住民族),就讀學校科系不符期待,自請休學,3,8
112-2,人文社會科學學院,經濟學系,經濟學系,學士,學士班,男,一般生(非原住民族),工作,自請休學,0,1
112-2,人文社會科學學院,經濟學系,經濟學系,學士,學士班,女,原住民族學生,就讀學校科系不符期待,自請休學,0,1
112-2,人文社會科學學院,經濟學系,經濟學系,學士,學士班,女,一般生(非原住民族),就讀學校科系不符期待,自請休學,0,1
112-2,人文社會科學學院,經濟學系,經濟學系,學士,學士班,女,一般生(非原住民族),工作,自請休學,1,1
112-2,人文社會科學學院,經濟學系,經濟學系,學士,學士班,女,一般生(非原住民族),其他,自請休學,0,1
112-2,人文社會科學學院,經濟學系,經濟學系,碩士,碩士班,男,一般生(非原住民族),就讀學校科系不符期待,自請休學,0,1
112-2,人文社會科學學院,經濟學系,經濟學系,碩士,碩士班,男,一般生(非原住民族),工作,自請休學,0,1
112-2,人文社會科學學院,經濟學系,經濟學系,碩士,碩士班,女,一般生(非原住民族),就讀學校科系不符期待,自請休學,0,1
112-2,人文社會科學學院,經濟學系,經濟學系,碩士,碩士班,女,一般生(非原住民族),工作,自請休學,0,2
112-2,人文社會科學學院,歷史學系,歷史學系,學士,學士班,男,原住民族學生,考試訓練,自請休學,0,1
112-2,人文社會科學學院,歷史學系,歷史學系,學士,學士班,男,一般生(非原住民族),學業成績不佳,自請休學,1,1
112-2,人文社會科學學院,歷史學系,歷史學系,學士,學士班,男,一般生(非原住民族),就讀學校科系不符期待,自請休學,0,3
112-2,人文社會科學學院,歷史學系,歷史學系,學士,學士班,男,一般生(非原住民族),考試訓練,自請休學,0,1
112-2,人文社會科學學院,歷史學系,歷史學系,學士,學士班,男,一般生(非原住民族),其他,自請休學,1,1
112-2,人文社會科學學院,歷史學系,歷史學系,學士,學士班,女,原住民族學生,學業成績不佳,自請休學,0,1
112-2,人文社會科學學院,歷史學系,歷史學系,學士,學士班,女,一般生(非原住民族),傷病,自請休學,0,1
112-2,人文社會科學學院,歷史學系,歷史學系,學士,學士班,女,一般生(非原住民族),就讀學校科系不符期待,自請休學,0,3
112-2,人文社會科學學院,歷史學系,歷史學系,學士,學士班,女,一般生(非原住民族),工作,自請休學,1,1
112-2,人文社會科學學院,歷史學系,歷史學系,碩士,碩士班,男,原住民族學生,工作,自請休學,0,1
112-2,人文社會科學學院,歷史學系,歷史學系,碩士,碩士班,男,一般生(非原住民族),傷病,自請休學,0,1
112-2,人文社會科學學院,歷史學系,歷史學系,碩士,碩士班,男,一般生(非原住民族),論文撰寫,自請休學,0,2
112-2,人文社會科學學院,歷史學系,歷史學系,碩士,碩士班,女,一般生(非原住民族),工作,自請休學,0,1
112-2,人文社會科學學院,諮商與臨床心理學系,諮商與臨床心理學系,學士,學士班,男,一般生(非原住民族),就讀學校科系不符期待,自請休學,1,1
112-2,人文社會科學學院,諮商與臨床心理學系,諮商與臨床心理學系,學士,學士班,男,一般生(非原住民族),家務或家人照顧,自請休學,0,2
112-2,人文社會科學學院,諮商與臨床心理學系,諮商與臨床心理學系,學士,學士班,女,一般生(非原住民族),傷病,自請休學,2,2
112-2,人文社會科學學院,諮商與臨床心理學系,諮商與臨床心理學系,學士,學士班,女,一般生(非原住民族),就讀學校科系不符期待,自請休學,0,2
112-2,人文社會科學學院,諮商與臨床心理學系,諮商與臨床心理學系,學士,學士班,女,其他類學生,傷病,自請休學,0,1
112-2,人文社會科學學院,諮商與臨床心理學系,諮商與臨床心理學系,碩士,碩士班,男,一般生(非原住民族),傷病,自請休學,0,3
112-2,人文社會科學學院,諮商與臨床心理學系,諮商與臨床心理學系,碩士,碩士班,男,一般生(非原住民族),就讀學校科系不符期待,自請休學,0,1
112-2,人文社會科學學院,諮商與臨床心理學系,諮商與臨床心理學系,碩士,碩士班,男,一般生(非原住民族),工作,自請休學,0,1
112-2,人文社會科學學院,諮商與臨床心理學系,諮商與臨床心理學系,碩士,碩士班,男,一般生(非原住民族),育嬰,自請休學,0,1
112-2,人文社會科學學院,諮商與臨床心理學系,諮商與臨床心理學系,碩士,碩士班,男,一般生(非原住民族),論文撰寫,自請休學,1,8
112-2,人文社會科學學院,諮商與臨床心理學系,諮商與臨床心理學系,碩士,碩士班,男,其他類學生,工作,自請休學,0,1
112-2,人文社會科學學院,諮商與臨床心理學系,諮商與臨床心理學系,碩士,碩士班,女,原住民族學生,工作,自請休學,1,2
112-2,人文社會科學學院,諮商與臨床心理學系,諮商與臨床心理學系,碩士,碩士班,女,一般生(非原住民族),傷病,自請休學,2,2
112-2,人文社會科學學院,諮商與臨床心理學系,諮商與臨床心理學系,碩士,碩士班,女,一般生(非原住民族),經濟困難,自請休學,1,1
112-2,人文社會科學學院,諮商與臨床心理學系,諮商與臨床心理學系,碩士,碩士班,女,一般生(非原住民族),就讀學校科系不符期待,自請休學,0,1
112-2,人文社會科學學院,諮商與臨床心理學系,諮商與臨床心理學系,碩士,碩士班,女,一般生(非原住民族),工作,自請休學,1,4
112-2,人文社會科學學院,諮商與臨床心理學系,諮商與臨床心理學系,碩士,碩士班,女,一般生(非原住民族),論文撰寫,自請休學,4,7
112-2,人文社會科學學院,諮商與臨床心理學系,諮商與臨床心理學系,碩士,碩士班,女,其他類學生,論文撰寫,自請休學,0,3
112-2,原住民民族學院,族群關係與文化學系,族群關係與文化學系,學士,學士班,男,原住民族學生,傷病,自請休學,0,1
112-2,原住民民族學院,族群關係與文化學系,族群關係與文化學系,學士,學士班,男,原住民族學生,工作,自請休學,1,1
112-2,原住民民族學院,族群關係與文化學系,族群關係與文化學系,學士,學士班,男,原住民族學生,家務或家人照顧,自請休學,0,1
112-2,原住民民族學院,族群關係與文化學系,族群關係與文化學系,學士,學士班,女,原住民族學生,學業成績不佳,自請休學,1,1
112-2,原住民民族學院,族群關係與文化學系,族群關係與文化學系,學士,學士班,女,原住民族學生,就讀學校科系不符期待,自請休學,0,2
112-2,原住民民族學院,族群關係與文化學系,族群關係與文化學系,學士,學士班,女,原住民族學生,工作,自請休學,1,5
112-2,原住民民族學院,族群關係與文化學系,族群關係與文化學系,學士,學士班,女,原住民族學生,懷孕,自請休學,1,1
112-2,原住民民族學院,族群關係與文化學系,族群關係與文化學系,學士,學士班,女,原住民族學生,家務或家人照顧,自請休學,0,1
112-2,原住民民族學院,族群關係與文化學系,族群關係與文化學系,學士,學士班,女,一般生(非原住民族),就讀學校科系不符期待,自請休學,0,1
112-2,原住民民族學院,族群關係與文化學系,族群關係與文化學系,學士,學士班,女,一般生(非原住民族),就學環境,自請休學,0,1
112-2,原住民民族學院,族群關係與文化學系,族群關係與文化學系,學士,學士班,女,一般生(非原住民族),家務或家人照顧,自請休學,0,1
112-2,原住民民族學院,族群關係與文化學系,族群關係與文化學系,博士,博士班,男,原住民族學生,育嬰,自請休學,0,1
112-2,原住民民族學院,族群關係與文化學系,族群關係與文化學系,博士,博士班,男,原住民族學生,論文撰寫,自請休學,0,1
112-2,原住民民族學院,族群關係與文化學系,族群關係與文化學系,博士,博士班,男,一般生(非原住民族),工作,自請休學,0,1
112-2,原住民民族學院,族群關係與文化學系,族群關係與文化學系,博士,博士班,女,原住民族學生,工作,自請休學,1,2
112-2,原住民民族學院,族群關係與文化學系,族群關係與文化學系,博士,博士班,女,原住民族學生,出國,自請休學,0,1
112-2,原住民民族學院,族群關係與文化學系,族群關係與文化學系,博士,博士班,女,一般生(非原住民族),工作,自請休學,0,1
112-2,原住民民族學院,族群關係與文化學系,族群關係與文化學系,博士,博士班,女,一般生(非原住民族),育嬰,自請休學,0,1
112-2,原住民民族學院,族群關係與文化學系,族群關係與文化學系,博士,博士班,女,一般生(非原住民族),論文撰寫,自請休學,0,1
112-2,原住民民族學院,族群關係與文化學系,族群關係與文化學系,碩士,碩士班,男,原住民族學生,論文撰寫,自請休學,1,1
112-2,原住民民族學院,族群關係與文化學系,族群關係與文化學系,碩士,碩士班,男,一般生(非原住民族),出國,自請休學,0,1
112-2,原住民民族學院,族群關係與文化學系,族群關係與文化學系,碩士,碩士班,男,其他類學生,論文撰寫,自請休學,1,1
112-2,原住民民族學院,族群關係與文化學系,族群關係與文化學系,碩士,碩士班,女,原住民族學生,傷病,自請休學,1,1
112-2,原住民民族學院,族群關係與文化學系,族群關係與文化學系,碩士,碩士班,女,原住民族學生,論文撰寫,自請休學,1,1
112-2,原住民民族學院,族群關係與文化學系,族群關係與文化學系,碩士,碩士班,女,一般生(非原住民族),工作,自請休學,0,2
112-2,原住民民族學院,民族語言與傳播學系,民族語言與傳播學系,學士,學士班,男,原住民族學生,經濟困難,自請休學,1,1
112-2,原住民民族學院,民族語言與傳播學系,民族語言與傳播學系,學士,學士班,男,原住民族學生,兵役,自請休學,0,1
112-2,原住民民族學院,民族語言與傳播學系,民族語言與傳播學系,學士,學士班,男,原住民族學生,家務或家人照顧,自請休學,0,1
112-2,原住民民族學院,民族語言與傳播學系,民族語言與傳播學系,學士,學士班,男,一般生(非原住民族),就學環境,自請休學,0,1
112-2,原住民民族學院,民族語言與傳播學系,民族語言與傳播學系,學士,學士班,女,原住民族學生,經濟困難,自請休學,1,1
112-2,原住民民族學院,民族語言與傳播學系,民族語言與傳播學系,學士,學士班,女,原住民族學生,就讀學校科系不符期待,自請休學,0,1
112-2,原住民民族學院,民族語言與傳播學系,民族語言與傳播學系,學士,學士班,女,原住民族學生,工作,自請休學,1,2
112-2,原住民民族學院,民族語言與傳播學系,民族語言與傳播學系,學士,學士班,女,原住民族學生,家務或家人照顧,自請休學,1,1
112-2,原住民民族學院,民族語言與傳播學系,民族語言與傳播學系,學士,學士班,女,原住民族學生,其他,自請休學,0,1
112-2,原住民民族學院,民族語言與傳播學系,民族語言與傳播學系,學士,學士班,女,一般生(非原住民族),就讀學校科系不符期待,自請休學,1,1
112-2,理工學院,應用數學系,應用數學系統計碩士班,碩士,碩士班,男,一般生(非原住民族),就讀學校科系不符期待,自請休學,0,1
112-2,理工學院,生化暨分子醫學科學系,生命科學系生物技術博士班,博士,博士班,男,一般生(非原住民族),工作,自請休學,0,1
112-2,理工學院,物理學系,物理學系應用物理博士班,博士,博士班,男,一般生(非原住民族),工作,自請休學,0,2
112-2,理工學院,物理學系,物理學系應用物理博士班,博士,博士班,男,一般生(非原住民族),論文撰寫,自請休學,0,1
112-2,理工學院,物理學系,物理學系應用物理博士班,博士,博士班,女,一般生(非原住民族),論文撰寫,自請休學,1,1
112-2,理工學院,光電工程學系,光電工程學系,學士,學士班,男,一般生(非原住民族),學業成績不佳,自請休學,1,1
112-2,理工學院,光電工程學系,光電工程學系,碩士,碩士班,男,一般生(非原住民族),學業成績不佳,自請休學,1,1
112-2,理工學院,光電工程學系,光電工程學系,碩士,碩士班,男,一般生(非原住民族),就讀學校科系不符期待,自請休學,0,1
112-2,理工學院,光電工程學系,光電工程學系,碩士,碩士班,女,原住民族學生,工作,自請休學,0,1
112-2,管理學院,觀光暨休閒遊憩學系,觀光暨休閒遊憩學系,學士,學士班,男,一般生(非原住民族),傷病,自請休學,0,1
112-2,管理學院,觀光暨休閒遊憩學系,觀光暨休閒遊憩學系,學士,學士班,男,一般生(非原住民族),就讀學校科系不符期待,自請休學,0,2
112-2,管理學院,觀光暨休閒遊憩學系,觀光暨休閒遊憩學系,學士,學士班,男,一般生(非原住民族),出國,自請休學,0,1
112-2,管理學院,觀光暨休閒遊憩學系,觀光暨休閒遊憩學系,學士,學士班,男,一般生(非原住民族),家務或家人照顧,自請休學,1,1
112-2,管理學院,觀光暨休閒遊憩學系,觀光暨休閒遊憩學系,學士,學士班,男,一般生(非原住民族),考試訓練,自請休學,0,1
112-2,管理學院,觀光暨休閒遊憩學系,觀光暨休閒遊憩學系,學士,學士班,男,一般生(非原住民族),其他,自請休學,0,1
112-2,管理學院,觀光暨休閒遊憩學系,觀光暨休閒遊憩學系,學士,學士班,女,原住民族學生,工作,自請休學,0,1
112-2,管理學院,觀光暨休閒遊憩學系,觀光暨休閒遊憩學系,學士,學士班,女,一般生(非原住民族),傷病,自請休學,0,1
112-2,管理學院,觀光暨休閒遊憩學系,觀光暨休閒遊憩學系,學士,學士班,女,一般生(非原住民族),就讀學校科系不符期待,自請休學,1,1
112-2,管理學院,觀光暨休閒遊憩學系,觀光暨休閒遊憩學系,學士,學士班,女,其他類學生,就讀學校科系不符期待,自請休學,1,1
112-2,管理學院,觀光暨休閒遊憩學系,觀光暨休閒遊憩學系,碩士,碩士班,男,一般生(非原住民族),工作,自請休學,1,3
112-2,管理學院,觀光暨休閒遊憩學系,觀光暨休閒遊憩學系,碩士,碩士班,女,一般生(非原住民族),工作,自請休學,1,2
112-2,管理學院,觀光暨休閒遊憩學系,觀光暨休閒遊憩學系,碩士,碩士班,女,一般生(非原住民族),出國,自請休學,0,1
112-2,管理學院,觀光暨休閒遊憩學系,觀光暨休閒遊憩學系,碩士,碩士班,女,一般生(非原住民族),論文撰寫,自請休學,0,1
112-2,管理學院,觀光暨休閒遊憩學系,觀光暨休閒遊憩學系,碩士,碩士班,女,一般生(非原住民族),家務或家人照顧,自請休學,1,2
112-2,管理學院,觀光暨休閒遊憩學系,觀光暨休閒遊憩學系,碩士,碩士班,女,其他類學生,就讀學校科系不符期待,自請休學,1,2
112-2,管理學院,觀光暨休閒遊憩學系,觀光暨休閒遊憩學系,碩士,碩士班,女,其他類學生,工作,自請休學,1,1
112-2,管理學院,觀光暨休閒遊憩學系,觀光暨休閒遊憩學系,碩士,碩士班,女,其他類學生,家務或家人照顧,自請休學,0,1
112-2,管理學院,財務金融學系,財務金融學系,碩士,碩士班,男,一般生(非原住民族),工作,自請休學,1,1
112-2,管理學院,財務金融學系,財務金融學系,碩士,碩士班,男,一般生(非原住民族),家務或家人照顧,自請休學,0,2
112-2,管理學院,財務金融學系,財務金融學系,碩士,碩士班,男,一般生(非原住民族),其他,自請休學,0,1
112-2,管理學院,財務金融學系,財務金融學系,碩士,碩士班,女,一般生(非原住民族),傷病,自請休學,1,1
112-2,管理學院,財務金融學系,財務金融學系,碩士,碩士班,女,一般生(非原住民族),工作,自請休學,0,2
112-2,管理學院,財務金融學系,財務金融學系,碩士,碩士班,女,一般生(非原住民族),出國,自請休學,0,1
112-2,藝術學院,藝術創意產業學系,藝術創意產業學系,學士,學士班,男,其他類學生,就讀學校科系不符期待,自請休學,0,1
112-2,藝術學院,藝術創意產業學系,藝術創意產業學系,學士,學士班,女,原住民族學生,就讀學校科系不符期待,自請休學,1,1
112-2,藝術學院,藝術創意產業學系,藝術創意產業學系,學士,學士班,女,原住民族學生,工作,自請休學,0,1
112-2,藝術學院,藝術創意產業學系,藝術創意產業學系,學士,學士班,女,一般生(非原住民族),傷病,自請休學,3,5
112-2,藝術學院,藝術創意產業學系,藝術創意產業學系,學士,學士班,女,一般生(非原住民族),就讀學校科系不符期待,自請休學,1,7
112-2,藝術學院,藝術創意產業學系,藝術創意產業學系,學士,學士班,女,一般生(非原住民族),就學環境,自請休學,1,1
112-2,藝術學院,藝術創意產業學系,藝術創意產業學系,學士,學士班,女,一般生(非原住民族),家務或家人照顧,自請休學,1,1
112-2,藝術學院,藝術創意產業學系,藝術創意產業學系,學士,學士班,女,其他類學生,就讀學校科系不符期待,自請休學,1,1
112-2,原住民民族學院,族群關係與文化學系,族群關係與文化學系,碩士,碩士在職專班,男,原住民族學生,工作,自請休學,0,2
112-2,原住民民族學院,族群關係與文化學系,族群關係與文化學系,碩士,碩士在職專班,男,原住民族學生,論文撰寫,自請休學,1,2
112-2,原住民民族學院,族群關係與文化學系,族群關係與文化學系,碩士,碩士在職專班,男,一般生(非原住民族),育嬰,自請休學,0,1
112-2,原住民民族學院,族群關係與文化學系,族群關係與文化學系,碩士,碩士在職專班,男,一般生(非原住民族),論文撰寫,自請休學,0,1
112-2,原住民民族學院,族群關係與文化學系,族群關係與文化學系,碩士,碩士在職專班,男,一般生(非原住民族),其他,自請休學,0,1
112-2,原住民民族學院,族群關係與文化學系,族群關係與文化學系,碩士,碩士在職專班,女,原住民族學生,經濟困難,自請休學,0,1
112-2,原住民民族學院,族群關係與文化學系,族群關係與文化學系,碩士,碩士在職專班,女,原住民族學生,工作,自請休學,0,2
112-2,原住民民族學院,族群關係與文化學系,族群關係與文化學系,碩士,碩士在職專班,女,原住民族學生,育嬰,自請休學,0,1
112-2,原住民民族學院,族群關係與文化學系,族群關係與文化學系,碩士,碩士在職專班,女,原住民族學生,論文撰寫,自請休學,1,1
112-2,藝術學院,音樂學系,音樂學系,學士,學士班,男,一般生(非原住民族),傷病,自請休學,0,1
112-2,藝術學院,音樂學系,音樂學系,學士,學士班,男,一般生(非原住民族),工作,自請休學,0,1
112-2,藝術學院,音樂學系,音樂學系,學士,學士班,男,一般生(非原住民族),其他,自請休學,1,1
112-2,藝術學院,音樂學系,音樂學系,學士,學士班,男,其他類學生,就讀學校科系不符期待,自請休學,1,1
112-2,藝術學院,音樂學系,音樂學系,學士,學士班,女,一般生(非原住民族),傷病,自請休學,1,4
112-2,藝術學院,音樂學系,音樂學系,學士,學士班,女,一般生(非原住民族),出國,自請休學,0,3
112-2,藝術學院,音樂學系,音樂學系,學士,學士班,女,一般生(非原住民族),家務或家人照顧,自請休學,0,1
112-2,藝術學院,音樂學系,音樂學系,學士,學士班,女,一般生(非原住民族),其他,自請休學,0,1
112-2,藝術學院,音樂學系,音樂學系,學士,學士班,女,其他類學生,傷病,自請休學,1,1
112-2,藝術學院,音樂學系,音樂學系,碩士,碩士班,男,原住民族學生,其他,自請休學,1,1
112-2,藝術學院,音樂學系,音樂學系,碩士,碩士班,男,一般生(非原住民族),工作,自請休學,0,1
112-2,藝術學院,音樂學系,音樂學系,碩士,碩士班,女,原住民族學生,工作,自請休學,2,2
112-2,藝術學院,音樂學系,音樂學系,碩士,碩士班,女,原住民族學生,育嬰,自請休學,0,1
112-2,藝術學院,音樂學系,音樂學系,碩士,碩士班,女,一般生(非原住民族),傷病,自請休學,0,1
112-2,藝術學院,音樂學系,音樂學系,碩士,碩士班,女,一般生(非原住民族),論文撰寫,自請休學,1,2
112-2,藝術學院,藝術與設計學系,藝術與設計學系,學士,學士班,男,一般生(非原住民族),就讀學校科系不符期待,自請休學,1,2
112-2,藝術學院,藝術與設計學系,藝術與設計學系,學士,學士班,女,原住民族學生,工作,自請休學,0,1
112-2,藝術學院,藝術與設計學系,藝術與設計學系,學士,學士班,女,一般生(非原住民族),傷病,自請休學,1,3
112-2,藝術學院,藝術與設計學系,藝術與設計學系,學士,學士班,女,一般生(非原住民族),學業成績不佳,自請休學,1,1
112-2,藝術學院,藝術與設計學系,藝術與設計學系,學士,學士班,女,一般生(非原住民族),就讀學校科系不符期待,自請休學,0,5
112-2,藝術學院,藝術與設計學系,藝術與設計學系,學士,學士班,女,一般生(非原住民族),工作,自請休學,0,2
112-2,藝術學院,藝術與設計學系,藝術與設計學系,學士,學士班,女,一般生(非原住民族),就學環境,自請休學,2,2
112-2,藝術學院,藝術與設計學系,藝術與設計學系,學士,學士班,女,一般生(非原住民族),其他,自請休學,1,1
112-2,藝術學院,藝術與設計學系,藝術與設計學系,學士,學士班,女,其他類學生,傷病,自請休學,1,1
112-2,藝術學院,藝術與設計學系,藝術與設計學系,學士,學士班,女,其他類學生,家務或家人照顧,自請休學,0,3
112-2,藝術學院,藝術與設計學系,藝術與設計學系,碩士,碩士班,男,一般生(非原住民族),經濟困難,自請休學,0,1
112-2,藝術學院,藝術與設計學系,藝術與設計學系,碩士,碩士班,男,一般生(非原住民族),工作,自請休學,0,6
112-2,藝術學院,藝術與設計學系,藝術與設計學系,碩士,碩士班,女,一般生(非原住民族),工作,自請休學,1,7
112-2,藝術學院,藝術與設計學系,藝術與設計學系,碩士,碩士班,女,一般生(非原住民族),育嬰,自請休學,0,1
112-2,藝術學院,藝術與設計學系,藝術與設計學系,碩士,碩士班,女,一般生(非原住民族),出國,自請休學,0,1
112-2,藝術學院,藝術與設計學系,藝術與設計學系,碩士,碩士班,女,一般生(非原住民族),論文撰寫,自請休學,0,1
112-2,花師教育學院,幼兒教育學系,幼兒教育學系,學士,學士班,女,一般生(非原住民族),就讀學校科系不符期待,自請休學,0,1
112-2,花師教育學院,幼兒教育學系,幼兒教育學系,學士,學士班,女,一般生(非原住民族),就學環境,自請休學,0,1
112-2,花師教育學院,幼兒教育學系,幼兒教育學系,學士,學士班,女,一般生(非原住民族),家務或家人照顧,自請休學,1,1
112-2,花師教育學院,幼兒教育學系,幼兒教育學系,學士,學士班,女,其他類學生,傷病,自請休學,0,1
112-2,花師教育學院,幼兒教育學系,幼兒教育學系,學士,學士班,女,其他類學生,就讀學校科系不符期待,自請休學,0,1
112-2,花師教育學院,幼兒教育學系,幼兒教育學系,碩士,碩士班,女,一般生(非原住民族),傷病,自請休學,0,1
112-2,花師教育學院,幼兒教育學系,幼兒教育學系,碩士,碩士班,女,一般生(非原住民族),學業成績不佳,自請休學,0,1
112-2,花師教育學院,幼兒教育學系,幼兒教育學系,碩士,碩士班,女,一般生(非原住民族),論文撰寫,自請休學,0,1
112-2,花師教育學院,幼兒教育學系,幼兒教育學系,碩士,碩士班,女,一般生(非原住民族),家務或家人照顧,自請休學,0,1
112-2,花師教育學院,幼兒教育學系,幼兒教育學系,碩士,碩士在職專班,男,一般生(非原住民族),經濟困難,自請休學,0,1
112-2,花師教育學院,幼兒教育學系,幼兒教育學系,碩士,碩士在職專班,女,原住民族學生,懷孕,自請休學,1,1
112-2,花師教育學院,幼兒教育學系,幼兒教育學系,碩士,碩士在職專班,女,一般生(非原住民族),就讀學校科系不符期待,自請休學,0,1
112-2,花師教育學院,幼兒教育學系,幼兒教育學系,碩士,碩士在職專班,女,一般生(非原住民族),育嬰,自請休學,0,2
112-2,花師教育學院,幼兒教育學系,幼兒教育學系,碩士,碩士在職專班,女,一般生(非原住民族),論文撰寫,自請休學,0,1
112-2,花師教育學院,幼兒教育學系,幼兒教育學系,碩士,碩士在職專班,女,一般生(非原住民族),家務或家人照顧,自請休學,0,1
112-2,花師教育學院,特殊教育學系,特殊教育學系,學士,學士班,男,一般生(非原住民族),其他,自請休學,0,1
112-2,花師教育學院,特殊教育學系,特殊教育學系,學士,學士班,女,一般生(非原住民族),傷病,自請休學,1,1
112-2,花師教育學院,特殊教育學系,特殊教育學系身心障礙與輔助科技碩士班,碩士,碩士班,男,一般生(非原住民族),論文撰寫,自請休學,1,1
112-2,花師教育學院,特殊教育學系,特殊教育學系身心障礙與輔助科技碩士班,碩士,碩士班,女,原住民族學生,工作,自請休學,0,1
112-2,花師教育學院,特殊教育學系,特殊教育學系身心障礙與輔助科技碩士班,碩士,碩士班,女,原住民族學生,論文撰寫,自請休學,1,1
112-2,花師教育學院,特殊教育學系,特殊教育學系身心障礙與輔助科技碩士班,碩士,碩士班,女,一般生(非原住民族),工作,自請休學,0,5
112-2,花師教育學院,特殊教育學系,特殊教育學系身心障礙與輔助科技碩士班,碩士,碩士班,女,一般生(非原住民族),育嬰,自請休學,0,1
112-2,花師教育學院,特殊教育學系,特殊教育學系身心障礙與輔助科技碩士班,碩士,碩士班,女,一般生(非原住民族),論文撰寫,自請休學,0,1
112-2,花師教育學院,教育行政與管理學系,教育行政與管理學系,學士,學士班,男,一般生(非原住民族),就讀學校科系不符期待,自請休學,0,2
112-2,花師教育學院,教育行政與管理學系,教育行政與管理學系,學士,學士班,男,一般生(非原住民族),家務或家人照顧,自請休學,1,1
112-2,花師教育學院,教育行政與管理學系,教育行政與管理學系,學士,學士班,女,一般生(非原住民族),就學環境,自請休學,0,1
112-2,花師教育學院,教育行政與管理學系,教育行政與管理學系,學士,學士班,女,其他類學生,就學環境,自請休學,1,1
112-2,花師教育學院,教育行政與管理學系,教育行政與管理學系,碩士,碩士班,男,一般生(非原住民族),工作,自請休學,0,1
112-2,花師教育學院,教育行政與管理學系,教育行政與管理學系,碩士,碩士班,女,一般生(非原住民族),工作,自請休學,1,5
112-2,花師教育學院,教育行政與管理學系,教育行政與管理學系,碩士,碩士班,女,一般生(非原住民族),懷孕,自請休學,0,1
112-2,花師教育學院,教育行政與管理學系,教育行政與管理學系,碩士,碩士班,女,一般生(非原住民族),論文撰寫,自請休學,1,1
112-2,花師教育學院,體育與運動科學系,體育與運動科學系,學士,學士班,男,原住民族學生,經濟困難,自請休學,1,2
112-2,花師教育學院,體育與運動科學系,體育與運動科學系,學士,學士班,男,原住民族學生,就讀學校科系不符期待,自請休學,0,1
112-2,花師教育學院,體育與運動科學系,體育與運動科學系,學士,學士班,男,一般生(非原住民族),就讀學校科系不符期待,自請休學,1,3
112-2,花師教育學院,體育與運動科學系,體育與運動科學系,學士,學士班,男,一般生(非原住民族),工作,自請休學,1,1
112-2,花師教育學院,體育與運動科學系,體育與運動科學系,學士,學士班,男,一般生(非原住民族),家務或家人照顧,自請休學,1,1
112-2,花師教育學院,體育與運動科學系,體育與運動科學系,學士,學士班,男,一般生(非原住民族),其他,自請休學,0,1
112-2,花師教育學院,體育與運動科學系,體育與運動科學系,學士,學士班,女,一般生(非原住民族),就讀學校科系不符期待,自請休學,0,1
112-2,花師教育學院,體育與運動科學系,體育與運動科學系,學士,學士班,女,一般生(非原住民族),工作,自請休學,0,1
112-2,花師教育學院,體育與運動科學系,體育與運動科學系,學士,學士班,女,一般生(非原住民族),家務或家人照顧,自請休學,0,1
112-2,花師教育學院,體育與運動科學系,體育與運動科學系,碩士,碩士班,男,原住民族學生,工作,自請休學,1,1
112-2,花師教育學院,體育與運動科學系,體育與運動科學系,碩士,碩士班,男,原住民族學生,其他,自請休學,1,1
112-2,花師教育學院,體育與運動科學系,體育與運動科學系,碩士,碩士班,男,一般生(非原住民族),傷病,自請休學,0,1
112-2,花師教育學院,體育與運動科學系,體育與運動科學系,碩士,碩士班,男,一般生(非原住民族),工作,自請休學,0,2
112-2,花師教育學院,體育與運動科學系,體育與運動科學系,碩士,碩士班,男,一般生(非原住民族),家務或家人照顧,自請休學,0,1
112-2,花師教育學院,體育與運動科學系,體育與運動科學系,碩士,碩士班,女,一般生(非原住民族),工作,自請休學,2,4
112-2,花師教育學院,體育與運動科學系,體育與運動科學系,碩士,碩士班,女,其他類學生,論文撰寫,自請休學,0,1
112-2,人文社會科學學院,中國語文學系,中國語文學系,學士,學士班,男,一般生(非原住民族),經濟困難,自請休學,0,1
112-2,人文社會科學學院,中國語文學系,中國語文學系,學士,學士班,男,一般生(非原住民族),就讀學校科系不符期待,自請休學,0,4
112-2,人文社會科學學院,中國語文學系,中國語文學系,學士,學士班,女,一般生(非原住民族),傷病,自請休學,0,1
112-2,人文社會科學學院,中國語文學系,中國語文學系,學士,學士班,女,一般生(非原住民族),就讀學校科系不符期待,自請休學,0,1
112-2,人文社會科學學院,中國語文學系,中國語文學系,學士,學士班,女,一般生(非原住民族),出國,自請休學,0,1
112-2,人文社會科學學院,中國語文學系,中國語文學系,學士,學士班,女,一般生(非原住民族),家務或家人照顧,自請休學,1,1
112-2,人文社會科學學院,中國語文學系,中國語文學系,碩士,碩士班,男,一般生(非原住民族),經濟困難,自請休學,1,1
112-2,人文社會科學學院,中國語文學系,中國語文學系,碩士,碩士班,男,一般生(非原住民族),論文撰寫,自請休學,1,2
112-2,人文社會科學學院,中國語文學系,中國語文學系,碩士,碩士班,女,一般生(非原住民族),傷病,自請休學,0,1
112-2,人文社會科學學院,中國語文學系,中國語文學系,碩士,碩士班,女,一般生(非原住民族),工作,自請休學,1,2
112-2,人文社會科學學院,中國語文學系,中國語文學系,碩士,碩士班,女,一般生(非原住民族),論文撰寫,自請休學,0,3
112-2,人文社會科學學院,中國語文學系,中國語文學系,碩士,碩士班,女,一般生(非原住民族),其他,自請休學,0,1
112-2,人文社會科學學院,中國語文學系,中國語文學系,碩士,碩士班,女,其他類學生,論文撰寫,自請休學,0,1
112-2,人文社會科學學院,中國語文學系,中國語文學系,博士,博士班,男,一般生(非原住民族),工作,自請休學,0,3
112-2,人文社會科學學院,中國語文學系,中國語文學系,博士,博士班,男,一般生(非原住民族),兵役,自請休學,1,1
112-2,人文社會科學學院,中國語文學系,中國語文學系,博士,博士班,男,一般生(非原住民族),論文撰寫,自請休學,2,2
112-2,人文社會科學學院,中國語文學系,中國語文學系,博士,博士班,男,一般生(非原住民族),家務或家人照顧,自請休學,0,1
112-2,人文社會科學學院,中國語文學系,中國語文學系,博士,博士班,女,一般生(非原住民族),工作,自請休學,1,1
112-2,人文社會科學學院,中國語文學系,中國語文學系,博士,博士班,女,一般生(非原住民族),論文撰寫,自請休學,1,3
112-2,人文社會科學學院,中國語文學系,中國語文學系,博士,博士班,女,一般生(非原住民族),其他,自請休學,0,1
112-2,人文社會科學學院,臺灣文化學系,臺灣文化學系,學士,學士班,男,一般生(非原住民族),經濟困難,自請休學,0,1
112-2,人文社會科學學院,臺灣文化學系,臺灣文化學系,學士,學士班,男,一般生(非原住民族),學業成績不佳,自請休學,1,2
112-2,人文社會科學學院,臺灣文化學系,臺灣文化學系,學士,學士班,男,一般生(非原住民族),就讀學校科系不符期待,自請休學,0,3
112-2,人文社會科學學院,臺灣文化學系,臺灣文化學系,學士,學士班,男,一般生(非原住民族),工作,自請休學,2,3
112-2,人文社會科學學院,臺灣文化學系,臺灣文化學系,學士,學士班,男,一般生(非原住民族),家務或家人照顧,自請休學,0,1
112-2,人文社會科學學院,臺灣文化學系,臺灣文化學系,學士,學士班,女,一般生(非原住民族),傷病,自請休學,0,1
112-2,人文社會科學學院,臺灣文化學系,臺灣文化學系,學士,學士班,女,一般生(非原住民族),工作,自請休學,0,2
112-2,人文社會科學學院,臺灣文化學系,臺灣文化學系,碩士,碩士班,男,一般生(非原住民族),工作,自請休學,0,3
112-2,人文社會科學學院,臺灣文化學系,臺灣文化學系,碩士,碩士班,男,一般生(非原住民族),家務或家人照顧,自請休學,0,1
112-2,人文社會科學學院,臺灣文化學系,臺灣文化學系,碩士,碩士班,女,一般生(非原住民族),經濟困難,自請休學,0,1
112-2,人文社會科學學院,臺灣文化學系,臺灣文化學系,碩士,碩士班,女,一般生(非原住民族),就讀學校科系不符期待,自請休學,0,2
112-2,人文社會科學學院,臺灣文化學系,臺灣文化學系,碩士,碩士班,女,一般生(非原住民族),論文撰寫,自請休學,0,2
112-2,人文社會科學學院,臺灣文化學系,臺灣文化學系,碩士,碩士班,女,一般生(非原住民族),家務或家人照顧,自請休學,1,1
112-2,人文社會科學學院,臺灣文化學系,臺灣文化學系,碩士,碩士班,女,一般生(非原住民族),考試訓練,自請休學,0,1
112-2,人文社會科學學院,臺灣文化學系,臺灣文化學系,碩士,碩士班,女,其他類學生,就讀學校科系不符期待,自請休學,0,1
112-2,人文社會科學學院,臺灣文化學系,臺灣文化學系,碩士,碩士在職專班,男,一般生(非原住民族),工作,自請休學,0,1
112-2,管理學院,管理學院管理科學與財金國際學士學位學程,管理學院管理科學與財金國際學士學位學程,學士,學士班,女,一般生(非原住民族),傷病,自請休學,1,1
112-2,花師教育學院,教育行政與管理學系,教育行政與管理學系,碩士,碩士在職專班,男,原住民族學生,育嬰,自請休學,0,1
112-2,花師教育學院,教育行政與管理學系,教育行政與管理學系,碩士,碩士在職專班,男,原住民族學生,家務或家人照顧,自請休學,0,1
112-2,花師教育學院,教育行政與管理學系,教育行政與管理學系,碩士,碩士在職專班,男,一般生(非原住民族),工作,自請休學,1,9
112-2,花師教育學院,教育行政與管理學系,教育行政與管理學系,碩士,碩士在職專班,男,一般生(非原住民族),論文撰寫,自請休學,4,5
112-2,花師教育學院,教育行政與管理學系,教育行政與管理學系,碩士,碩士在職專班,男,一般生(非原住民族),家務或家人照顧,自請休學,1,3
112-2,花師教育學院,教育行政與管理學系,教育行政與管理學系,碩士,碩士在職專班,女,原住民族學生,工作,自請休學,0,2
112-2,花師教育學院,教育行政與管理學系,教育行政與管理學系,碩士,碩士在職專班,女,原住民族學生,育嬰,自請休學,0,1
112-2,花師教育學院,教育行政與管理學系,教育行政與管理學系,碩士,碩士在職專班,女,原住民族學生,論文撰寫,自請休學,2,2
112-2,花師教育學院,教育行政與管理學系,教育行政與管理學系,碩士,碩士在職專班,女,一般生(非原住民族),傷病,自請休學,0,1
112-2,花師教育學院,教育行政與管理學系,教育行政與管理學系,碩士,碩士在職專班,女,一般生(非原住民族),工作,自請休學,4,7
112-2,花師教育學院,教育行政與管理學系,教育行政與管理學系,碩士,碩士在職專班,女,一般生(非原住民族),懷孕,自請休學,0,1
112-2,花師教育學院,教育行政與管理學系,教育行政與管理學系,碩士,碩士在職專班,女,一般生(非原住民族),育嬰,自請休學,0,1
112-2,花師教育學院,教育行政與管理學系,教育行政與管理學系,碩士,碩士在職專班,女,一般生(非原住民族),論文撰寫,自請休學,0,2
112-2,花師教育學院,教育行政與管理學系,教育行政與管理學系,碩士,碩士在職專班,女,一般生(非原住民族),就學環境,自請休學,0,1
112-2,花師教育學院,教育行政與管理學系,教育行政與管理學系,碩士,碩士在職專班,女,一般生(非原住民族),家務或家人照顧,自請休學,0,2
112-2,花師教育學院,教育行政與管理學系,教育行政與管理學系,碩士,碩士在職專班,女,一般生(非原住民族),考試訓練,自請休學,0,1
112-2,花師教育學院,教育行政與管理學系,教育行政與管理學系,碩士,碩士在職專班,女,一般生(非原住民族),其他,自請休學,0,1
112-2,花師教育學院,體育與運動科學系,體育與運動科學系,碩士,碩士在職專班,男,原住民族學生,工作,自請休學,1,2
112-2,花師教育學院,體育與運動科學系,體育與運動科學系,碩士,碩士在職專班,男,一般生(非原住民族),工作,自請休學,0,1
112-2,花師教育學院,體育與運動科學系,體育與運動科學系,碩士,碩士在職專班,男,一般生(非原住民族),育嬰,自請休學,1,2
112-2,花師教育學院,體育與運動科學系,體育與運動科學系,碩士,碩士在職專班,男,一般生(非原住民族),家務或家人照顧,自請休學,1,2
112-2,花師教育學院,體育與運動科學系,體育與運動科學系,碩士,碩士在職專班,女,原住民族學生,懷孕,自請休學,1,1
112-2,花師教育學院,體育與運動科學系,體育與運動科學系,碩士,碩士在職專班,女,原住民族學生,育嬰,自請休學,0,1
112-2,花師教育學院,體育與運動科學系,體育與運動科學系,碩士,碩士在職專班,女,一般生(非原住民族),就讀學校科系不符期待,自請休學,0,1
112-2,花師教育學院,體育與運動科學系,體育與運動科學系,碩士,碩士在職專班,女,一般生(非原住民族),工作,自請休學,1,1
112-2,花師教育學院,體育與運動科學系,體育與運動科學系,碩士,碩士在職專班,女,一般生(非原住民族),論文撰寫,自請休學,1,1
112-2,花師教育學院,體育與運動科學系,體育與運動科學系,碩士,碩士在職專班,女,一般生(非原住民族),家務或家人照顧,自請休學,0,1
112-2,人文社會科學學院,公共行政學系,公共行政學系,學士,學士班,男,一般生(非原住民族),傷病,自請休學,0,2
112-2,人文社會科學學院,公共行政學系,公共行政學系,學士,學士班,男,一般生(非原住民族),家務或家人照顧,自請休學,1,1
112-2,人文社會科學學院,公共行政學系,公共行政學系,學士,學士班,女,一般生(非原住民族),家務或家人照顧,自請休學,0,1
112-2,人文社會科學學院,公共行政學系,公共行政學系,學士,學士班,女,其他類學生,其他,自請休學,0,1
112-2,人文社會科學學院,法律學系,法律學士學位學程,學士,學士班,男,一般生(非原住民族),學業成績不佳,自請休學,1,1
112-2,人文社會科學學院,法律學系,法律學士學位學程,學士,學士班,女,一般生(非原住民族),傷病,自請休學,0,1
112-2,人文社會科學學院,社會學系,社會學系,碩士,碩士班,男,原住民族學生,工作,自請休學,1,2
112-2,人文社會科學學院,社會學系,社會學系,碩士,碩士班,男,一般生(非原住民族),經濟困難,自請休學,1,1
112-2,人文社會科學學院,社會學系,社會學系,碩士,碩士班,男,一般生(非原住民族),論文撰寫,自請休學,0,1
112-2,人文社會科學學院,社會學系,社會學系,碩士,碩士班,男,一般生(非原住民族),家務或家人照顧,自請休學,0,1
112-2,人文社會科學學院,社會學系,社會學系,碩士,碩士班,男,其他類學生,論文撰寫,自請休學,0,1
112-2,人文社會科學學院,社會學系,社會學系,碩士,碩士班,女,一般生(非原住民族),傷病,自請休學,0,1
112-2,人文社會科學學院,社會學系,社會學系,碩士,碩士班,女,一般生(非原住民族),工作,自請休學,0,3
112-2,人文社會科學學院,社會學系,社會學系,碩士,碩士班,女,一般生(非原住民族),育嬰,自請休學,1,3
112-2,人文社會科學學院,社會學系,社會學系,碩士,碩士班,女,一般生(非原住民族),出國,自請休學,1,1
112-2,人文社會科學學院,社會學系,社會學系,碩士,碩士班,女,一般生(非原住民族),論文撰寫,自請休學,1,2
112-2,人文社會科學學院,公共行政學系,公共行政學系,碩士,碩士班,男,一般生(非原住民族),工作,自請休學,1,2
112-2,人文社會科學學院,公共行政學系,公共行政學系,碩士,碩士班,男,一般生(非原住民族),論文撰寫,自請休學,1,2
112-2,人文社會科學學院,公共行政學系,公共行政學系,碩士,碩士班,女,一般生(非原住民族),就讀學校科系不符期待,自請休學,1,1
112-2,人文社會科學學院,公共行政學系,公共行政學系,碩士,碩士班,女,一般生(非原住民族),工作,自請休學,0,1
112-2,人文社會科學學院,公共行政學系,公共行政學系,碩士,碩士班,女,一般生(非原住民族),育嬰,自請休學,0,1
112-2,人文社會科學學院,公共行政學系,公共行政學系,碩士,碩士在職專班,男,原住民族學生,工作,自請休學,0,1
112-2,人文社會科學學院,公共行政學系,公共行政學系,碩士,碩士在職專班,男,一般生(非原住民族),工作,自請休學,1,4
112-2,人文社會科學學院,公共行政學系,公共行政學系,碩士,碩士在職專班,男,一般生(非原住民族),論文撰寫,自請休學,0,2
112-2,人文社會科學學院,公共行政學系,公共行政學系,碩士,碩士在職專班,男,一般生(非原住民族),家務或家人照顧,自請休學,0,2
112-2,人文社會科學學院,公共行政學系,公共行政學系,碩士,碩士在職專班,男,一般生(非原住民族),其他,自請休學,1,1
112-2,人文社會科學學院,公共行政學系,公共行政學系,碩士,碩士在職專班,女,一般生(非原住民族),就讀學校科系不符期待,自請休學,0,1
112-2,人文社會科學學院,公共行政學系,公共行政學系,碩士,碩士在職專班,女,一般生(非原住民族),工作,自請休學,1,1
112-2,人文社會科學學院,公共行政學系,公共行政學系,碩士,碩士在職專班,女,一般生(非原住民族),論文撰寫,自請休學,0,1
112-2,人文社會科學學院,社會學系,社會學系,學士,學士班,女,一般生(非原住民族),傷病,自請休學,1,1
112-2,人文社會科學學院,社會學系,社會學系,學士,學士班,女,一般生(非原住民族),就讀學校科系不符期待,自請休學,0,3
112-2,人文社會科學學院,社會學系,社會學系,學士,學士班,女,一般生(非原住民族),就學環境,自請休學,0,1
112-2,原住民民族學院,民族發展與社會工作學系,民族事務與發展學系,學士,學士班,男,原住民族學生,學業成績不佳,自請休學,1,1
112-2,原住民民族學院,民族發展與社會工作學系,民族事務與發展學系,學士,學士班,男,原住民族學生,兵役,自請休學,1,1
112-2,原住民民族學院,民族發展與社會工作學系,民族事務與發展學系,學士,學士班,男,原住民族學生,家務或家人照顧,自請休學,0,1
112-2,原住民民族學院,民族發展與社會工作學系,民族事務與發展學系,學士,學士班,女,原住民族學生,傷病,自請休學,1,1
112-2,原住民民族學院,民族發展與社會工作學系,民族事務與發展學系,學士,學士班,女,原住民族學生,懷孕,自請休學,0,1
112-2,原住民民族學院,民族發展與社會工作學系,民族事務與發展學系,學士,學士班,女,一般生(非原住民族),就讀學校科系不符期待,自請休學,0,1
112-2,原住民民族學院,民族發展與社會工作學系,民族社會工作學士學位學程,學士,學士班,男,原住民族學生,工作,自請休學,0,1
112-2,原住民民族學院,民族發展與社會工作學系,民族社會工作學士學位學程,學士,學士班,男,其他類學生,家務或家人照顧,自請休學,0,1
112-2,原住民民族學院,民族發展與社會工作學系,民族社會工作學士學位學程,學士,學士班,女,原住民族學生,經濟困難,自請休學,1,1
112-2,原住民民族學院,民族發展與社會工作學系,民族社會工作學士學位學程,學士,學士班,女,原住民族學生,學業成績不佳,自請休學,2,2
112-2,原住民民族學院,民族發展與社會工作學系,民族社會工作學士學位學程,學士,學士班,女,原住民族學生,育嬰,自請休學,0,2
112-2,原住民民族學院,民族發展與社會工作學系,民族社會工作學士學位學程,學士,學士班,女,原住民族學生,家務或家人照顧,自請休學,0,1
112-2,原住民民族學院,民族發展與社會工作學系,民族事務與發展學系,碩士,碩士班,男,原住民族學生,工作,自請休學,2,4
112-2,原住民民族學院,民族發展與社會工作學系,民族事務與發展學系,碩士,碩士班,男,原住民族學生,育嬰,自請休學,0,1
112-2,原住民民族學院,民族發展與社會工作學系,民族事務與發展學系,碩士,碩士班,男,原住民族學生,論文撰寫,自請休學,2,4
112-2,原住民民族學院,民族發展與社會工作學系,民族事務與發展學系,碩士,碩士班,男,原住民族學生,家務或家人照顧,自請休學,0,1
112-2,原住民民族學院,民族發展與社會工作學系,民族事務與發展學系,碩士,碩士班,男,一般生(非原住民族),工作,自請休學,0,1
112-2,原住民民族學院,民族發展與社會工作學系,民族事務與發展學系,碩士,碩士班,男,一般生(非原住民族),育嬰,自請休學,0,1
112-2,原住民民族學院,民族發展與社會工作學系,民族事務與發展學系,碩士,碩士班,男,一般生(非原住民族),家務或家人照顧,自請休學,1,1
112-2,原住民民族學院,民族發展與社會工作學系,民族事務與發展學系,碩士,碩士班,女,原住民族學生,工作,自請休學,1,5
112-2,原住民民族學院,民族發展與社會工作學系,民族事務與發展學系,碩士,碩士班,女,原住民族學生,懷孕,自請休學,0,1
112-2,原住民民族學院,民族發展與社會工作學系,民族事務與發展學系,碩士,碩士班,女,原住民族學生,育嬰,自請休學,0,3
112-2,原住民民族學院,民族發展與社會工作學系,民族事務與發展學系,碩士,碩士班,女,原住民族學生,論文撰寫,自請休學,0,4
112-2,原住民民族學院,民族發展與社會工作學系,民族事務與發展學系,碩士,碩士班,女,原住民族學生,家務或家人照顧,自請休學,1,1
112-2,原住民民族學院,民族發展與社會工作學系,民族事務與發展學系,碩士,碩士班,女,一般生(非原住民族),經濟困難,自請休學,0,1
112-2,原住民民族學院,民族發展與社會工作學系,民族事務與發展學系,碩士,碩士班,女,一般生(非原住民族),論文撰寫,自請休學,0,1
112-2,原住民民族學院,民族發展與社會工作學系,民族事務與發展學系民族社會工作碩士在職專班,碩士,碩士在職專班,男,原住民族學生,工作,自請休學,0,4
112-2,原住民民族學院,民族發展與社會工作學系,民族事務與發展學系民族社會工作碩士在職專班,碩士,碩士在職專班,男,原住民族學生,論文撰寫,自請休學,0,1
112-2,原住民民族學院,民族發展與社會工作學系,民族事務與發展學系民族社會工作碩士在職專班,碩士,碩士在職專班,男,一般生(非原住民族),工作,自請休學,0,3
112-2,原住民民族學院,民族發展與社會工作學系,民族事務與發展學系民族社會工作碩士在職專班,碩士,碩士在職專班,男,一般生(非原住民族),家務或家人照顧,自請休學,0,1
112-2,原住民民族學院,民族發展與社會工作學系,民族事務與發展學系民族社會工作碩士在職專班,碩士,碩士在職專班,女,原住民族學生,就讀學校科系不符期待,自請休學,1,2
112-2,原住民民族學院,民族發展與社會工作學系,民族事務與發展學系民族社會工作碩士在職專班,碩士,碩士在職專班,女,原住民族學生,工作,自請休學,3,5
112-2,原住民民族學院,民族發展與社會工作學系,民族事務與發展學系民族社會工作碩士在職專班,碩士,碩士在職專班,女,原住民族學生,育嬰,自請休學,0,1
112-2,原住民民族學院,民族發展與社會工作學系,民族事務與發展學系民族社會工作碩士在職專班,碩士,碩士在職專班,女,原住民族學生,論文撰寫,自請休學,1,1
112-2,原住民民族學院,民族發展與社會工作學系,民族事務與發展學系民族社會工作碩士在職專班,碩士,碩士在職專班,女,原住民族學生,家務或家人照顧,自請休學,1,1
112-2,原住民民族學院,民族發展與社會工作學系,民族事務與發展學系民族社會工作碩士在職專班,碩士,碩士在職專班,女,一般生(非原住民族),傷病,自請休學,0,2
112-2,原住民民族學院,民族發展與社會工作學系,民族事務與發展學系民族社會工作碩士在職專班,碩士,碩士在職專班,女,一般生(非原住民族),工作,自請休學,2,5
112-2,原住民民族學院,民族發展與社會工作學系,民族事務與發展學系民族社會工作碩士在職專班,碩士,碩士在職專班,女,一般生(非原住民族),懷孕,自請休學,0,1
112-2,原住民民族學院,民族發展與社會工作學系,民族事務與發展學系民族社會工作碩士在職專班,碩士,碩士在職專班,女,一般生(非原住民族),論文撰寫,自請休學,1,2
112-2,原住民民族學院,民族發展與社會工作學系,民族事務與發展學系民族社會工作碩士在職專班,碩士,碩士在職專班,女,一般生(非原住民族),家務或家人照顧,自請休學,0,2
112-2,理工學院,物理學系,物理學系應用物理碩士班,碩士,碩士班,男,一般生(非原住民族),就讀學校科系不符期待,自請休學,0,1
112-2,理工學院,物理學系,物理學系應用物理碩士班,碩士,碩士班,男,一般生(非原住民族),其他,自請休學,0,1
112-2,花師教育學院,教育與潛能開發學系,教育與潛能開發學系多元文化教育博士班,博士,博士班,男,一般生(非原住民族),家務或家人照顧,自請休學,1,1
112-2,花師教育學院,教育與潛能開發學系,教育與潛能開發學系多元文化教育博士班,博士,博士班,女,原住民族學生,工作,自請休學,0,1
112-2,花師教育學院,教育與潛能開發學系,教育與潛能開發學系多元文化教育博士班,博士,博士班,女,原住民族學生,家務或家人照顧,自請休學,1,1
112-2,花師教育學院,教育與潛能開發學系,教育與潛能開發學系多元文化教育博士班,博士,博士班,女,一般生(非原住民族),工作,自請休學,0,1
112-2,花師教育學院,教育與潛能開發學系,教育與潛能開發學系多元文化教育博士班,博士,博士班,女,一般生(非原住民族),論文撰寫,自請休學,0,1
112-2,花師教育學院,教育與潛能開發學系,教育與潛能開發學系多元文化教育博士班,博士,博士班,女,其他類學生,論文撰寫,自請休學,1,1
112-2,花師教育學院,教育與潛能開發學系,教育與潛能開發學系科學教育博士班,博士,博士班,男,一般生(非原住民族),育嬰,自請休學,0,1
112-2,花師教育學院,教育與潛能開發學系,教育與潛能開發學系科學教育博士班,博士,博士班,男,一般生(非原住民族),論文撰寫,自請休學,1,2
112-2,花師教育學院,教育與潛能開發學系,教育與潛能開發學系科學教育博士班,博士,博士班,男,一般生(非原住民族),家務或家人照顧,自請休學,1,1
112-2,花師教育學院,教育與潛能開發學系,教育與潛能開發學系科學教育博士班,博士,博士班,女,一般生(非原住民族),工作,自請休學,0,1
112-2,花師教育學院,教育與潛能開發學系,教育與潛能開發學系科學教育博士班,博士,博士班,女,一般生(非原住民族),論文撰寫,自請休學,1,3
112-2,花師教育學院,教育與潛能開發學系,教育與潛能開發學系教育博士班,博士,博士班,男,一般生(非原住民族),工作,自請休學,1,3
112-2,花師教育學院,教育與潛能開發學系,教育與潛能開發學系教育博士班,博士,博士班,男,一般生(非原住民族),論文撰寫,自請休學,1,3
112-2,花師教育學院,教育與潛能開發學系,教育與潛能開發學系教育博士班,博士,博士班,男,一般生(非原住民族),家務或家人照顧,自請休學,0,2
112-2,花師教育學院,教育與潛能開發學系,教育與潛能開發學系教育博士班,博士,博士班,男,其他類學生,傷病,自請休學,1,1
112-2,花師教育學院,教育與潛能開發學系,教育與潛能開發學系教育博士班,博士,博士班,男,其他類學生,工作,自請休學,0,1
112-2,花師教育學院,教育與潛能開發學系,教育與潛能開發學系教育博士班,博士,博士班,女,一般生(非原住民族),傷病,自請休學,0,2
112-2,花師教育學院,教育與潛能開發學系,教育與潛能開發學系教育博士班,博士,博士班,女,一般生(非原住民族),工作,自請休學,1,5
112-2,花師教育學院,教育與潛能開發學系,教育與潛能開發學系教育博士班,博士,博士班,女,一般生(非原住民族),育嬰,自請休學,1,5
112-2,花師教育學院,教育與潛能開發學系,教育與潛能開發學系教育博士班,博士,博士班,女,一般生(非原住民族),論文撰寫,自請休學,2,4
112-2,花師教育學院,教育與潛能開發學系,教育與潛能開發學系教育博士班,博士,博士班,女,一般生(非原住民族),家務或家人照顧,自請休學,0,2
112-2,花師教育學院,教育與潛能開發學系,教育與潛能開發學系教育博士班,博士,博士班,女,其他類學生,經濟困難,自請休學,2,2
112-2,花師教育學院,教育與潛能開發學系,教育與潛能開發學系教育博士班,博士,博士班,女,其他類學生,論文撰寫,自請休學,1,1
112-2,花師教育學院,教育與潛能開發學系,教育與潛能開發學系多元文化教育碩士班,碩士,碩士班,男,原住民族學生,工作,自請休學,0,1
112-2,花師教育學院,教育與潛能開發學系,教育與潛能開發學系多元文化教育碩士班,碩士,碩士班,男,原住民族學生,育嬰,自請休學,0,1
112-2,花師教育學院,教育與潛能開發學系,教育與潛能開發學系多元文化教育碩士班,碩士,碩士班,男,原住民族學生,論文撰寫,自請休學,0,1
112-2,花師教育學院,教育與潛能開發學系,教育與潛能開發學系多元文化教育碩士班,碩士,碩士班,男,一般生(非原住民族),就讀學校科系不符期待,自請休學,1,1
112-2,花師教育學院,教育與潛能開發學系,教育與潛能開發學系多元文化教育碩士班,碩士,碩士班,男,一般生(非原住民族),工作,自請休學,0,2
112-2,花師教育學院,教育與潛能開發學系,教育與潛能開發學系多元文化教育碩士班,碩士,碩士班,男,一般生(非原住民族),論文撰寫,自請休學,1,2
112-2,花師教育學院,教育與潛能開發學系,教育與潛能開發學系多元文化教育碩士班,碩士,碩士班,男,一般生(非原住民族),考試訓練,自請休學,0,1
112-2,花師教育學院,教育與潛能開發學系,教育與潛能開發學系多元文化教育碩士班,碩士,碩士班,女,原住民族學生,工作,自請休學,1,1
112-2,花師教育學院,教育與潛能開發學系,教育與潛能開發學系多元文化教育碩士班,碩士,碩士班,女,原住民族學生,論文撰寫,自請休學,1,2
112-2,花師教育學院,教育與潛能開發學系,教育與潛能開發學系多元文化教育碩士班,碩士,碩士班,女,一般生(非原住民族),工作,自請休學,0,1
112-2,花師教育學院,教育與潛能開發學系,教育與潛能開發學系多元文化教育碩士班,碩士,碩士班,女,一般生(非原住民族),懷孕,自請休學,0,1
112-2,花師教育學院,教育與潛能開發學系,教育與潛能開發學系多元文化教育碩士班,碩士,碩士班,女,一般生(非原住民族),論文撰寫,自請休學,0,4
112-2,花師教育學院,教育與潛能開發學系,教育與潛能開發學系多元文化教育碩士班,碩士,碩士班,女,一般生(非原住民族),家務或家人照顧,自請休學,0,1
112-2,花師教育學院,教育與潛能開發學系,教育與潛能開發學系科學教育碩士班,碩士,碩士班,男,一般生(非原住民族),傷病,自請休學,0,2
112-2,花師教育學院,教育與潛能開發學系,教育與潛能開發學系科學教育碩士班,碩士,碩士班,男,一般生(非原住民族),工作,自請休學,0,1
112-2,花師教育學院,教育與潛能開發學系,教育與潛能開發學系科學教育碩士班,碩士,碩士班,男,一般生(非原住民族),論文撰寫,自請休學,0,2
112-2,花師教育學院,教育與潛能開發學系,教育與潛能開發學系科學教育碩士班,碩士,碩士班,女,一般生(非原住民族),就讀學校科系不符期待,自請休學,0,1
112-2,花師教育學院,教育與潛能開發學系,教育與潛能開發學系科學教育碩士班,碩士,碩士班,女,一般生(非原住民族),工作,自請休學,0,4
112-2,花師教育學院,教育與潛能開發學系,教育與潛能開發學系科學教育碩士班,碩士,碩士班,女,一般生(非原住民族),育嬰,自請休學,0,1
112-2,花師教育學院,教育與潛能開發學系,教育與潛能開發學系科學教育碩士班,碩士,碩士班,女,一般生(非原住民族),論文撰寫,自請休學,0,2
112-2,花師教育學院,教育與潛能開發學系,教育與潛能開發學系教育碩士班,碩士,碩士班,男,原住民族學生,工作,自請休學,0,1
112-2,花師教育學院,教育與潛能開發學系,教育與潛能開發學系教育碩士班,碩士,碩士班,男,原住民族學生,家務或家人照顧,自請休學,0,1
112-2,花師教育學院,教育與潛能開發學系,教育與潛能開發學系教育碩士班,碩士,碩士班,男,一般生(非原住民族),工作,自請休學,0,1
112-2,花師教育學院,教育與潛能開發學系,教育與潛能開發學系教育碩士班,碩士,碩士班,男,一般生(非原住民族),出國,自請休學,0,1
112-2,花師教育學院,教育與潛能開發學系,教育與潛能開發學系教育碩士班,碩士,碩士班,男,一般生(非原住民族),論文撰寫,自請休學,0,2
112-2,花師教育學院,教育與潛能開發學系,教育與潛能開發學系教育碩士班,碩士,碩士班,男,一般生(非原住民族),家務或家人照顧,自請休學,0,1
112-2,花師教育學院,教育與潛能開發學系,教育與潛能開發學系教育碩士班,碩士,碩士班,男,一般生(非原住民族),考試訓練,自請休學,0,1
112-2,花師教育學院,教育與潛能開發學系,教育與潛能開發學系教育碩士班,碩士,碩士班,男,一般生(非原住民族),其他,自請休學,1,1
112-2,花師教育學院,教育與潛能開發學系,教育與潛能開發學系教育碩士班,碩士,碩士班,男,其他類學生,論文撰寫,自請休學,0,1
112-2,花師教育學院,教育與潛能開發學系,教育與潛能開發學系教育碩士班,碩士,碩士班,女,原住民族學生,工作,自請休學,0,1
112-2,花師教育學院,教育與潛能開發學系,教育與潛能開發學系教育碩士班,碩士,碩士班,女,原住民族學生,考試訓練,自請休學,0,1
112-2,花師教育學院,教育與潛能開發學系,教育與潛能開發學系教育碩士班,碩士,碩士班,女,一般生(非原住民族),工作,自請休學,0,3
112-2,花師教育學院,教育與潛能開發學系,教育與潛能開發學系教育碩士班,碩士,碩士班,女,一般生(非原住民族),論文撰寫,自請休學,0,1
112-2,花師教育學院,教育與潛能開發學系,教育與潛能開發學系教育碩士班,碩士,碩士班,女,一般生(非原住民族),家務或家人照顧,自請休學,0,1
112-2,花師教育學院,教育與潛能開發學系,教育與潛能開發學系教育碩士班,碩士,碩士班,女,其他類學生,論文撰寫,自請休學,0,1
112-2,花師教育學院,教育與潛能開發學系,教育與潛能開發學系教育碩士在職專班,碩士,碩士在職專班,男,原住民族學生,工作,自請休學,1,1
112-2,花師教育學院,教育與潛能開發學系,教育與潛能開發學系教育碩士在職專班,碩士,碩士在職專班,男,原住民族學生,論文撰寫,自請休學,0,1
112-2,花師教育學院,教育與潛能開發學系,教育與潛能開發學系教育碩士在職專班,碩士,碩士在職專班,男,原住民族學生,家務或家人照顧,自請休學,0,1
112-2,花師教育學院,教育與潛能開發學系,教育與潛能開發學系教育碩士在職專班,碩士,碩士在職專班,男,一般生(非原住民族),工作,自請休學,0,6
112-2,花師教育學院,教育與潛能開發學系,教育與潛能開發學系教育碩士在職專班,碩士,碩士在職專班,男,一般生(非原住民族),論文撰寫,自請休學,2,3
112-2,花師教育學院,教育與潛能開發學系,教育與潛能開發學系教育碩士在職專班,碩士,碩士在職專班,男,一般生(非原住民族),家務或家人照顧,自請休學,0,2
112-2,花師教育學院,教育與潛能開發學系,教育與潛能開發學系教育碩士在職專班,碩士,碩士在職專班,男,一般生(非原住民族),其他,自請休學,0,1
112-2,花師教育學院,教育與潛能開發學系,教育與潛能開發學系教育碩士在職專班,碩士,碩士在職專班,女,原住民族學生,育嬰,自請休學,0,2
112-2,花師教育學院,教育與潛能開發學系,教育與潛能開發學系教育碩士在職專班,碩士,碩士在職專班,女,原住民族學生,家務或家人照顧,自請休學,0,1
112-2,花師教育學院,教育與潛能開發學系,教育與潛能開發學系教育碩士在職專班,碩士,碩士在職專班,女,原住民族學生,其他,自請休學,0,1
112-2,花師教育學院,教育與潛能開發學系,教育與潛能開發學系教育碩士在職專班,碩士,碩士在職專班,女,一般生(非原住民族),傷病,自請休學,1,2
112-2,花師教育學院,教育與潛能開發學系,教育與潛能開發學系教育碩士在職專班,碩士,碩士在職專班,女,一般生(非原住民族),經濟困難,自請休學,0,1
112-2,花師教育學院,教育與潛能開發學系,教育與潛能開發學系教育碩士在職專班,碩士,碩士在職專班,女,一般生(非原住民族),就讀學校科系不符期待,自請休學,0,1
112-2,花師教育學院,教育與潛能開發學系,教育與潛能開發學系教育碩士在職專班,碩士,碩士在職專班,女,一般生(非原住民族),工作,自請休學,0,9
112-2,花師教育學院,教育與潛能開發學系,教育與潛能開發學系教育碩士在職專班,碩士,碩士在職專班,女,一般生(非原住民族),懷孕,自請休學,0,1
112-2,花師教育學院,教育與潛能開發學系,教育與潛能開發學系教育碩士在職專班,碩士,碩士在職專班,女,一般生(非原住民族),論文撰寫,自請休學,0,11
112-2,花師教育學院,教育與潛能開發學系,教育與潛能開發學系教育碩士在職專班,碩士,碩士在職專班,女,一般生(非原住民族),家務或家人照顧,自請休學,0,5
112-2,花師教育學院,教育與潛能開發學系,教育與潛能開發學系教育碩士在職專班,碩士,碩士在職專班,女,一般生(非原住民族),考試訓練,自請休學,1,1
112-2,花師教育學院,教育與潛能開發學系,教育與潛能開發學系教育碩士在職專班,碩士,碩士在職專班,女,一般生(非原住民族),其他,自請休學,0,5
112-2,花師教育學院,教育與潛能開發學系,教育與潛能開發學系,學士,學士班,男,一般生(非原住民族),就讀學校科系不符期待,自請休學,0,1
112-2,花師教育學院,教育與潛能開發學系,教育與潛能開發學系,學士,學士班,女,一般生(非原住民族),就讀學校科系不符期待,自請休學,0,3
112-2,藝術學院,藝術創意產業學系,藝術創意產業學系,碩士,碩士在職專班,男,原住民族學生,工作,自請休學,0,1
112-2,藝術學院,藝術創意產業學系,藝術創意產業學系,碩士,碩士在職專班,男,一般生(非原住民族),工作,自請休學,0,1
112-2,藝術學院,藝術創意產業學系,藝術創意產業學系,碩士,碩士在職專班,男,一般生(非原住民族),家務或家人照顧,自請休學,0,1
112-2,藝術學院,藝術創意產業學系,藝術創意產業學系,碩士,碩士在職專班,女,原住民族學生,工作,自請休學,0,2
112-2,藝術學院,藝術創意產業學系,藝術創意產業學系,碩士,碩士在職專班,女,原住民族學生,育嬰,自請休學,0,1
112-2,藝術學院,藝術創意產業學系,藝術創意產業學系,碩士,碩士在職專班,女,一般生(非原住民族),傷病,自請休學,0,1
112-2,藝術學院,藝術創意產業學系,藝術創意產業學系,碩士,碩士在職專班,女,一般生(非原住民族),工作,自請休學,0,2
112-2,藝術學院,藝術創意產業學系,藝術創意產業學系,碩士,碩士在職專班,女,一般生(非原住民族),育嬰,自請休學,0,1
112-2,藝術學院,藝術創意產業學系,藝術創意產業學系,碩士,碩士在職專班,女,一般生(非原住民族),論文撰寫,自請休學,0,1
112-2,藝術學院,藝術創意產業學系,藝術創意產業學系,碩士,碩士在職專班,女,一般生(非原住民族),家務或家人照顧,自請休學,0,3
112-2,藝術學院,藝術創意產業學系,藝術創意產業學系,碩士,碩士班,男,原住民族學生,家務或家人照顧,自請休學,0,1
112-2,藝術學院,藝術創意產業學系,藝術創意產業學系,碩士,碩士班,男,一般生(非原住民族),論文撰寫,自請休學,0,1
112-2,藝術學院,藝術創意產業學系,藝術創意產業學系,碩士,碩士班,男,一般生(非原住民族),就學環境,自請休學,1,1
112-2,藝術學院,藝術創意產業學系,藝術創意產業學系,碩士,碩士班,女,一般生(非原住民族),傷病,自請休學,1,2
112-2,藝術學院,藝術創意產業學系,藝術創意產業學系,碩士,碩士班,女,一般生(非原住民族),工作,自請休學,1,3
112-2,藝術學院,藝術創意產業學系,藝術創意產業學系,碩士,碩士班,女,一般生(非原住民族),論文撰寫,自請休學,4,5
112-2,藝術學院,藝術創意產業學系,藝術創意產業學系,碩士,碩士班,女,一般生(非原住民族),家務或家人照顧,自請休學,0,1
112-2,藝術學院,藝術創意產業學系,藝術創意產業學系,碩士,碩士班,女,一般生(非原住民族),其他,自請休學,1,1
112-2,藝術學院,藝術創意產業學系,藝術創意產業學系,碩士,碩士班,女,其他類學生,家務或家人照顧,自請休學,0,1
112-2,人文社會科學學院,法律學系,法律學士學位學程原住民專班,學士,學士班,女,原住民族學生,家務或家人照顧,自請休學,1,1
112-2,管理學院,國際企業學系,國際企業學系經營管理碩士在職專班,碩士,碩士在職專班,男,原住民族學生,育嬰,自請休學,0,1
112-2,管理學院,國際企業學系,國際企業學系經營管理碩士在職專班,碩士,碩士在職專班,男,一般生(非原住民族),工作,自請休學,0,2
112-2,管理學院,國際企業學系,國際企業學系經營管理碩士在職專班,碩士,碩士在職專班,男,一般生(非原住民族),育嬰,自請休學,0,3
112-2,管理學院,國際企業學系,國際企業學系經營管理碩士在職專班,碩士,碩士在職專班,男,一般生(非原住民族),家務或家人照顧,自請休學,0,2
112-2,管理學院,國際企業學系,國際企業學系經營管理碩士在職專班,碩士,碩士在職專班,男,一般生(非原住民族),其他,自請休學,1,1
112-2,管理學院,國際企業學系,國際企業學系經營管理碩士在職專班,碩士,碩士在職專班,女,一般生(非原住民族),懷孕,自請休學,0,1
112-2,管理學院,資訊管理學系,資訊管理學系,碩士,碩士班,男,一般生(非原住民族),就讀學校科系不符期待,自請休學,0,1
112-2,管理學院,資訊管理學系,資訊管理學系,碩士,碩士班,女,一般生(非原住民族),其他,自請休學,1,1
112-2,管理學院,會計學系,會計學系,碩士,碩士班,男,一般生(非原住民族),就讀學校科系不符期待,自請休學,0,1
112-2,管理學院,會計學系,會計學系,碩士,碩士班,男,一般生(非原住民族),家務或家人照顧,自請休學,0,1
112-2,管理學院,會計學系,會計學系,碩士,碩士班,女,一般生(非原住民族),工作,自請休學,1,3
112-2,原住民民族學院,原住民族樂舞與藝術學士學位學程,原住民族樂舞與藝術學士學位學程,學士,學士班,男,原住民族學生,經濟困難,自請休學,1,1
112-2,原住民民族學院,原住民族樂舞與藝術學士學位學程,原住民族樂舞與藝術學士學位學程,學士,學士班,女,原住民族學生,就讀學校科系不符期待,自請休學,0,1
112-2,原住民民族學院,原住民族樂舞與藝術學士學位學程,原住民族樂舞與藝術學士學位學程,學士,學士班,女,原住民族學生,工作,自請休學,1,1
112-2,原住民民族學院,原住民族樂舞與藝術學士學位學程,原住民族樂舞與藝術學士學位學程,學士,學士班,女,原住民族學生,懷孕,自請休學,0,1
112-2,原住民民族學院,原住民族樂舞與藝術學士學位學程,原住民族樂舞與藝術學士學位學程,學士,學士班,女,原住民族學生,家務或家人照顧,自請休學,0,1
112-2,人文社會科學學院,法律學系,法律學系,學士,學士班,男,一般生(非原住民族),傷病,自請休學,0,1
112-2,人文社會科學學院,法律學系,法律學系,學士,學士班,男,一般生(非原住民族),就讀學校科系不符期待,自請休學,1,2
112-2,人文社會科學學院,法律學系,法律學系,學士,學士班,女,一般生(非原住民族),經濟困難,自請休學,0,1
112-2,人文社會科學學院,法律學系,法律學系,學士,學士班,女,一般生(非原住民族),就讀學校科系不符期待,自請休學,0,1
112-2,人文社會科學學院,人文社會科學學院華語文教學國際博士班,人文社會科學學院華語文教學國際博士班,博士,博士班,男,其他類學生,論文撰寫,自請休學,1,1
112-2,人文社會科學學院,人文社會科學學院華語文教學國際博士班,人文社會科學學院華語文教學國際博士班,博士,博士班,女,其他類學生,工作,自請休學,1,1
112-2,花師教育學院,幼兒教育學系,幼兒教育學系學士後學位學程教保員專班,學士,學士班,女,原住民族學生,工作,自請休學,0,1
112-2,花師教育學院,幼兒教育學系,幼兒教育學系學士後學位學程教保員專班,學士,學士班,女,一般生(非原住民族),家務或家人照顧,自請休學,0,1
112-2,人文社會科學學院,法律學系,法律學系,碩士,碩士班,男,原住民族學生,考試訓練,自請休學,0,1
112-2,人文社會科學學院,法律學系,法律學系,碩士,碩士班,男,一般生(非原住民族),就讀學校科系不符期待,自請休學,0,1
112-2,人文社會科學學院,法律學系,法律學系,碩士,碩士班,男,一般生(非原住民族),工作,自請休學,2,7
112-2,人文社會科學學院,法律學系,法律學系,碩士,碩士班,男,一般生(非原住民族),兵役,自請休學,0,1
112-2,人文社會科學學院,法律學系,法律學系,碩士,碩士班,男,一般生(非原住民族),論文撰寫,自請休學,2,6
112-2,人文社會科學學院,法律學系,法律學系,碩士,碩士班,女,原住民族學生,工作,自請休學,1,1
112-2,人文社會科學學院,法律學系,法律學系,碩士,碩士班,女,原住民族學生,論文撰寫,自請休學,0,1
112-2,人文社會科學學院,法律學系,法律學系,碩士,碩士班,女,一般生(非原住民族),工作,自請休學,0,1
112-2,人文社會科學學院,法律學系,法律學系,碩士,碩士班,女,一般生(非原住民族),育嬰,自請休學,0,2
112-2,人文社會科學學院,法律學系,法律學系,碩士,碩士班,女,一般生(非原住民族),論文撰寫,自請休學,1,4
112-2,人文社會科學學院,法律學系,法律學系,碩士,碩士班,女,一般生(非原住民族),家務或家人照顧,自請休學,0,1
112-2,人文社會科學學院,人文社會科學學院華語文教學暨書法國際碩士班,人文社會科學學院華語文教學暨書法國際碩士班,碩士,碩士班,男,一般生(非原住民族),經濟困難,自請休學,1,1
112-2,洄瀾學院,縱谷跨域書院學士學位學程,縱谷跨域書院學士學位學程,學士,學士班,男,一般生(非原住民族),就讀學校科系不符期待,自請休學,0,1
112-2,洄瀾學院,縱谷跨域書院學士學位學程,縱谷跨域書院學士學位學程,學士,學士班,男,一般生(非原住民族),家務或家人照顧,自請休學,0,1
112-2,洄瀾學院,縱谷跨域書院學士學位學程,縱谷跨域書院學士學位學程,學士,學士班,女,一般生(非原住民族),傷病,自請休學,0,1
112-2,環境暨海洋學院,自然資源與環境學系,自然資源與環境學系,博士,博士班,男,一般生(非原住民族),傷病,自請休學,0,1
112-2,環境暨海洋學院,自然資源與環境學系,自然資源與環境學系,博士,博士班,男,一般生(非原住民族),工作,自請休學,0,1
112-2,環境暨海洋學院,自然資源與環境學系,自然資源與環境學系,博士,博士班,男,其他類學生,經濟困難,自請休學,0,1
112-2,環境暨海洋學院,自然資源與環境學系,自然資源與環境學系,博士,博士班,女,一般生(非原住民族),傷病,自請休學,0,1
112-2,環境暨海洋學院,自然資源與環境學系,自然資源與環境學系,博士,博士班,女,一般生(非原住民族),工作,自請休學,0,1
112-2,環境暨海洋學院,自然資源與環境學系,自然資源與環境學系,博士,博士班,女,一般生(非原住民族),論文撰寫,自請休學,0,1
112-2,環境暨海洋學院,自然資源與環境學系,自然資源與環境學系,博士,博士班,女,一般生(非原住民族),家務或家人照顧,自請休學,0,1
112-2,環境暨海洋學院,自然資源與環境學系,自然資源與環境學系,博士,博士班,女,其他類學生,工作,自請休學,1,1
112-2,環境暨海洋學院,自然資源與環境學系,自然資源與環境學系,碩士,碩士班,男,原住民族學生,傷病,自請休學,0,1
112-2,環境暨海洋學院,自然資源與環境學系,自然資源與環境學系,碩士,碩士班,男,原住民族學生,工作,自請休學,2,2
112-2,環境暨海洋學院,自然資源與環境學系,自然資源與環境學系,碩士,碩士班,男,一般生(非原住民族),經濟困難,自請休學,0,2
112-2,環境暨海洋學院,自然資源與環境學系,自然資源與環境學系,碩士,碩士班,男,一般生(非原住民族),就讀學校科系不符期待,自請休學,0,3
112-2,環境暨海洋學院,自然資源與環境學系,自然資源與環境學系,碩士,碩士班,男,一般生(非原住民族),工作,自請休學,1,1
112-2,環境暨海洋學院,自然資源與環境學系,自然資源與環境學系,碩士,碩士班,男,一般生(非原住民族),育嬰,自請休學,0,1
112-2,環境暨海洋學院,自然資源與環境學系,自然資源與環境學系,碩士,碩士班,男,一般生(非原住民族),論文撰寫,自請休學,1,2
112-2,環境暨海洋學院,自然資源與環境學系,自然資源與環境學系,碩士,碩士班,男,一般生(非原住民族),家務或家人照顧,自請休學,0,1
112-2,環境暨海洋學院,自然資源與環境學系,自然資源與環境學系,碩士,碩士班,男,其他類學生,論文撰寫,自請休學,1,1
112-2,環境暨海洋學院,自然資源與環境學系,自然資源與環境學系,碩士,碩士班,女,一般生(非原住民族),就讀學校科系不符期待,自請休學,0,2
112-2,環境暨海洋學院,自然資源與環境學系,自然資源與環境學系,碩士,碩士班,女,一般生(非原住民族),工作,自請休學,3,3
112-2,環境暨海洋學院,自然資源與環境學系,自然資源與環境學系,碩士,碩士班,女,一般生(非原住民族),育嬰,自請休學,0,1
112-2,環境暨海洋學院,自然資源與環境學系,自然資源與環境學系,碩士,碩士班,女,一般生(非原住民族),論文撰寫,自請休學,1,2
112-2,環境暨海洋學院,自然資源與環境學系,自然資源與環境學系,碩士,碩士班,女,一般生(非原住民族),家務或家人照顧,自請休學,0,1
112-2,環境暨海洋學院,自然資源與環境學系,自然資源與環境學系,學士,學士班,男,一般生(非原住民族),傷病,自請休學,0,1
112-2,環境暨海洋學院,自然資源與環境學系,自然資源與環境學系,學士,學士班,男,一般生(非原住民族),兵役,自請休學,1,1
112-2,環境暨海洋學院,自然資源與環境學系,自然資源與環境學系,學士,學士班,男,一般生(非原住民族),出國,自請休學,0,1
112-2,環境暨海洋學院,自然資源與環境學系,自然資源與環境學系,學士,學士班,男,一般生(非原住民族),考試訓練,自請休學,0,1
112-2,環境暨海洋學院,自然資源與環境學系,自然資源與環境學系,學士,學士班,男,一般生(非原住民族),其他,自請休學,1,2
112-2,環境暨海洋學院,自然資源與環境學系,自然資源與環境學系,學士,學士班,女,一般生(非原住民族),傷病,自請休學,1,1
112-2,環境暨海洋學院,自然資源與環境學系,自然資源與環境學系,學士,學士班,女,一般生(非原住民族),就讀學校科系不符期待,自請休學,2,2
112-2,環境暨海洋學院,自然資源與環境學系,自然資源與環境學系,學士,學士班,女,一般生(非原住民族),出國,自請休學,0,1
112-2,環境暨海洋學院,海洋生物研究所,海洋生物研究所,碩士,碩士班,男,一般生(非原住民族),就讀學校科系不符期待,自請休學,0,1
112-2,環境暨海洋學院,海洋生物研究所,海洋生物研究所,碩士,碩士班,女,一般生(非原住民族),就讀學校科系不符期待,自請休學,0,1
112-2,理工學院,資訊工程學系,資訊工程學系人工智慧與創新應用碩士班,碩士,碩士班,男,一般生(非原住民族),經濟困難,自請休學,1,1
112-2,管理學院,管理學院會計與資訊管理國際學士班,管理學院會計與資訊管理國際學士班,學士,學士班,男,一般生(非原住民族),就讀學校科系不符期待,自請休學,0,1
113-1,理工學院,應用數學系,應用數學系,學士,學士班,男,一般生(非原住民族),學業成績不佳,自請休學,1,2
113-1,理工學院,應用數學系,應用數學系,學士,學士班,男,一般生(非原住民族),就讀學校科系不符期待,自請休學,1,5
113-1,理工學院,應用數學系,應用數學系,學士,學士班,男,一般生(非原住民族),工作,自請休學,0,2
113-1,理工學院,應用數學系,應用數學系,學士,學士班,男,一般生(非原住民族),考試訓練,自請休學,2,2
113-1,理工學院,應用數學系,應用數學系,學士,學士班,男,其他類學生,經濟困難,自請休學,1,1
113-1,理工學院,應用數學系,應用數學系,學士,學士班,女,一般生(非原住民族),就讀學校科系不符期待,自請休學,2,2
113-1,理工學院,應用數學系,應用數學系,學士,學士班,女,一般生(非原住民族),家務或家人照顧,自請休學,1,1
113-1,理工學院,應用數學系,應用數學系,碩士,碩士班,男,一般生(非原住民族),就讀學校科系不符期待,自請休學,0,1
113-1,理工學院,應用數學系,應用數學系,碩士,碩士班,男,一般生(非原住民族),論文撰寫,自請休學,0,2
113-1,理工學院,資訊工程學系,資訊工程學系,學士,學士班,男,原住民族學生,兵役,自請休學,1,1
113-1,理工學院,資訊工程學系,資訊工程學系,學士,學士班,男,一般生(非原住民族),傷病,自請休學,0,1
113-1,理工學院,資訊工程學系,資訊工程學系,學士,學士班,男,一般生(非原住民族),學業成績不佳,自請休學,0,2
113-1,理工學院,資訊工程學系,資訊工程學系,學士,學士班,男,一般生(非原住民族),就讀學校科系不符期待,自請休學,1,4
113-1,理工學院,資訊工程學系,資訊工程學系,學士,學士班,男,一般生(非原住民族),工作,自請休學,2,4
113-1,理工學院,資訊工程學系,資訊工程學系,學士,學士班,男,一般生(非原住民族),兵役,自請休學,2,2
113-1,理工學院,資訊工程學系,資訊工程學系,學士,學士班,男,一般生(非原住民族),出國,自請休學,1,1
113-1,理工學院,資訊工程學系,資訊工程學系,學士,學士班,男,一般生(非原住民族),其他,自請休學,1,1
113-1,理工學院,資訊工程學系,資訊工程學系,學士,學士班,女,一般生(非原住民族),傷病,自請休學,1,1
113-1,理工學院,資訊工程學系,資訊工程學系,學士,學士班,女,一般生(非原住民族),經濟困難,自請休學,1,1
113-1,理工學院,資訊工程學系,資訊工程學系,學士,學士班,女,一般生(非原住民族),就讀學校科系不符期待,自請休學,3,4
113-1,理工學院,資訊工程學系,資訊工程學系,學士,學士班,女,一般生(非原住民族),家務或家人照顧,自請休學,0,1
113-1,理工學院,資訊工程學系,資訊工程學系,學士,學士班,女,其他類學生,經濟困難,自請休學,1,1
113-1,理工學院,資訊工程學系,資訊工程學系,博士,博士班,男,一般生(非原住民族),傷病,自請休學,1,1
113-1,理工學院,資訊工程學系,資訊工程學系,博士,博士班,男,一般生(非原住民族),論文撰寫,自請休學,1,2
113-1,理工學院,資訊工程學系,資訊工程學系,博士,博士班,男,一般生(非原住民族),家務或家人照顧,自請休學,1,1
113-1,理工學院,資訊工程學系,資訊工程學系,博士,博士班,男,其他類學生,經濟困難,自請休學,1,1
113-1,理工學院,資訊工程學系,資訊工程學系,碩士,碩士班,男,原住民族學生,論文撰寫,自請休學,0,1
113-1,理工學院,資訊工程學系,資訊工程學系,碩士,碩士班,男,一般生(非原住民族),經濟困難,自請休學,1,3
113-1,理工學院,資訊工程學系,資訊工程學系,碩士,碩士班,男,一般生(非原住民族),就讀學校科系不符期待,自請休學,0,1
113-1,理工學院,資訊工程學系,資訊工程學系,碩士,碩士班,男,一般生(非原住民族),工作,自請休學,0,3
113-1,理工學院,資訊工程學系,資訊工程學系,碩士,碩士班,男,一般生(非原住民族),論文撰寫,自請休學,1,4
113-1,理工學院,資訊工程學系,資訊工程學系,碩士,碩士班,男,一般生(非原住民族),家務或家人照顧,自請休學,1,1
113-1,理工學院,資訊工程學系,資訊工程學系,碩士,碩士班,男,其他類學生,經濟困難,自請休學,1,2
113-1,理工學院,資訊工程學系,資訊工程學系,碩士,碩士班,女,一般生(非原住民族),經濟困難,自請休學,1,1
113-1,理工學院,資訊工程學系,資訊工程學系,碩士,碩士班,女,一般生(非原住民族),工作,自請休學,2,2
113-1,理工學院,資訊工程學系,資訊工程學系,碩士,碩士班,女,一般生(非原住民族),論文撰寫,自請休學,2,3
113-1,理工學院,資訊工程學系,資訊工程學系,碩士,碩士班,女,一般生(非原住民族),家務或家人照顧,自請休學,0,1
113-1,理工學院,資訊工程學系,資訊工程學系,碩士,碩士班,女,其他類學生,論文撰寫,自請休學,0,1
113-1,理工學院,資訊工程學系,資訊工程學系,碩士,碩士在職專班,男,原住民族學生,工作,自請休學,1,1
113-1,理工學院,資訊工程學系,資訊工程學系,碩士,碩士在職專班,男,一般生(非原住民族),工作,自請休學,0,4
113-1,理工學院,資訊工程學系,資訊工程學系,碩士,碩士在職專班,女,一般生(非原住民族),工作,自請休學,0,1
113-1,理工學院,物理學系,物理學系,學士,學士班,男,一般生(非原住民族),學業成績不佳,自請休學,1,2
113-1,理工學院,物理學系,物理學系,學士,學士班,男,一般生(非原住民族),就讀學校科系不符期待,自請休學,3,4
113-1,理工學院,物理學系,物理學系,學士,學士班,男,一般生(非原住民族),工作,自請休學,0,2
113-1,理工學院,物理學系,物理學系,學士,學士班,男,一般生(非原住民族),就學環境,自請休學,1,1
113-1,理工學院,物理學系,物理學系,學士,學士班,女,一般生(非原住民族),就讀學校科系不符期待,自請休學,2,2
113-1,理工學院,物理學系,物理學系,學士,學士班,女,一般生(非原住民族),其他,自請休學,1,1
113-1,理工學院,化學系,化學系,學士,學士班,男,一般生(非原住民族),學業成績不佳,自請休學,1,2
113-1,理工學院,化學系,化學系,學士,學士班,男,一般生(非原住民族),就讀學校科系不符期待,自請休學,1,1
113-1,理工學院,化學系,化學系,學士,學士班,男,一般生(非原住民族),工作,自請休學,0,1
113-1,理工學院,化學系,化學系,學士,學士班,男,一般生(非原住民族),出國,自請休學,1,1
113-1,理工學院,化學系,化學系,學士,學士班,男,一般生(非原住民族),考試訓練,自請休學,0,2
113-1,理工學院,化學系,化學系,學士,學士班,男,一般生(非原住民族),其他,自請休學,1,1
113-1,理工學院,化學系,化學系,學士,學士班,女,一般生(非原住民族),傷病,自請休學,1,1
113-1,理工學院,化學系,化學系,學士,學士班,女,一般生(非原住民族),學業成績不佳,自請休學,1,1
113-1,理工學院,化學系,化學系,學士,學士班,女,一般生(非原住民族),其他,自請休學,1,1
113-1,理工學院,化學系,化學系,碩士,碩士班,男,一般生(非原住民族),學業成績不佳,自請休學,0,1
113-1,理工學院,化學系,化學系,碩士,碩士班,男,一般生(非原住民族),論文撰寫,自請休學,0,1
113-1,理工學院,化學系,化學系,碩士,碩士班,女,一般生(非原住民族),就讀學校科系不符期待,自請休學,1,1
113-1,理工學院,電機工程學系,電機工程學系,學士,學士班,男,一般生(非原住民族),傷病,自請休學,1,1
113-1,理工學院,電機工程學系,電機工程學系,學士,學士班,男,一般生(非原住民族),經濟困難,自請休學,0,2
113-1,理工學院,電機工程學系,電機工程學系,學士,學士班,男,一般生(非原住民族),學業成績不佳,自請休學,1,1
113-1,理工學院,電機工程學系,電機工程學系,學士,學士班,男,一般生(非原住民族),就讀學校科系不符期待,自請休學,5,6
113-1,理工學院,電機工程學系,電機工程學系,學士,學士班,男,一般生(非原住民族),工作,自請休學,0,1
113-1,理工學院,電機工程學系,電機工程學系,學士,學士班,男,一般生(非原住民族),出國,自請休學,1,2
113-1,理工學院,電機工程學系,電機工程學系,學士,學士班,男,一般生(非原住民族),家務或家人照顧,自請休學,2,2
113-1,理工學院,電機工程學系,電機工程學系,學士,學士班,男,一般生(非原住民族),考試訓練,自請休學,0,1
113-1,理工學院,電機工程學系,電機工程學系,學士,學士班,男,一般生(非原住民族),其他,自請休學,1,1
113-1,理工學院,電機工程學系,電機工程學系,學士,學士班,女,一般生(非原住民族),傷病,自請休學,0,3
113-1,理工學院,電機工程學系,電機工程學系,學士,學士班,女,一般生(非原住民族),就讀學校科系不符期待,自請休學,0,1
113-1,理工學院,電機工程學系,電機工程學系,博士,博士班,男,一般生(非原住民族),工作,自請休學,3,3
113-1,理工學院,電機工程學系,電機工程學系,博士,博士班,男,一般生(非原住民族),兵役,自請休學,0,1
113-1,理工學院,電機工程學系,電機工程學系,博士,博士班,女,一般生(非原住民族),論文撰寫,自請休學,0,1
113-1,理工學院,電機工程學系,電機工程學系,碩士,碩士班,男,一般生(非原住民族),就讀學校科系不符期待,自請休學,1,1
113-1,理工學院,電機工程學系,電機工程學系,碩士,碩士班,男,一般生(非原住民族),工作,自請休學,1,1
113-1,理工學院,電機工程學系,電機工程學系,碩士,碩士班,男,一般生(非原住民族),考試訓練,自請休學,1,1
113-1,理工學院,電機工程學系,電機工程學系,碩士,碩士班,女,一般生(非原住民族),傷病,自請休學,1,1
113-1,理工學院,電機工程學系,電機工程學系,碩士,碩士班,女,一般生(非原住民族),工作,自請休學,0,1
113-1,理工學院,電機工程學系,電機工程學系,碩士,碩士班,女,一般生(非原住民族),考試訓練,自請休學,1,1
113-1,理工學院,材料科學與工程學系,材料科學與工程學系,學士,學士班,男,原住民族學生,考試訓練,自請休學,1,1
113-1,理工學院,材料科學與工程學系,材料科學與工程學系,學士,學士班,男,一般生(非原住民族),學業成績不佳,自請休學,1,1
113-1,理工學院,材料科學與工程學系,材料科學與工程學系,學士,學士班,男,一般生(非原住民族),就讀學校科系不符期待,自請休學,1,3
113-1,理工學院,材料科學與工程學系,材料科學與工程學系,學士,學士班,男,一般生(非原住民族),兵役,自請休學,1,1
113-1,理工學院,材料科學與工程學系,材料科學與工程學系,學士,學士班,男,一般生(非原住民族),家務或家人照顧,自請休學,0,1
113-1,理工學院,材料科學與工程學系,材料科學與工程學系,學士,學士班,男,一般生(非原住民族),考試訓練,自請休學,1,1
113-1,理工學院,材料科學與工程學系,材料科學與工程學系,學士,學士班,女,一般生(非原住民族),傷病,自請休學,0,1
113-1,理工學院,材料科學與工程學系,材料科學與工程學系,學士,學士班,女,一般生(非原住民族),家務或家人照顧,自請休學,0,1
113-1,理工學院,材料科學與工程學系,材料科學與工程學系,博士,博士班,男,一般生(非原住民族),工作,自請休學,0,1
113-1,理工學院,材料科學與工程學系,材料科學與工程學系,碩士,碩士班,男,一般生(非原住民族),就讀學校科系不符期待,自請休學,0,1
113-1,管理學院,資訊管理學系,資訊管理碩士學位學程,碩士,碩士班,男,一般生(非原住民族),論文撰寫,自請休學,0,1
113-1,管理學院,企業管理學系,企業管理學系,學士,學士班,男,原住民族學生,傷病,自請休學,1,1
113-1,管理學院,企業管理學系,企業管理學系,學士,學士班,男,一般生(非原住民族),傷病,自請休學,0,1
113-1,管理學院,企業管理學系,企業管理學系,學士,學士班,男,一般生(非原住民族),就讀學校科系不符期待,自請休學,1,3
113-1,管理學院,企業管理學系,企業管理學系,學士,學士班,男,一般生(非原住民族),工作,自請休學,1,1
113-1,管理學院,企業管理學系,企業管理學系,學士,學士班,男,一般生(非原住民族),兵役,自請休學,1,1
113-1,管理學院,企業管理學系,企業管理學系,學士,學士班,女,一般生(非原住民族),傷病,自請休學,0,1
113-1,管理學院,企業管理學系,企業管理學系,學士,學士班,女,一般生(非原住民族),就讀學校科系不符期待,自請休學,0,1
113-1,管理學院,企業管理學系,企業管理學系,學士,學士班,女,一般生(非原住民族),其他,自請休學,1,1
113-1,管理學院,企業管理學系,企業管理學系,博士,博士班,男,原住民族學生,家務或家人照顧,自請休學,0,1
113-1,管理學院,企業管理學系,企業管理學系,博士,博士班,男,原住民族學生,其他,自請休學,0,1
113-1,管理學院,企業管理學系,企業管理學系,博士,博士班,男,一般生(非原住民族),傷病,自請休學,1,3
113-1,管理學院,企業管理學系,企業管理學系,博士,博士班,男,一般生(非原住民族),工作,自請休學,0,2
113-1,管理學院,企業管理學系,企業管理學系,博士,博士班,男,一般生(非原住民族),論文撰寫,自請休學,0,1
113-1,管理學院,企業管理學系,企業管理學系,博士,博士班,男,一般生(非原住民族),家務或家人照顧,自請休學,1,2
113-1,管理學院,企業管理學系,企業管理學系,博士,博士班,男,其他類學生,工作,自請休學,0,1
113-1,管理學院,企業管理學系,企業管理學系,博士,博士班,男,其他類學生,育嬰,自請休學,0,2
113-1,管理學院,企業管理學系,企業管理學系,博士,博士班,女,原住民族學生,就讀學校科系不符期待,自請休學,0,1
113-1,管理學院,企業管理學系,企業管理學系,博士,博士班,女,一般生(非原住民族),工作,自請休學,1,2
113-1,管理學院,企業管理學系,企業管理學系,博士,博士班,女,一般生(非原住民族),育嬰,自請休學,0,1
113-1,管理學院,企業管理學系,企業管理學系,博士,博士班,女,一般生(非原住民族),論文撰寫,自請休學,1,1
113-1,管理學院,企業管理學系,企業管理學系,博士,博士班,女,一般生(非原住民族),家務或家人照顧,自請休學,0,2
113-1,管理學院,企業管理學系,企業管理學系,博士,博士班,女,其他類學生,工作,自請休學,0,1
113-1,管理學院,企業管理學系,企業管理學系,博士,博士班,女,其他類學生,懷孕,自請休學,1,1
113-1,管理學院,企業管理學系,企業管理學系,碩士,碩士班,男,一般生(非原住民族),工作,自請休學,0,1
113-1,管理學院,企業管理學系,企業管理學系,碩士,碩士班,男,一般生(非原住民族),育嬰,自請休學,0,1
113-1,管理學院,企業管理學系,企業管理學系,碩士,碩士班,男,一般生(非原住民族),論文撰寫,自請休學,0,1
113-1,管理學院,企業管理學系,企業管理學系,碩士,碩士班,男,一般生(非原住民族),考試訓練,自請休學,1,1
113-1,管理學院,企業管理學系,企業管理學系,碩士,碩士班,男,其他類學生,工作,自請休學,0,1
113-1,管理學院,企業管理學系,企業管理學系,碩士,碩士班,女,原住民族學生,育嬰,自請休學,0,1
113-1,管理學院,企業管理學系,企業管理學系,碩士,碩士班,女,一般生(非原住民族),出國,自請休學,0,1
113-1,管理學院,企業管理學系,企業管理學系,碩士,碩士班,女,一般生(非原住民族),家務或家人照顧,自請休學,1,1
113-1,管理學院,企業管理學系,企業管理學系,碩士,碩士班,女,其他類學生,就讀學校科系不符期待,自請休學,0,1
113-1,管理學院,企業管理學系,企業管理學系,碩士,碩士班,女,其他類學生,工作,自請休學,0,1
113-1,管理學院,企業管理學系,企業管理學系,碩士,碩士在職專班,男,原住民族學生,工作,自請休學,0,1
113-1,管理學院,企業管理學系,企業管理學系,碩士,碩士在職專班,男,一般生(非原住民族),工作,自請休學,5,7
113-1,管理學院,企業管理學系,企業管理學系,碩士,碩士在職專班,男,一般生(非原住民族),育嬰,自請休學,0,1
113-1,管理學院,企業管理學系,企業管理學系,碩士,碩士在職專班,男,一般生(非原住民族),論文撰寫,自請休學,0,1
113-1,管理學院,企業管理學系,企業管理學系,碩士,碩士在職專班,男,一般生(非原住民族),家務或家人照顧,自請休學,0,1
113-1,管理學院,企業管理學系,企業管理學系,碩士,碩士在職專班,女,原住民族學生,論文撰寫,自請休學,1,1
113-1,管理學院,企業管理學系,企業管理學系,碩士,碩士在職專班,女,一般生(非原住民族),傷病,自請休學,0,1
113-1,管理學院,企業管理學系,企業管理學系,碩士,碩士在職專班,女,一般生(非原住民族),工作,自請休學,1,2
113-1,管理學院,企業管理學系,企業管理學系,碩士,碩士在職專班,女,一般生(非原住民族),育嬰,自請休學,0,1
113-1,管理學院,企業管理學系,企業管理學系,碩士,碩士在職專班,女,一般生(非原住民族),家務或家人照顧,自請休學,1,2
113-1,管理學院,會計學系,會計學系,學士,學士班,男,一般生(非原住民族),學業成績不佳,自請休學,0,1
113-1,管理學院,會計學系,會計學系,學士,學士班,男,一般生(非原住民族),就讀學校科系不符期待,自請休學,2,2
113-1,管理學院,會計學系,會計學系,學士,學士班,男,一般生(非原住民族),就學環境,自請休學,0,1
113-1,管理學院,會計學系,會計學系,學士,學士班,男,一般生(非原住民族),考試訓練,自請休學,1,1
113-1,管理學院,會計學系,會計學系,學士,學士班,女,原住民族學生,經濟困難,自請休學,0,1
113-1,管理學院,會計學系,會計學系,學士,學士班,女,一般生(非原住民族),經濟困難,自請休學,1,1
113-1,管理學院,會計學系,會計學系,學士,學士班,女,一般生(非原住民族),學業成績不佳,自請休學,1,1
113-1,管理學院,資訊管理學系,資訊管理學系,學士,學士班,男,一般生(非原住民族),就讀學校科系不符期待,自請休學,0,1
113-1,管理學院,資訊管理學系,資訊管理學系,學士,學士班,女,一般生(非原住民族),學業成績不佳,自請休學,0,1
113-1,管理學院,資訊管理學系,資訊管理學系,學士,學士班,女,一般生(非原住民族),就讀學校科系不符期待,自請休學,0,1
113-1,管理學院,資訊管理學系,資訊管理學系,學士,學士班,女,一般生(非原住民族),就學環境,自請休學,1,1
113-1,管理學院,資訊管理學系,資訊管理學系,學士,學士班,女,一般生(非原住民族),家務或家人照顧,自請休學,1,1
113-1,管理學院,國際企業學系,國際企業學系,學士,學士班,男,一般生(非原住民族),考試訓練,自請休學,1,1
113-1,管理學院,國際企業學系,國際企業學系,學士,學士班,女,一般生(非原住民族),就讀學校科系不符期待,自請休學,0,2
113-1,管理學院,國際企業學系,國際企業學系,學士,學士班,女,一般生(非原住民族),工作,自請休學,0,1
113-1,管理學院,國際企業學系,國際企業學系,碩士,碩士班,男,一般生(非原住民族),工作,自請休學,0,1
113-1,管理學院,國際企業學系,國際企業學系,碩士,碩士班,男,一般生(非原住民族),出國,自請休學,1,1
113-1,管理學院,國際企業學系,國際企業學系,碩士,碩士班,女,一般生(非原住民族),工作,自請休學,1,2
113-1,管理學院,國際企業學系,國際企業學系,碩士,碩士班,女,一般生(非原住民族),出國,自請休學,0,1
113-1,管理學院,國際企業學系,國際企業學系,碩士,碩士班,女,其他類學生,家務或家人照顧,自請休學,0,1
113-1,管理學院,國際企業學系,國際企業學系,碩士,碩士班,女,其他類學生,其他,自請休學,0,1
113-1,管理學院,國際企業學系,國際企業學系,碩士,碩士在職專班,男,一般生(非原住民族),工作,自請休學,0,3
113-1,管理學院,國際企業學系,國際企業學系,碩士,碩士在職專班,女,一般生(非原住民族),工作,自請休學,0,1
113-1,管理學院,國際企業學系,國際企業學系,碩士,碩士在職專班,女,一般生(非原住民族),家務或家人照顧,自請休學,0,1
113-1,管理學院,財務金融學系,財務金融學系,學士,學士班,男,一般生(非原住民族),學業成績不佳,自請休學,0,1
113-1,管理學院,財務金融學系,財務金融學系,學士,學士班,男,一般生(非原住民族),工作,自請休學,0,1
113-1,管理學院,財務金融學系,財務金融學系,學士,學士班,女,一般生(非原住民族),家務或家人照顧,自請休學,0,1
113-1,管理學院,財務金融學系,財務金融學系,學士,學士班,女,一般生(非原住民族),其他,自請休學,1,1
113-1,管理學院,運籌管理研究所,運籌管理研究所,碩士,碩士班,男,其他類學生,論文撰寫,自請休學,1,1
113-1,管理學院,運籌管理研究所,運籌管理研究所,碩士,碩士班,女,一般生(非原住民族),考試訓練,自請休學,1,1
113-1,管理學院,管理學院高階經營管理碩士在職專班,管理學院高階經營管理碩士在職專班,碩士,碩士在職專班,男,一般生(非原住民族),傷病,自請休學,0,1
113-1,管理學院,管理學院高階經營管理碩士在職專班,管理學院高階經營管理碩士在職專班,碩士,碩士在職專班,男,一般生(非原住民族),就讀學校科系不符期待,自請休學,0,1
113-1,管理學院,管理學院高階經營管理碩士在職專班,管理學院高階經營管理碩士在職專班,碩士,碩士在職專班,男,一般生(非原住民族),工作,自請休學,1,4
113-1,管理學院,管理學院高階經營管理碩士在職專班,管理學院高階經營管理碩士在職專班,碩士,碩士在職專班,男,一般生(非原住民族),出國,自請休學,1,1
113-1,管理學院,管理學院高階經營管理碩士在職專班,管理學院高階經營管理碩士在職專班,碩士,碩士在職專班,男,一般生(非原住民族),家務或家人照顧,自請休學,0,1
113-1,管理學院,管理學院高階經營管理碩士在職專班,管理學院高階經營管理碩士在職專班,碩士,碩士在職專班,女,原住民族學生,工作,自請休學,1,1
113-1,管理學院,管理學院高階經營管理碩士在職專班,管理學院高階經營管理碩士在職專班,碩士,碩士在職專班,女,一般生(非原住民族),工作,自請休學,2,3
113-1,管理學院,管理學院高階經營管理碩士在職專班,管理學院高階經營管理碩士在職專班,碩士,碩士在職專班,女,一般生(非原住民族),家務或家人照顧,自請休學,1,1
113-1,人文社會科學學院,華文文學系,華文文學系,學士,學士班,男,一般生(非原住民族),經濟困難,自請休學,0,1
113-1,人文社會科學學院,華文文學系,華文文學系,學士,學士班,男,一般生(非原住民族),就讀學校科系不符期待,自請休學,1,2
113-1,人文社會科學學院,華文文學系,華文文學系,學士,學士班,男,一般生(非原住民族),出國,自請休學,2,2
113-1,人文社會科學學院,華文文學系,華文文學系,學士,學士班,女,原住民族學生,就讀學校科系不符期待,自請休學,1,1
113-1,人文社會科學學院,華文文學系,華文文學系,學士,學士班,女,一般生(非原住民族),學業成績不佳,自請休學,1,1
113-1,人文社會科學學院,華文文學系,華文文學系,學士,學士班,女,一般生(非原住民族),就讀學校科系不符期待,自請休學,1,2
113-1,人文社會科學學院,華文文學系,華文文學系,學士,學士班,女,一般生(非原住民族),工作,自請休學,1,3
113-1,人文社會科學學院,華文文學系,華文文學系,學士,學士班,女,一般生(非原住民族),就學環境,自請休學,1,1
113-1,人文社會科學學院,華文文學系,華文文學系,碩士,碩士班,男,一般生(非原住民族),工作,自請休學,1,4
113-1,人文社會科學學院,華文文學系,華文文學系,碩士,碩士班,男,一般生(非原住民族),論文撰寫,自請休學,2,3
113-1,人文社會科學學院,華文文學系,華文文學系,碩士,碩士班,男,一般生(非原住民族),家務或家人照顧,自請休學,0,1
113-1,人文社會科學學院,華文文學系,華文文學系,碩士,碩士班,男,其他類學生,論文撰寫,自請休學,0,1
113-1,人文社會科學學院,華文文學系,華文文學系,碩士,碩士班,女,一般生(非原住民族),工作,自請休學,1,6
113-1,人文社會科學學院,華文文學系,華文文學系,碩士,碩士班,女,一般生(非原住民族),論文撰寫,自請休學,3,5
113-1,人文社會科學學院,華文文學系,華文文學系,碩士,碩士班,女,一般生(非原住民族),家務或家人照顧,自請休學,0,1
113-1,人文社會科學學院,華文文學系,華文文學系,碩士,碩士班,女,其他類學生,出國,自請休學,0,1
113-1,人文社會科學學院,華文文學系,華文文學系,碩士,碩士班,女,其他類學生,其他,自請休學,0,1
113-1,人文社會科學學院,英美語文學系,英美語文學系,學士,學士班,男,原住民族學生,就讀學校科系不符期待,自請休學,2,2
113-1,人文社會科學學院,英美語文學系,英美語文學系,學士,學士班,男,一般生(非原住民族),就讀學校科系不符期待,自請休學,2,3
113-1,人文社會科學學院,英美語文學系,英美語文學系,學士,學士班,男,一般生(非原住民族),出國,自請休學,1,2
113-1,人文社會科學學院,英美語文學系,英美語文學系,學士,學士班,女,一般生(非原住民族),傷病,自請休學,2,4
113-1,人文社會科學學院,英美語文學系,英美語文學系,學士,學士班,女,一般生(非原住民族),出國,自請休學,1,1
113-1,人文社會科學學院,英美語文學系,英美語文學系,學士,學士班,女,一般生(非原住民族),考試訓練,自請休學,1,1
113-1,人文社會科學學院,英美語文學系,英美語文學系,碩士,碩士班,男,一般生(非原住民族),工作,自請休學,1,3
113-1,人文社會科學學院,英美語文學系,英美語文學系,碩士,碩士班,男,一般生(非原住民族),其他,自請休學,1,1
113-1,人文社會科學學院,英美語文學系,英美語文學系,碩士,碩士班,女,原住民族學生,懷孕,自請休學,0,1
113-1,人文社會科學學院,英美語文學系,英美語文學系,碩士,碩士班,女,原住民族學生,其他,自請休學,1,1
113-1,人文社會科學學院,英美語文學系,英美語文學系,碩士,碩士班,女,一般生(非原住民族),傷病,自請休學,1,1
113-1,人文社會科學學院,英美語文學系,英美語文學系,碩士,碩士班,女,一般生(非原住民族),工作,自請休學,1,5
113-1,人文社會科學學院,英美語文學系,英美語文學系,碩士,碩士班,女,一般生(非原住民族),育嬰,自請休學,0,1
113-1,人文社會科學學院,英美語文學系,英美語文學系,碩士,碩士班,女,一般生(非原住民族),出國,自請休學,1,1
113-1,人文社會科學學院,英美語文學系,英美語文學系,碩士,碩士班,女,一般生(非原住民族),論文撰寫,自請休學,0,4
113-1,人文社會科學學院,英美語文學系,英美語文學系,碩士,碩士班,女,一般生(非原住民族),考試訓練,自請休學,1,1
113-1,人文社會科學學院,英美語文學系,英美語文學系,碩士,碩士班,女,一般生(非原住民族),其他,自請休學,3,3
113-1,人文社會科學學院,經濟學系,經濟學系,學士,學士班,男,一般生(非原住民族),學業成績不佳,自請休學,1,1
113-1,人文社會科學學院,經濟學系,經濟學系,學士,學士班,男,一般生(非原住民族),就讀學校科系不符期待,自請休學,3,8
113-1,人文社會科學學院,經濟學系,經濟學系,學士,學士班,男,一般生(非原住民族),出國,自請休學,1,1
113-1,人文社會科學學院,經濟學系,經濟學系,學士,學士班,男,一般生(非原住民族),其他,自請休學,0,1
113-1,人文社會科學學院,經濟學系,經濟學系,博士,博士班,男,一般生(非原住民族),工作,自請休學,2,2
113-1,人文社會科學學院,經濟學系,經濟學系,博士,博士班,女,其他類學生,育嬰,自請休學,1,1
113-1,人文社會科學學院,經濟學系,經濟學系,碩士,碩士班,男,一般生(非原住民族),工作,自請休學,0,1
113-1,人文社會科學學院,經濟學系,經濟學系,碩士,碩士班,女,原住民族學生,就學環境,自請休學,1,1
113-1,人文社會科學學院,經濟學系,經濟學系,碩士,碩士班,女,一般生(非原住民族),工作,自請休學,0,1
113-1,人文社會科學學院,歷史學系,歷史學系,學士,學士班,男,一般生(非原住民族),就讀學校科系不符期待,自請休學,2,5
113-1,人文社會科學學院,歷史學系,歷史學系,學士,學士班,男,一般生(非原住民族),出國,自請休學,1,1
113-1,人文社會科學學院,歷史學系,歷史學系,學士,學士班,女,一般生(非原住民族),學業成績不佳,自請休學,1,1
113-1,人文社會科學學院,歷史學系,歷史學系,學士,學士班,女,一般生(非原住民族),就讀學校科系不符期待,自請休學,2,3
113-1,人文社會科學學院,歷史學系,歷史學系,學士,學士班,女,其他類學生,傷病,自請休學,1,1
113-1,人文社會科學學院,歷史學系,歷史學系,碩士,碩士班,男,一般生(非原住民族),論文撰寫,自請休學,0,2
113-1,人文社會科學學院,歷史學系,歷史學系,碩士,碩士班,男,一般生(非原住民族),其他,自請休學,1,1
113-1,人文社會科學學院,歷史學系,歷史學系,碩士,碩士班,女,一般生(非原住民族),工作,自請休學,0,1
113-1,人文社會科學學院,歷史學系,歷史學系,碩士,碩士班,女,一般生(非原住民族),家務或家人照顧,自請休學,1,1
113-1,人文社會科學學院,諮商與臨床心理學系,諮商與臨床心理學系,學士,學士班,男,一般生(非原住民族),工作,自請休學,1,1
113-1,人文社會科學學院,諮商與臨床心理學系,諮商與臨床心理學系,學士,學士班,男,其他類學生,工作,自請休學,1,1
113-1,人文社會科學學院,諮商與臨床心理學系,諮商與臨床心理學系,學士,學士班,女,一般生(非原住民族),傷病,自請休學,2,4
113-1,人文社會科學學院,諮商與臨床心理學系,諮商與臨床心理學系,學士,學士班,女,一般生(非原住民族),就讀學校科系不符期待,自請休學,2,2
113-1,人文社會科學學院,諮商與臨床心理學系,諮商與臨床心理學系,學士,學士班,女,一般生(非原住民族),出國,自請休學,1,1
113-1,人文社會科學學院,諮商與臨床心理學系,諮商與臨床心理學系,學士,學士班,女,其他類學生,工作,自請休學,1,1
113-1,人文社會科學學院,諮商與臨床心理學系,諮商與臨床心理學系,碩士,碩士班,男,一般生(非原住民族),傷病,自請休學,0,2
113-1,人文社會科學學院,諮商與臨床心理學系,諮商與臨床心理學系,碩士,碩士班,男,一般生(非原住民族),工作,自請休學,1,4
113-1,人文社會科學學院,諮商與臨床心理學系,諮商與臨床心理學系,碩士,碩士班,男,一般生(非原住民族),論文撰寫,自請休學,0,5
113-1,人文社會科學學院,諮商與臨床心理學系,諮商與臨床心理學系,碩士,碩士班,男,其他類學生,論文撰寫,自請休學,1,2
113-1,人文社會科學學院,諮商與臨床心理學系,諮商與臨床心理學系,碩士,碩士班,女,原住民族學生,工作,自請休學,0,2
113-1,人文社會科學學院,諮商與臨床心理學系,諮商與臨床心理學系,碩士,碩士班,女,原住民族學生,家務或家人照顧,自請休學,1,1
113-1,人文社會科學學院,諮商與臨床心理學系,諮商與臨床心理學系,碩士,碩士班,女,一般生(非原住民族),傷病,自請休學,0,1
113-1,人文社會科學學院,諮商與臨床心理學系,諮商與臨床心理學系,碩士,碩士班,女,一般生(非原住民族),經濟困難,自請休學,2,2
113-1,人文社會科學學院,諮商與臨床心理學系,諮商與臨床心理學系,碩士,碩士班,女,一般生(非原住民族),就讀學校科系不符期待,自請休學,0,1
113-1,人文社會科學學院,諮商與臨床心理學系,諮商與臨床心理學系,碩士,碩士班,女,一般生(非原住民族),工作,自請休學,3,5
113-1,人文社會科學學院,諮商與臨床心理學系,諮商與臨床心理學系,碩士,碩士班,女,一般生(非原住民族),出國,自請休學,1,1
113-1,人文社會科學學院,諮商與臨床心理學系,諮商與臨床心理學系,碩士,碩士班,女,一般生(非原住民族),論文撰寫,自請休學,4,8
113-1,人文社會科學學院,諮商與臨床心理學系,諮商與臨床心理學系,碩士,碩士班,女,一般生(非原住民族),其他,自請休學,1,1
113-1,人文社會科學學院,諮商與臨床心理學系,諮商與臨床心理學系,碩士,碩士班,女,其他類學生,論文撰寫,自請休學,1,3
113-1,原住民民族學院,族群關係與文化學系,族群關係與文化學系,學士,學士班,男,原住民族學生,工作,自請休學,1,3
113-1,原住民民族學院,族群關係與文化學系,族群關係與文化學系,學士,學士班,男,原住民族學生,家務或家人照顧,自請休學,0,1
113-1,原住民民族學院,族群關係與文化學系,族群關係與文化學系,學士,學士班,男,一般生(非原住民族),就讀學校科系不符期待,自請休學,2,2
113-1,原住民民族學院,族群關係與文化學系,族群關係與文化學系,學士,學士班,男,一般生(非原住民族),家務或家人照顧,自請休學,1,1
113-1,原住民民族學院,族群關係與文化學系,族群關係與文化學系,學士,學士班,女,原住民族學生,經濟困難,自請休學,1,1
113-1,原住民民族學院,族群關係與文化學系,族群關係與文化學系,學士,學士班,女,原住民族學生,學業成績不佳,自請休學,0,1
113-1,原住民民族學院,族群關係與文化學系,族群關係與文化學系,學士,學士班,女,原住民族學生,就讀學校科系不符期待,自請休學,2,3
113-1,原住民民族學院,族群關係與文化學系,族群關係與文化學系,學士,學士班,女,原住民族學生,工作,自請休學,0,2
113-1,原住民民族學院,族群關係與文化學系,族群關係與文化學系,學士,學士班,女,原住民族學生,懷孕,自請休學,0,1
113-1,原住民民族學院,族群關係與文化學系,族群關係與文化學系,學士,學士班,女,原住民族學生,育嬰,自請休學,0,1
113-1,原住民民族學院,族群關係與文化學系,族群關係與文化學系,學士,學士班,女,原住民族學生,家務或家人照顧,自請休學,0,1
113-1,原住民民族學院,族群關係與文化學系,族群關係與文化學系,學士,學士班,女,一般生(非原住民族),就讀學校科系不符期待,自請休學,0,1
113-1,原住民民族學院,族群關係與文化學系,族群關係與文化學系,學士,學士班,女,一般生(非原住民族),工作,自請休學,0,1
113-1,原住民民族學院,族群關係與文化學系,族群關係與文化學系,學士,學士班,女,一般生(非原住民族),就學環境,自請休學,0,1
113-1,原住民民族學院,族群關係與文化學系,族群關係與文化學系,博士,博士班,男,原住民族學生,工作,自請休學,2,2
113-1,原住民民族學院,族群關係與文化學系,族群關係與文化學系,博士,博士班,男,原住民族學生,育嬰,自請休學,1,2
113-1,原住民民族學院,族群關係與文化學系,族群關係與文化學系,博士,博士班,男,原住民族學生,論文撰寫,自請休學,1,2
113-1,原住民民族學院,族群關係與文化學系,族群關係與文化學系,博士,博士班,男,一般生(非原住民族),工作,自請休學,0,1
113-1,原住民民族學院,族群關係與文化學系,族群關係與文化學系,博士,博士班,男,其他類學生,經濟困難,自請休學,1,1
113-1,原住民民族學院,族群關係與文化學系,族群關係與文化學系,博士,博士班,女,原住民族學生,工作,自請休學,0,1
113-1,原住民民族學院,族群關係與文化學系,族群關係與文化學系,博士,博士班,女,原住民族學生,論文撰寫,自請休學,1,1
113-1,原住民民族學院,族群關係與文化學系,族群關係與文化學系,博士,博士班,女,原住民族學生,家務或家人照顧,自請休學,0,1
113-1,原住民民族學院,族群關係與文化學系,族群關係與文化學系,博士,博士班,女,一般生(非原住民族),工作,自請休學,1,1
113-1,原住民民族學院,族群關係與文化學系,族群關係與文化學系,博士,博士班,女,一般生(非原住民族),育嬰,自請休學,1,2
113-1,原住民民族學院,族群關係與文化學系,族群關係與文化學系,博士,博士班,女,一般生(非原住民族),論文撰寫,自請休學,0,1
113-1,原住民民族學院,族群關係與文化學系,族群關係與文化學系,碩士,碩士班,男,原住民族學生,論文撰寫,自請休學,0,1
113-1,原住民民族學院,族群關係與文化學系,族群關係與文化學系,碩士,碩士班,男,一般生(非原住民族),出國,自請休學,0,1
113-1,原住民民族學院,族群關係與文化學系,族群關係與文化學系,碩士,碩士班,男,其他類學生,論文撰寫,自請休學,0,1
113-1,原住民民族學院,族群關係與文化學系,族群關係與文化學系,碩士,碩士班,女,原住民族學生,論文撰寫,自請休學,0,1
113-1,原住民民族學院,族群關係與文化學系,族群關係與文化學系,碩士,碩士班,女,一般生(非原住民族),工作,自請休學,0,2
113-1,原住民民族學院,民族語言與傳播學系,民族語言與傳播學系,學士,學士班,男,原住民族學生,經濟困難,自請休學,0,2
113-1,原住民民族學院,民族語言與傳播學系,民族語言與傳播學系,學士,學士班,男,一般生(非原住民族),兵役,自請休學,1,1
113-1,原住民民族學院,民族語言與傳播學系,民族語言與傳播學系,學士,學士班,男,一般生(非原住民族),就學環境,自請休學,0,1
113-1,原住民民族學院,民族語言與傳播學系,民族語言與傳播學系,學士,學士班,女,原住民族學生,工作,自請休學,2,4
113-1,原住民民族學院,民族語言與傳播學系,民族語言與傳播學系,學士,學士班,女,一般生(非原住民族),就讀學校科系不符期待,自請休學,1,1
113-1,理工學院,應用數學系,應用數學系統計碩士班,碩士,碩士班,男,一般生(非原住民族),就讀學校科系不符期待,自請休學,0,1
113-1,理工學院,應用數學系,應用數學系統計碩士班,碩士,碩士班,女,一般生(非原住民族),其他,自請休學,1,1
113-1,理工學院,物理學系,物理學系應用物理博士班,博士,博士班,男,一般生(非原住民族),論文撰寫,自請休學,0,1
113-1,理工學院,物理學系,物理學系應用物理博士班,博士,博士班,女,一般生(非原住民族),論文撰寫,自請休學,0,1
113-1,理工學院,光電工程學系,光電工程學系,學士,學士班,男,一般生(非原住民族),傷病,自請休學,1,1
113-1,理工學院,光電工程學系,光電工程學系,學士,學士班,男,一般生(非原住民族),學業成績不佳,自請休學,1,2
113-1,理工學院,光電工程學系,光電工程學系,學士,學士班,男,一般生(非原住民族),考試訓練,自請休學,1,1
113-1,理工學院,光電工程學系,光電工程學系,碩士,碩士班,男,一般生(非原住民族),兵役,自請休學,1,1
113-1,理工學院,光電工程學系,光電工程學系,碩士,碩士班,男,一般生(非原住民族),考試訓練,自請休學,1,1
113-1,管理學院,觀光暨休閒遊憩學系,觀光暨休閒遊憩學系,學士,學士班,男,一般生(非原住民族),工作,自請休學,0,1
113-1,管理學院,觀光暨休閒遊憩學系,觀光暨休閒遊憩學系,學士,學士班,男,一般生(非原住民族),出國,自請休學,1,2
113-1,管理學院,觀光暨休閒遊憩學系,觀光暨休閒遊憩學系,學士,學士班,男,一般生(非原住民族),就學環境,自請休學,1,1
113-1,管理學院,觀光暨休閒遊憩學系,觀光暨休閒遊憩學系,學士,學士班,男,一般生(非原住民族),家務或家人照顧,自請休學,0,1
113-1,管理學院,觀光暨休閒遊憩學系,觀光暨休閒遊憩學系,學士,學士班,男,一般生(非原住民族),考試訓練,自請休學,0,1
113-1,管理學院,觀光暨休閒遊憩學系,觀光暨休閒遊憩學系,學士,學士班,女,一般生(非原住民族),就讀學校科系不符期待,自請休學,1,2
113-1,管理學院,觀光暨休閒遊憩學系,觀光暨休閒遊憩學系,學士,學士班,女,一般生(非原住民族),懷孕,自請休學,1,1
113-1,管理學院,觀光暨休閒遊憩學系,觀光暨休閒遊憩學系,學士,學士班,女,一般生(非原住民族),家務或家人照顧,自請休學,1,1
113-1,管理學院,觀光暨休閒遊憩學系,觀光暨休閒遊憩學系,學士,學士班,女,一般生(非原住民族),其他,自請休學,1,1
113-1,管理學院,觀光暨休閒遊憩學系,觀光暨休閒遊憩學系,學士,學士班,女,其他類學生,就讀學校科系不符期待,自請休學,0,1
113-1,管理學院,觀光暨休閒遊憩學系,觀光暨休閒遊憩學系,碩士,碩士班,男,一般生(非原住民族),工作,自請休學,1,4
113-1,管理學院,觀光暨休閒遊憩學系,觀光暨休閒遊憩學系,碩士,碩士班,男,一般生(非原住民族),兵役,自請休學,1,1
113-1,管理學院,觀光暨休閒遊憩學系,觀光暨休閒遊憩學系,碩士,碩士班,男,一般生(非原住民族),論文撰寫,自請休學,1,1
113-1,管理學院,觀光暨休閒遊憩學系,觀光暨休閒遊憩學系,碩士,碩士班,男,一般生(非原住民族),家務或家人照顧,自請休學,1,1
113-1,管理學院,觀光暨休閒遊憩學系,觀光暨休閒遊憩學系,碩士,碩士班,女,一般生(非原住民族),工作,自請休學,0,2
113-1,管理學院,觀光暨休閒遊憩學系,觀光暨休閒遊憩學系,碩士,碩士班,女,一般生(非原住民族),出國,自請休學,1,2
113-1,管理學院,觀光暨休閒遊憩學系,觀光暨休閒遊憩學系,碩士,碩士班,女,一般生(非原住民族),論文撰寫,自請休學,0,1
113-1,管理學院,觀光暨休閒遊憩學系,觀光暨休閒遊憩學系,碩士,碩士班,女,一般生(非原住民族),家務或家人照顧,自請休學,0,2
113-1,管理學院,觀光暨休閒遊憩學系,觀光暨休閒遊憩學系,碩士,碩士班,女,其他類學生,就讀學校科系不符期待,自請休學,0,2
113-1,管理學院,觀光暨休閒遊憩學系,觀光暨休閒遊憩學系,碩士,碩士班,女,其他類學生,工作,自請休學,1,2
113-1,管理學院,觀光暨休閒遊憩學系,觀光暨休閒遊憩學系,碩士,碩士班,女,其他類學生,家務或家人照顧,自請休學,1,2
113-1,管理學院,財務金融學系,財務金融學系,碩士,碩士班,男,一般生(非原住民族),工作,自請休學,1,2
113-1,管理學院,財務金融學系,財務金融學系,碩士,碩士班,男,一般生(非原住民族),就學環境,自請休學,1,1
113-1,管理學院,財務金融學系,財務金融學系,碩士,碩士班,男,一般生(非原住民族),家務或家人照顧,自請休學,0,1
113-1,管理學院,財務金融學系,財務金融學系,碩士,碩士班,男,一般生(非原住民族),其他,自請休學,1,2
113-1,管理學院,財務金融學系,財務金融學系,碩士,碩士班,女,一般生(非原住民族),傷病,自請休學,0,1
113-1,管理學院,財務金融學系,財務金融學系,碩士,碩士班,女,一般生(非原住民族),工作,自請休學,0,1
113-1,管理學院,財務金融學系,財務金融學系,碩士,碩士班,女,一般生(非原住民族),出國,自請休學,0,1
113-1,藝術學院,藝術創意產業學系,藝術創意產業學系,學士,學士班,男,一般生(非原住民族),就讀學校科系不符期待,自請休學,1,1
113-1,藝術學院,藝術創意產業學系,藝術創意產業學系,學士,學士班,男,其他類學生,就讀學校科系不符期待,自請休學,0,1
113-1,藝術學院,藝術創意產業學系,藝術創意產業學系,學士,學士班,女,原住民族學生,就讀學校科系不符期待,自請休學,2,2
113-1,藝術學院,藝術創意產業學系,藝術創意產業學系,學士,學士班,女,原住民族學生,工作,自請休學,0,1
113-1,藝術學院,藝術創意產業學系,藝術創意產業學系,學士,學士班,女,一般生(非原住民族),傷病,自請休學,0,5
113-1,藝術學院,藝術創意產業學系,藝術創意產業學系,學士,學士班,女,一般生(非原住民族),經濟困難,自請休學,1,2
113-1,藝術學院,藝術創意產業學系,藝術創意產業學系,學士,學士班,女,一般生(非原住民族),就讀學校科系不符期待,自請休學,2,4
113-1,藝術學院,藝術創意產業學系,藝術創意產業學系,學士,學士班,女,一般生(非原住民族),家務或家人照顧,自請休學,1,1
113-1,藝術學院,藝術創意產業學系,藝術創意產業學系,學士,學士班,女,一般生(非原住民族),其他,自請休學,1,1
113-1,藝術學院,藝術創意產業學系,藝術創意產業學系,學士,學士班,女,其他類學生,就讀學校科系不符期待,自請休學,0,1
113-1,原住民民族學院,民族發展與社會工作學系,民族發展與社會工作學系,學士,學士班,男,原住民族學生,兵役,自請休學,0,1
113-1,原住民民族學院,民族發展與社會工作學系,民族發展與社會工作學系,學士,學士班,男,原住民族學生,家務或家人照顧,自請休學,0,1
113-1,原住民民族學院,民族發展與社會工作學系,民族發展與社會工作學系,學士,學士班,女,原住民族學生,學業成績不佳,自請休學,1,1
113-1,原住民民族學院,民族發展與社會工作學系,民族發展與社會工作學系,學士,學士班,女,原住民族學生,就讀學校科系不符期待,自請休學,1,1
113-1,原住民民族學院,民族發展與社會工作學系,民族發展與社會工作學系,學士,學士班,女,原住民族學生,育嬰,自請休學,0,1
113-1,原住民民族學院,民族發展與社會工作學系,民族發展與社會工作學系,學士,學士班,女,原住民族學生,出國,自請休學,1,1
113-1,原住民民族學院,民族發展與社會工作學系,民族發展與社會工作學系,學士,學士班,女,一般生(非原住民族),就讀學校科系不符期待,自請休學,0,1
113-1,原住民民族學院,族群關係與文化學系,族群關係與文化學系,碩士,碩士在職專班,男,原住民族學生,工作,自請休學,0,1
113-1,原住民民族學院,族群關係與文化學系,族群關係與文化學系,碩士,碩士在職專班,男,原住民族學生,論文撰寫,自請休學,0,2
113-1,原住民民族學院,族群關係與文化學系,族群關係與文化學系,碩士,碩士在職專班,男,一般生(非原住民族),傷病,自請休學,1,1
113-1,原住民民族學院,族群關係與文化學系,族群關係與文化學系,碩士,碩士在職專班,男,一般生(非原住民族),育嬰,自請休學,0,1
113-1,原住民民族學院,族群關係與文化學系,族群關係與文化學系,碩士,碩士在職專班,男,一般生(非原住民族),論文撰寫,自請休學,0,1
113-1,原住民民族學院,族群關係與文化學系,族群關係與文化學系,碩士,碩士在職專班,女,原住民族學生,工作,自請休學,0,2
113-1,原住民民族學院,族群關係與文化學系,族群關係與文化學系,碩士,碩士在職專班,女,原住民族學生,育嬰,自請休學,0,1
113-1,原住民民族學院,族群關係與文化學系,族群關係與文化學系,碩士,碩士在職專班,女,原住民族學生,其他,自請休學,1,1
113-1,原住民民族學院,族群關係與文化學系,族群關係與文化學系,碩士,碩士在職專班,女,一般生(非原住民族),工作,自請休學,1,1
113-1,藝術學院,音樂學系,音樂學系,學士,學士班,男,一般生(非原住民族),傷病,自請休學,0,1
113-1,藝術學院,音樂學系,音樂學系,學士,學士班,男,一般生(非原住民族),就讀學校科系不符期待,自請休學,2,2
113-1,藝術學院,音樂學系,音樂學系,學士,學士班,男,一般生(非原住民族),其他,自請休學,0,1
113-1,藝術學院,音樂學系,音樂學系,學士,學士班,女,一般生(非原住民族),就讀學校科系不符期待,自請休學,0,1
113-1,藝術學院,音樂學系,音樂學系,學士,學士班,女,一般生(非原住民族),出國,自請休學,0,1
113-1,藝術學院,音樂學系,音樂學系,學士,學士班,女,一般生(非原住民族),家務或家人照顧,自請休學,0,1
113-1,藝術學院,音樂學系,音樂學系,學士,學士班,女,一般生(非原住民族),其他,自請休學,0,1
113-1,藝術學院,音樂學系,音樂學系,碩士,碩士班,男,原住民族學生,其他,自請休學,0,1
113-1,藝術學院,音樂學系,音樂學系,碩士,碩士班,男,一般生(非原住民族),其他,自請休學,1,1
113-1,藝術學院,音樂學系,音樂學系,碩士,碩士班,男,其他類學生,出國,自請休學,2,2
113-1,藝術學院,音樂學系,音樂學系,碩士,碩士班,女,原住民族學生,工作,自請休學,0,1
113-1,藝術學院,音樂學系,音樂學系,碩士,碩士班,女,原住民族學生,懷孕,自請休學,0,1
113-1,藝術學院,音樂學系,音樂學系,碩士,碩士班,女,原住民族學生,論文撰寫,自請休學,0,1
113-1,藝術學院,音樂學系,音樂學系,碩士,碩士班,女,一般生(非原住民族),傷病,自請休學,0,1
113-1,藝術學院,音樂學系,音樂學系,碩士,碩士班,女,一般生(非原住民族),工作,自請休學,1,1
113-1,藝術學院,音樂學系,音樂學系,碩士,碩士班,女,一般生(非原住民族),論文撰寫,自請休學,0,1
113-1,藝術學院,藝術與設計學系,藝術與設計學系,學士,學士班,男,一般生(非原住民族),就讀學校科系不符期待,自請休學,0,1
113-1,藝術學院,藝術與設計學系,藝術與設計學系,學士,學士班,男,一般生(非原住民族),出國,自請休學,1,1
113-1,藝術學院,藝術與設計學系,藝術與設計學系,學士,學士班,男,其他類學生,工作,自請休學,1,1
113-1,藝術學院,藝術與設計學系,藝術與設計學系,學士,學士班,女,原住民族學生,就讀學校科系不符期待,自請休學,1,1
113-1,藝術學院,藝術與設計學系,藝術與設計學系,學士,學士班,女,原住民族學生,工作,自請休學,0,1
113-1,藝術學院,藝術與設計學系,藝術與設計學系,學士,學士班,女,一般生(非原住民族),傷病,自請休學,2,3
113-1,藝術學院,藝術與設計學系,藝術與設計學系,學士,學士班,女,一般生(非原住民族),就讀學校科系不符期待,自請休學,3,6
113-1,藝術學院,藝術與設計學系,藝術與設計學系,學士,學士班,女,一般生(非原住民族),工作,自請休學,1,3
113-1,藝術學院,藝術與設計學系,藝術與設計學系,學士,學士班,女,一般生(非原住民族),就學環境,自請休學,0,1
113-1,藝術學院,藝術與設計學系,藝術與設計學系,學士,學士班,女,其他類學生,家務或家人照顧,自請休學,0,2
113-1,藝術學院,藝術與設計學系,藝術與設計學系,碩士,碩士班,男,一般生(非原住民族),工作,自請休學,0,5
113-1,藝術學院,藝術與設計學系,藝術與設計學系,碩士,碩士班,男,一般生(非原住民族),家務或家人照顧,自請休學,1,1
113-1,藝術學院,藝術與設計學系,藝術與設計學系,碩士,碩士班,女,一般生(非原住民族),工作,自請休學,1,6
113-1,藝術學院,藝術與設計學系,藝術與設計學系,碩士,碩士班,女,一般生(非原住民族),育嬰,自請休學,0,1
113-1,藝術學院,藝術與設計學系,藝術與設計學系,碩士,碩士班,女,一般生(非原住民族),論文撰寫,自請休學,1,2
113-1,藝術學院,藝術與設計學系,藝術與設計學系,碩士,碩士班,女,一般生(非原住民族),家務或家人照顧,自請休學,1,1
113-1,花師教育學院,幼兒教育學系,幼兒教育學系,學士,學士班,女,一般生(非原住民族),傷病,自請休學,2,2
113-1,花師教育學院,幼兒教育學系,幼兒教育學系,學士,學士班,女,一般生(非原住民族),就讀學校科系不符期待,自請休學,1,2
113-1,花師教育學院,幼兒教育學系,幼兒教育學系,碩士,碩士班,女,一般生(非原住民族),傷病,自請休學,0,1
113-1,花師教育學院,幼兒教育學系,幼兒教育學系,碩士,碩士班,女,一般生(非原住民族),經濟困難,自請休學,0,1
113-1,花師教育學院,幼兒教育學系,幼兒教育學系,碩士,碩士班,女,一般生(非原住民族),工作,自請休學,1,1
113-1,花師教育學院,幼兒教育學系,幼兒教育學系,碩士,碩士班,女,一般生(非原住民族),論文撰寫,自請休學,0,1
113-1,花師教育學院,幼兒教育學系,幼兒教育學系,碩士,碩士在職專班,男,一般生(非原住民族),工作,自請休學,0,1
113-1,花師教育學院,幼兒教育學系,幼兒教育學系,碩士,碩士在職專班,女,一般生(非原住民族),傷病,自請休學,1,1
113-1,花師教育學院,幼兒教育學系,幼兒教育學系,碩士,碩士在職專班,女,一般生(非原住民族),育嬰,自請休學,0,2
113-1,花師教育學院,幼兒教育學系,幼兒教育學系,碩士,碩士在職專班,女,一般生(非原住民族),論文撰寫,自請休學,1,1
113-1,花師教育學院,幼兒教育學系,幼兒教育學系,碩士,碩士在職專班,女,一般生(非原住民族),家務或家人照顧,自請休學,1,1
113-1,花師教育學院,幼兒教育學系,幼兒教育學系,碩士,碩士在職專班,女,一般生(非原住民族),考試訓練,自請休學,1,1
113-1,花師教育學院,特殊教育學系,特殊教育學系,學士,學士班,男,一般生(非原住民族),就讀學校科系不符期待,自請休學,3,3
113-1,花師教育學院,特殊教育學系,特殊教育學系,學士,學士班,女,原住民族學生,就讀學校科系不符期待,自請休學,1,1
113-1,花師教育學院,特殊教育學系,特殊教育學系,學士,學士班,女,一般生(非原住民族),傷病,自請休學,0,1
113-1,花師教育學院,特殊教育學系,特殊教育學系,學士,學士班,女,一般生(非原住民族),就讀學校科系不符期待,自請休學,2,2
113-1,花師教育學院,特殊教育學系,特殊教育學系,學士,學士班,女,一般生(非原住民族),就學環境,自請休學,1,1
113-1,花師教育學院,特殊教育學系,特殊教育學系,學士,學士班,女,一般生(非原住民族),家務或家人照顧,自請休學,2,2
113-1,花師教育學院,特殊教育學系,特殊教育學系身心障礙與輔助科技碩士班,碩士,碩士班,男,一般生(非原住民族),論文撰寫,自請休學,0,1
113-1,花師教育學院,特殊教育學系,特殊教育學系身心障礙與輔助科技碩士班,碩士,碩士班,女,原住民族學生,工作,自請休學,0,1
113-1,花師教育學院,特殊教育學系,特殊教育學系身心障礙與輔助科技碩士班,碩士,碩士班,女,原住民族學生,論文撰寫,自請休學,0,1
113-1,花師教育學院,特殊教育學系,特殊教育學系身心障礙與輔助科技碩士班,碩士,碩士班,女,一般生(非原住民族),工作,自請休學,3,6
113-1,花師教育學院,特殊教育學系,特殊教育學系身心障礙與輔助科技碩士班,碩士,碩士班,女,一般生(非原住民族),懷孕,自請休學,1,1
113-1,花師教育學院,特殊教育學系,特殊教育學系身心障礙與輔助科技碩士班,碩士,碩士班,女,一般生(非原住民族),育嬰,自請休學,0,1
113-1,花師教育學院,特殊教育學系,特殊教育學系身心障礙與輔助科技碩士班,碩士,碩士班,女,一般生(非原住民族),其他,自請休學,2,2
113-1,花師教育學院,教育行政與管理學系,教育行政與管理學系,學士,學士班,男,一般生(非原住民族),就讀學校科系不符期待,自請休學,3,4
113-1,花師教育學院,教育行政與管理學系,教育行政與管理學系,學士,學士班,男,一般生(非原住民族),其他,自請休學,1,1
113-1,花師教育學院,教育行政與管理學系,教育行政與管理學系,學士,學士班,女,原住民族學生,傷病,自請休學,1,1
113-1,花師教育學院,教育行政與管理學系,教育行政與管理學系,學士,學士班,女,一般生(非原住民族),經濟困難,自請休學,1,1
113-1,花師教育學院,教育行政與管理學系,教育行政與管理學系,學士,學士班,女,一般生(非原住民族),育嬰,自請休學,1,1
113-1,花師教育學院,教育行政與管理學系,教育行政與管理學系,學士,學士班,女,一般生(非原住民族),就學環境,自請休學,0,1
113-1,花師教育學院,教育行政與管理學系,教育行政與管理學系,學士,學士班,女,其他類學生,就學環境,自請休學,0,1
113-1,花師教育學院,教育行政與管理學系,教育行政與管理學系,碩士,碩士班,男,原住民族學生,經濟困難,自請休學,1,1
113-1,花師教育學院,教育行政與管理學系,教育行政與管理學系,碩士,碩士班,男,一般生(非原住民族),工作,自請休學,0,1
113-1,花師教育學院,教育行政與管理學系,教育行政與管理學系,碩士,碩士班,男,一般生(非原住民族),其他,自請休學,1,1
113-1,花師教育學院,教育行政與管理學系,教育行政與管理學系,碩士,碩士班,女,原住民族學生,其他,自請休學,1,1
113-1,花師教育學院,教育行政與管理學系,教育行政與管理學系,碩士,碩士班,女,一般生(非原住民族),工作,自請休學,3,6
113-1,花師教育學院,教育行政與管理學系,教育行政與管理學系,碩士,碩士班,女,一般生(非原住民族),育嬰,自請休學,0,1
113-1,花師教育學院,教育行政與管理學系,教育行政與管理學系,碩士,碩士班,女,一般生(非原住民族),論文撰寫,自請休學,0,1
113-1,花師教育學院,教育行政與管理學系,教育行政與管理學系,碩士,碩士班,女,一般生(非原住民族),其他,自請休學,1,1
113-1,花師教育學院,體育與運動科學系,體育與運動科學系,學士,學士班,男,原住民族學生,兵役,自請休學,1,1
113-1,花師教育學院,體育與運動科學系,體育與運動科學系,學士,學士班,男,一般生(非原住民族),就讀學校科系不符期待,自請休學,1,3
113-1,花師教育學院,體育與運動科學系,體育與運動科學系,學士,學士班,男,一般生(非原住民族),工作,自請休學,0,2
113-1,花師教育學院,體育與運動科學系,體育與運動科學系,學士,學士班,男,一般生(非原住民族),其他,自請休學,2,2
113-1,花師教育學院,體育與運動科學系,體育與運動科學系,學士,學士班,男,其他類學生,家務或家人照顧,自請休學,1,1
113-1,花師教育學院,體育與運動科學系,體育與運動科學系,學士,學士班,女,一般生(非原住民族),就讀學校科系不符期待,自請休學,0,1
113-1,花師教育學院,體育與運動科學系,體育與運動科學系,學士,學士班,女,一般生(非原住民族),工作,自請休學,0,1
113-1,花師教育學院,體育與運動科學系,體育與運動科學系,學士,學士班,女,一般生(非原住民族),出國,自請休學,1,1
113-1,花師教育學院,體育與運動科學系,體育與運動科學系,學士,學士班,女,一般生(非原住民族),其他,自請休學,1,1
113-1,花師教育學院,體育與運動科學系,體育與運動科學系,碩士,碩士班,男,原住民族學生,工作,自請休學,0,1
113-1,花師教育學院,體育與運動科學系,體育與運動科學系,碩士,碩士班,男,一般生(非原住民族),傷病,自請休學,0,1
113-1,花師教育學院,體育與運動科學系,體育與運動科學系,碩士,碩士班,男,一般生(非原住民族),就讀學校科系不符期待,自請休學,1,1
113-1,花師教育學院,體育與運動科學系,體育與運動科學系,碩士,碩士班,男,一般生(非原住民族),工作,自請休學,2,3
113-1,花師教育學院,體育與運動科學系,體育與運動科學系,碩士,碩士班,男,一般生(非原住民族),兵役,自請休學,1,1
113-1,花師教育學院,體育與運動科學系,體育與運動科學系,碩士,碩士班,女,一般生(非原住民族),工作,自請休學,1,3
113-1,花師教育學院,體育與運動科學系,體育與運動科學系,碩士,碩士班,女,一般生(非原住民族),其他,自請休學,0,1
113-1,花師教育學院,體育與運動科學系,體育與運動科學系,碩士,碩士班,女,其他類學生,論文撰寫,自請休學,0,1
113-1,人文社會科學學院,中國語文學系,中國語文學系,學士,學士班,男,一般生(非原住民族),傷病,自請休學,1,1
113-1,人文社會科學學院,中國語文學系,中國語文學系,學士,學士班,男,一般生(非原住民族),經濟困難,自請休學,0,1
113-1,人文社會科學學院,中國語文學系,中國語文學系,學士,學士班,男,一般生(非原住民族),學業成績不佳,自請休學,1,1
113-1,人文社會科學學院,中國語文學系,中國語文學系,學士,學士班,男,一般生(非原住民族),就讀學校科系不符期待,自請休學,1,3
113-1,人文社會科學學院,中國語文學系,中國語文學系,學士,學士班,男,一般生(非原住民族),工作,自請休學,0,1
113-1,人文社會科學學院,中國語文學系,中國語文學系,學士,學士班,女,一般生(非原住民族),傷病,自請休學,3,4
113-1,人文社會科學學院,中國語文學系,中國語文學系,學士,學士班,女,一般生(非原住民族),出國,自請休學,0,1
113-1,人文社會科學學院,中國語文學系,中國語文學系,學士,學士班,女,一般生(非原住民族),家務或家人照顧,自請休學,1,2
113-1,人文社會科學學院,中國語文學系,中國語文學系,碩士,碩士班,男,一般生(非原住民族),工作,自請休學,0,1
113-1,人文社會科學學院,中國語文學系,中國語文學系,碩士,碩士班,男,一般生(非原住民族),論文撰寫,自請休學,0,2
113-1,人文社會科學學院,中國語文學系,中國語文學系,碩士,碩士班,女,一般生(非原住民族),工作,自請休學,0,2
113-1,人文社會科學學院,中國語文學系,中國語文學系,碩士,碩士班,女,一般生(非原住民族),論文撰寫,自請休學,0,2
113-1,人文社會科學學院,中國語文學系,中國語文學系,碩士,碩士班,女,一般生(非原住民族),其他,自請休學,2,2
113-1,人文社會科學學院,中國語文學系,中國語文學系,碩士,碩士班,女,其他類學生,論文撰寫,自請休學,0,1
113-1,人文社會科學學院,中國語文學系,中國語文學系,博士,博士班,男,一般生(非原住民族),工作,自請休學,0,3
113-1,人文社會科學學院,中國語文學系,中國語文學系,博士,博士班,男,一般生(非原住民族),論文撰寫,自請休學,1,3
113-1,人文社會科學學院,中國語文學系,中國語文學系,博士,博士班,男,一般生(非原住民族),其他,自請休學,1,1
113-1,人文社會科學學院,中國語文學系,中國語文學系,博士,博士班,女,一般生(非原住民族),工作,自請休學,1,2
113-1,人文社會科學學院,中國語文學系,中國語文學系,博士,博士班,女,一般生(非原住民族),論文撰寫,自請休學,1,1
113-1,人文社會科學學院,中國語文學系,中國語文學系,博士,博士班,女,一般生(非原住民族),其他,自請休學,0,1
113-1,人文社會科學學院,臺灣文化學系,臺灣文化學系,學士,學士班,男,一般生(非原住民族),傷病,自請休學,1,2
113-1,人文社會科學學院,臺灣文化學系,臺灣文化學系,學士,學士班,男,一般生(非原住民族),就讀學校科系不符期待,自請休學,1,1
113-1,人文社會科學學院,臺灣文化學系,臺灣文化學系,學士,學士班,男,一般生(非原住民族),工作,自請休學,2,6
113-1,人文社會科學學院,臺灣文化學系,臺灣文化學系,學士,學士班,男,一般生(非原住民族),家務或家人照顧,自請休學,1,1
113-1,人文社會科學學院,臺灣文化學系,臺灣文化學系,學士,學士班,女,一般生(非原住民族),傷病,自請休學,0,1
113-1,人文社會科學學院,臺灣文化學系,臺灣文化學系,學士,學士班,女,一般生(非原住民族),經濟困難,自請休學,1,1
113-1,人文社會科學學院,臺灣文化學系,臺灣文化學系,學士,學士班,女,一般生(非原住民族),工作,自請休學,0,1
113-1,人文社會科學學院,臺灣文化學系,臺灣文化學系,學士,學士班,女,一般生(非原住民族),就學環境,自請休學,2,2
113-1,人文社會科學學院,臺灣文化學系,臺灣文化學系,碩士,碩士班,男,一般生(非原住民族),工作,自請休學,3,4
113-1,人文社會科學學院,臺灣文化學系,臺灣文化學系,碩士,碩士班,男,一般生(非原住民族),家務或家人照顧,自請休學,0,1
113-1,人文社會科學學院,臺灣文化學系,臺灣文化學系,碩士,碩士班,女,一般生(非原住民族),經濟困難,自請休學,0,1
113-1,人文社會科學學院,臺灣文化學系,臺灣文化學系,碩士,碩士班,女,一般生(非原住民族),就讀學校科系不符期待,自請休學,0,1
113-1,人文社會科學學院,臺灣文化學系,臺灣文化學系,碩士,碩士班,女,一般生(非原住民族),論文撰寫,自請休學,1,2
113-1,人文社會科學學院,臺灣文化學系,臺灣文化學系,碩士,碩士班,女,一般生(非原住民族),家務或家人照顧,自請休學,0,1
113-1,人文社會科學學院,臺灣文化學系,臺灣文化學系,碩士,碩士在職專班,男,一般生(非原住民族),工作,自請休學,0,1
113-1,人文社會科學學院,臺灣文化學系,臺灣文化學系,碩士,碩士在職專班,女,原住民族學生,工作,自請休學,1,1
113-1,管理學院,管理學院管理科學與財金國際學士學位學程,管理學院管理科學與財金國際學士學位學程,學士,學士班,男,一般生(非原住民族),就讀學校科系不符期待,自請休學,1,1
113-1,花師教育學院,教育行政與管理學系,教育行政與管理學系,碩士,碩士在職專班,男,原住民族學生,考試訓練,自請休學,1,1
113-1,花師教育學院,教育行政與管理學系,教育行政與管理學系,碩士,碩士在職專班,男,一般生(非原住民族),工作,自請休學,2,10
113-1,花師教育學院,教育行政與管理學系,教育行政與管理學系,碩士,碩士在職專班,男,一般生(非原住民族),論文撰寫,自請休學,0,3
113-1,花師教育學院,教育行政與管理學系,教育行政與管理學系,碩士,碩士在職專班,男,一般生(非原住民族),家務或家人照顧,自請休學,0,1
113-1,花師教育學院,教育行政與管理學系,教育行政與管理學系,碩士,碩士在職專班,男,一般生(非原住民族),其他,自請休學,1,2
113-1,花師教育學院,教育行政與管理學系,教育行政與管理學系,碩士,碩士在職專班,女,原住民族學生,工作,自請休學,0,1
113-1,花師教育學院,教育行政與管理學系,教育行政與管理學系,碩士,碩士在職專班,女,原住民族學生,論文撰寫,自請休學,0,3
113-1,花師教育學院,教育行政與管理學系,教育行政與管理學系,碩士,碩士在職專班,女,原住民族學生,考試訓練,自請休學,1,1
113-1,花師教育學院,教育行政與管理學系,教育行政與管理學系,碩士,碩士在職專班,女,一般生(非原住民族),傷病,自請休學,0,1
113-1,花師教育學院,教育行政與管理學系,教育行政與管理學系,碩士,碩士在職專班,女,一般生(非原住民族),工作,自請休學,1,3
113-1,花師教育學院,教育行政與管理學系,教育行政與管理學系,碩士,碩士在職專班,女,一般生(非原住民族),懷孕,自請休學,0,1
113-1,花師教育學院,教育行政與管理學系,教育行政與管理學系,碩士,碩士在職專班,女,一般生(非原住民族),育嬰,自請休學,0,2
113-1,花師教育學院,教育行政與管理學系,教育行政與管理學系,碩士,碩士在職專班,女,一般生(非原住民族),論文撰寫,自請休學,1,2
113-1,花師教育學院,教育行政與管理學系,教育行政與管理學系,碩士,碩士在職專班,女,一般生(非原住民族),就學環境,自請休學,0,1
113-1,花師教育學院,教育行政與管理學系,教育行政與管理學系,碩士,碩士在職專班,女,一般生(非原住民族),家務或家人照顧,自請休學,0,2
113-1,花師教育學院,教育行政與管理學系,教育行政與管理學系,碩士,碩士在職專班,女,一般生(非原住民族),考試訓練,自請休學,0,1
113-1,花師教育學院,教育行政與管理學系,教育行政與管理學系,碩士,碩士在職專班,女,一般生(非原住民族),其他,自請休學,0,1
113-1,花師教育學院,體育與運動科學系,體育與運動科學系,碩士,碩士在職專班,男,原住民族學生,工作,自請休學,0,1
113-1,花師教育學院,體育與運動科學系,體育與運動科學系,碩士,碩士在職專班,男,一般生(非原住民族),工作,自請休學,2,3
113-1,花師教育學院,體育與運動科學系,體育與運動科學系,碩士,碩士在職專班,男,一般生(非原住民族),育嬰,自請休學,1,2
113-1,花師教育學院,體育與運動科學系,體育與運動科學系,碩士,碩士在職專班,男,一般生(非原住民族),論文撰寫,自請休學,0,2
113-1,花師教育學院,體育與運動科學系,體育與運動科學系,碩士,碩士在職專班,男,一般生(非原住民族),家務或家人照顧,自請休學,1,2
113-1,花師教育學院,體育與運動科學系,體育與運動科學系,碩士,碩士在職專班,男,一般生(非原住民族),其他,自請休學,1,1
113-1,花師教育學院,體育與運動科學系,體育與運動科學系,碩士,碩士在職專班,女,原住民族學生,育嬰,自請休學,0,1
113-1,花師教育學院,體育與運動科學系,體育與運動科學系,碩士,碩士在職專班,女,原住民族學生,論文撰寫,自請休學,1,1
113-1,花師教育學院,體育與運動科學系,體育與運動科學系,碩士,碩士在職專班,女,一般生(非原住民族),工作,自請休學,3,4
113-1,花師教育學院,體育與運動科學系,體育與運動科學系,碩士,碩士在職專班,女,一般生(非原住民族),論文撰寫,自請休學,0,1
113-1,花師教育學院,體育與運動科學系,體育與運動科學系,碩士,碩士在職專班,女,一般生(非原住民族),家務或家人照顧,自請休學,1,1
113-1,花師教育學院,體育與運動科學系,體育與運動科學系,碩士,碩士在職專班,女,一般生(非原住民族),考試訓練,自請休學,0,1
113-1,人文社會科學學院,公共行政學系,公共行政學系,學士,學士班,男,一般生(非原住民族),傷病,自請休學,0,1
113-1,人文社會科學學院,公共行政學系,公共行政學系,學士,學士班,男,一般生(非原住民族),出國,自請休學,1,1
113-1,人文社會科學學院,公共行政學系,公共行政學系,學士,學士班,男,一般生(非原住民族),家務或家人照顧,自請休學,0,1
113-1,人文社會科學學院,公共行政學系,公共行政學系,學士,學士班,男,一般生(非原住民族),考試訓練,自請休學,1,1
113-1,人文社會科學學院,公共行政學系,公共行政學系,學士,學士班,女,原住民族學生,就讀學校科系不符期待,自請休學,1,1
113-1,人文社會科學學院,公共行政學系,公共行政學系,學士,學士班,女,一般生(非原住民族),家務或家人照顧,自請休學,2,2
113-1,人文社會科學學院,公共行政學系,公共行政學系,學士,學士班,女,其他類學生,其他,自請休學,0,1
113-1,人文社會科學學院,法律學系,法律學士學位學程,學士,學士班,男,一般生(非原住民族),學業成績不佳,自請休學,0,1
113-1,人文社會科學學院,法律學系,法律學士學位學程,學士,學士班,女,一般生(非原住民族),傷病,自請休學,0,1
113-1,人文社會科學學院,社會學系,社會學系,碩士,碩士班,男,原住民族學生,工作,自請休學,0,2
113-1,人文社會科學學院,社會學系,社會學系,碩士,碩士班,男,一般生(非原住民族),經濟困難,自請休學,0,1
113-1,人文社會科學學院,社會學系,社會學系,碩士,碩士班,男,一般生(非原住民族),工作,自請休學,1,1
113-1,人文社會科學學院,社會學系,社會學系,碩士,碩士班,男,一般生(非原住民族),論文撰寫,自請休學,0,1
113-1,人文社會科學學院,社會學系,社會學系,碩士,碩士班,男,一般生(非原住民族),家務或家人照顧,自請休學,0,1
113-1,人文社會科學學院,社會學系,社會學系,碩士,碩士班,男,一般生(非原住民族),考試訓練,自請休學,1,1
113-1,人文社會科學學院,社會學系,社會學系,碩士,碩士班,女,原住民族學生,工作,自請休學,1,1
113-1,人文社會科學學院,社會學系,社會學系,碩士,碩士班,女,一般生(非原住民族),工作,自請休學,3,5
113-1,人文社會科學學院,社會學系,社會學系,碩士,碩士班,女,一般生(非原住民族),育嬰,自請休學,0,1
113-1,人文社會科學學院,社會學系,社會學系,碩士,碩士班,女,一般生(非原住民族),出國,自請休學,0,1
113-1,人文社會科學學院,社會學系,社會學系,碩士,碩士班,女,一般生(非原住民族),論文撰寫,自請休學,0,1
113-1,人文社會科學學院,公共行政學系,公共行政學系,碩士,碩士班,男,一般生(非原住民族),就讀學校科系不符期待,自請休學,1,1
113-1,人文社會科學學院,公共行政學系,公共行政學系,碩士,碩士班,男,一般生(非原住民族),工作,自請休學,0,2
113-1,人文社會科學學院,公共行政學系,公共行政學系,碩士,碩士班,男,一般生(非原住民族),論文撰寫,自請休學,1,2
113-1,人文社會科學學院,公共行政學系,公共行政學系,碩士,碩士班,女,一般生(非原住民族),就讀學校科系不符期待,自請休學,0,1
113-1,人文社會科學學院,公共行政學系,公共行政學系,碩士,碩士班,女,一般生(非原住民族),工作,自請休學,0,1
113-1,人文社會科學學院,公共行政學系,公共行政學系,碩士,碩士班,女,一般生(非原住民族),育嬰,自請休學,0,1
113-1,人文社會科學學院,公共行政學系,公共行政學系,碩士,碩士班,女,一般生(非原住民族),家務或家人照顧,自請休學,1,1
113-1,人文社會科學學院,公共行政學系,公共行政學系,碩士,碩士班,女,一般生(非原住民族),考試訓練,自請休學,1,1
113-1,人文社會科學學院,公共行政學系,公共行政學系,碩士,碩士在職專班,男,原住民族學生,家務或家人照顧,自請休學,1,1
113-1,人文社會科學學院,公共行政學系,公共行政學系,碩士,碩士在職專班,男,一般生(非原住民族),傷病,自請休學,1,1
113-1,人文社會科學學院,公共行政學系,公共行政學系,碩士,碩士在職專班,男,一般生(非原住民族),工作,自請休學,1,1
113-1,人文社會科學學院,公共行政學系,公共行政學系,碩士,碩士在職專班,男,一般生(非原住民族),論文撰寫,自請休學,0,1
113-1,人文社會科學學院,公共行政學系,公共行政學系,碩士,碩士在職專班,男,一般生(非原住民族),家務或家人照顧,自請休學,0,1
113-1,人文社會科學學院,公共行政學系,公共行政學系,碩士,碩士在職專班,男,一般生(非原住民族),其他,自請休學,0,1
113-1,人文社會科學學院,公共行政學系,公共行政學系,碩士,碩士在職專班,女,一般生(非原住民族),傷病,自請休學,1,1
113-1,人文社會科學學院,公共行政學系,公共行政學系,碩士,碩士在職專班,女,一般生(非原住民族),工作,自請休學,1,2
113-1,人文社會科學學院,公共行政學系,公共行政學系,碩士,碩士在職專班,女,一般生(非原住民族),論文撰寫,自請休學,0,1
113-1,人文社會科學學院,公共行政學系,公共行政學系,碩士,碩士在職專班,女,一般生(非原住民族),家務或家人照顧,自請休學,2,2
113-1,人文社會科學學院,社會學系,社會學系,學士,學士班,男,一般生(非原住民族),學業成績不佳,自請休學,1,1
113-1,人文社會科學學院,社會學系,社會學系,學士,學士班,男,其他類學生,學業成績不佳,自請休學,1,1
113-1,人文社會科學學院,社會學系,社會學系,學士,學士班,女,一般生(非原住民族),傷病,自請休學,1,2
113-1,人文社會科學學院,社會學系,社會學系,學士,學士班,女,一般生(非原住民族),就讀學校科系不符期待,自請休學,0,1
113-1,人文社會科學學院,社會學系,社會學系,學士,學士班,女,一般生(非原住民族),家務或家人照顧,自請休學,1,1
113-1,原住民民族學院,民族發展與社會工作學系,民族社會工作學士學位學程,學士,學士班,男,原住民族學生,工作,自請休學,0,1
113-1,原住民民族學院,民族發展與社會工作學系,民族社會工作學士學位學程,學士,學士班,男,一般生(非原住民族),就讀學校科系不符期待,自請休學,1,1
113-1,原住民民族學院,民族發展與社會工作學系,民族社會工作學士學位學程,學士,學士班,女,原住民族學生,傷病,自請休學,0,1
113-1,原住民民族學院,民族發展與社會工作學系,民族社會工作學士學位學程,學士,學士班,女,原住民族學生,經濟困難,自請休學,0,1
113-1,原住民民族學院,民族發展與社會工作學系,民族社會工作學士學位學程,學士,學士班,女,原住民族學生,學業成績不佳,自請休學,2,2
113-1,原住民民族學院,民族發展與社會工作學系,民族社會工作學士學位學程,學士,學士班,女,原住民族學生,就讀學校科系不符期待,自請休學,1,1
113-1,原住民民族學院,民族發展與社會工作學系,民族社會工作學士學位學程,學士,學士班,女,原住民族學生,育嬰,自請休學,0,2
113-1,原住民民族學院,民族發展與社會工作學系,民族社會工作學士學位學程,學士,學士班,女,原住民族學生,家務或家人照顧,自請休學,0,1
113-1,理工學院,物理學系,物理學系應用物理碩士班,碩士,碩士班,男,一般生(非原住民族),傷病,自請休學,0,1
113-1,理工學院,物理學系,物理學系應用物理碩士班,碩士,碩士班,男,一般生(非原住民族),就讀學校科系不符期待,自請休學,0,1
113-1,花師教育學院,教育與潛能開發學系,教育與潛能開發學系多元文化教育博士班,博士,博士班,男,原住民族學生,工作,自請休學,2,2
113-1,花師教育學院,教育與潛能開發學系,教育與潛能開發學系多元文化教育博士班,博士,博士班,男,原住民族學生,論文撰寫,自請休學,2,2
113-1,花師教育學院,教育與潛能開發學系,教育與潛能開發學系多元文化教育博士班,博士,博士班,男,一般生(非原住民族),論文撰寫,自請休學,0,1
113-1,花師教育學院,教育與潛能開發學系,教育與潛能開發學系多元文化教育博士班,博士,博士班,女,原住民族學生,論文撰寫,自請休學,1,1
113-1,花師教育學院,教育與潛能開發學系,教育與潛能開發學系多元文化教育博士班,博士,博士班,女,原住民族學生,家務或家人照顧,自請休學,0,1
113-1,花師教育學院,教育與潛能開發學系,教育與潛能開發學系多元文化教育博士班,博士,博士班,女,一般生(非原住民族),工作,自請休學,0,1
113-1,花師教育學院,教育與潛能開發學系,教育與潛能開發學系多元文化教育博士班,博士,博士班,女,一般生(非原住民族),育嬰,自請休學,1,1
113-1,花師教育學院,教育與潛能開發學系,教育與潛能開發學系多元文化教育博士班,博士,博士班,女,一般生(非原住民族),論文撰寫,自請休學,0,1
113-1,花師教育學院,教育與潛能開發學系,教育與潛能開發學系多元文化教育博士班,博士,博士班,女,其他類學生,論文撰寫,自請休學,0,1
113-1,花師教育學院,教育與潛能開發學系,教育與潛能開發學系科學教育博士班,博士,博士班,男,一般生(非原住民族),育嬰,自請休學,0,1
113-1,花師教育學院,教育與潛能開發學系,教育與潛能開發學系科學教育博士班,博士,博士班,男,一般生(非原住民族),論文撰寫,自請休學,0,2
113-1,花師教育學院,教育與潛能開發學系,教育與潛能開發學系科學教育博士班,博士,博士班,男,一般生(非原住民族),家務或家人照顧,自請休學,0,1
113-1,花師教育學院,教育與潛能開發學系,教育與潛能開發學系科學教育博士班,博士,博士班,女,一般生(非原住民族),工作,自請休學,1,2
113-1,花師教育學院,教育與潛能開發學系,教育與潛能開發學系科學教育博士班,博士,博士班,女,一般生(非原住民族),論文撰寫,自請休學,1,2
113-1,花師教育學院,教育與潛能開發學系,教育與潛能開發學系科學教育博士班,博士,博士班,女,一般生(非原住民族),家務或家人照顧,自請休學,0,1
113-1,花師教育學院,教育與潛能開發學系,教育與潛能開發學系教育博士班,博士,博士班,男,原住民族學生,論文撰寫,自請休學,1,1
113-1,花師教育學院,教育與潛能開發學系,教育與潛能開發學系教育博士班,博士,博士班,男,一般生(非原住民族),工作,自請休學,3,3
113-1,花師教育學院,教育與潛能開發學系,教育與潛能開發學系教育博士班,博士,博士班,男,一般生(非原住民族),育嬰,自請休學,1,1
113-1,花師教育學院,教育與潛能開發學系,教育與潛能開發學系教育博士班,博士,博士班,男,一般生(非原住民族),兵役,自請休學,1,1
113-1,花師教育學院,教育與潛能開發學系,教育與潛能開發學系教育博士班,博士,博士班,男,一般生(非原住民族),論文撰寫,自請休學,2,3
113-1,花師教育學院,教育與潛能開發學系,教育與潛能開發學系教育博士班,博士,博士班,男,一般生(非原住民族),家務或家人照顧,自請休學,1,3
113-1,花師教育學院,教育與潛能開發學系,教育與潛能開發學系教育博士班,博士,博士班,男,其他類學生,工作,自請休學,0,1
113-1,花師教育學院,教育與潛能開發學系,教育與潛能開發學系教育博士班,博士,博士班,女,一般生(非原住民族),傷病,自請休學,2,3
113-1,花師教育學院,教育與潛能開發學系,教育與潛能開發學系教育博士班,博士,博士班,女,一般生(非原住民族),工作,自請休學,3,7
113-1,花師教育學院,教育與潛能開發學系,教育與潛能開發學系教育博士班,博士,博士班,女,一般生(非原住民族),育嬰,自請休學,0,3
113-1,花師教育學院,教育與潛能開發學系,教育與潛能開發學系教育博士班,博士,博士班,女,一般生(非原住民族),論文撰寫,自請休學,2,5
113-1,花師教育學院,教育與潛能開發學系,教育與潛能開發學系教育博士班,博士,博士班,女,一般生(非原住民族),家務或家人照顧,自請休學,0,1
113-1,花師教育學院,教育與潛能開發學系,教育與潛能開發學系教育博士班,博士,博士班,女,一般生(非原住民族),其他,自請休學,1,1
113-1,花師教育學院,教育與潛能開發學系,教育與潛能開發學系教育博士班,博士,博士班,女,其他類學生,經濟困難,自請休學,0,2
113-1,花師教育學院,教育與潛能開發學系,教育與潛能開發學系教育博士班,博士,博士班,女,其他類學生,工作,自請休學,0,1
113-1,花師教育學院,教育與潛能開發學系,教育與潛能開發學系多元文化教育碩士班,碩士,碩士班,男,原住民族學生,育嬰,自請休學,0,1
113-1,花師教育學院,教育與潛能開發學系,教育與潛能開發學系多元文化教育碩士班,碩士,碩士班,男,原住民族學生,論文撰寫,自請休學,0,1
113-1,花師教育學院,教育與潛能開發學系,教育與潛能開發學系多元文化教育碩士班,碩士,碩士班,男,一般生(非原住民族),就讀學校科系不符期待,自請休學,0,1
113-1,花師教育學院,教育與潛能開發學系,教育與潛能開發學系多元文化教育碩士班,碩士,碩士班,男,一般生(非原住民族),工作,自請休學,0,1
113-1,花師教育學院,教育與潛能開發學系,教育與潛能開發學系多元文化教育碩士班,碩士,碩士班,男,一般生(非原住民族),論文撰寫,自請休學,0,1
113-1,花師教育學院,教育與潛能開發學系,教育與潛能開發學系多元文化教育碩士班,碩士,碩士班,女,原住民族學生,工作,自請休學,1,2
113-1,花師教育學院,教育與潛能開發學系,教育與潛能開發學系多元文化教育碩士班,碩士,碩士班,女,原住民族學生,論文撰寫,自請休學,1,1
113-1,花師教育學院,教育與潛能開發學系,教育與潛能開發學系多元文化教育碩士班,碩士,碩士班,女,一般生(非原住民族),工作,自請休學,0,1
113-1,花師教育學院,教育與潛能開發學系,教育與潛能開發學系多元文化教育碩士班,碩士,碩士班,女,一般生(非原住民族),育嬰,自請休學,0,1
113-1,花師教育學院,教育與潛能開發學系,教育與潛能開發學系多元文化教育碩士班,碩士,碩士班,女,一般生(非原住民族),論文撰寫,自請休學,0,2
113-1,花師教育學院,教育與潛能開發學系,教育與潛能開發學系多元文化教育碩士班,碩士,碩士班,女,一般生(非原住民族),其他,自請休學,2,2
113-1,花師教育學院,教育與潛能開發學系,教育與潛能開發學系科學教育碩士班,碩士,碩士班,男,一般生(非原住民族),傷病,自請休學,0,2
113-1,花師教育學院,教育與潛能開發學系,教育與潛能開發學系科學教育碩士班,碩士,碩士班,男,一般生(非原住民族),工作,自請休學,2,3
113-1,花師教育學院,教育與潛能開發學系,教育與潛能開發學系科學教育碩士班,碩士,碩士班,男,一般生(非原住民族),論文撰寫,自請休學,0,1
113-1,花師教育學院,教育與潛能開發學系,教育與潛能開發學系科學教育碩士班,碩士,碩士班,女,一般生(非原住民族),工作,自請休學,0,5
113-1,花師教育學院,教育與潛能開發學系,教育與潛能開發學系科學教育碩士班,碩士,碩士班,女,一般生(非原住民族),育嬰,自請休學,0,1
113-1,花師教育學院,教育與潛能開發學系,教育與潛能開發學系教育碩士班,碩士,碩士班,男,原住民族學生,工作,自請休學,0,1
113-1,花師教育學院,教育與潛能開發學系,教育與潛能開發學系教育碩士班,碩士,碩士班,男,原住民族學生,育嬰,自請休學,0,1
113-1,花師教育學院,教育與潛能開發學系,教育與潛能開發學系教育碩士班,碩士,碩士班,男,一般生(非原住民族),工作,自請休學,0,3
113-1,花師教育學院,教育與潛能開發學系,教育與潛能開發學系教育碩士班,碩士,碩士班,男,一般生(非原住民族),出國,自請休學,0,1
113-1,花師教育學院,教育與潛能開發學系,教育與潛能開發學系教育碩士班,碩士,碩士班,男,一般生(非原住民族),其他,自請休學,1,1
113-1,花師教育學院,教育與潛能開發學系,教育與潛能開發學系教育碩士班,碩士,碩士班,男,其他類學生,論文撰寫,自請休學,0,1
113-1,花師教育學院,教育與潛能開發學系,教育與潛能開發學系教育碩士班,碩士,碩士班,女,原住民族學生,工作,自請休學,0,1
113-1,花師教育學院,教育與潛能開發學系,教育與潛能開發學系教育碩士班,碩士,碩士班,女,原住民族學生,論文撰寫,自請休學,0,1
113-1,花師教育學院,教育與潛能開發學系,教育與潛能開發學系教育碩士班,碩士,碩士班,女,一般生(非原住民族),工作,自請休學,4,6
113-1,花師教育學院,教育與潛能開發學系,教育與潛能開發學系教育碩士班,碩士,碩士班,女,一般生(非原住民族),論文撰寫,自請休學,1,1
113-1,花師教育學院,教育與潛能開發學系,教育與潛能開發學系教育碩士班,碩士,碩士班,女,一般生(非原住民族),家務或家人照顧,自請休學,0,1
113-1,花師教育學院,教育與潛能開發學系,教育與潛能開發學系教育碩士班,碩士,碩士班,女,一般生(非原住民族),其他,自請休學,1,1
113-1,花師教育學院,教育與潛能開發學系,教育與潛能開發學系教育碩士班,碩士,碩士班,女,其他類學生,論文撰寫,自請休學,0,1
113-1,花師教育學院,教育與潛能開發學系,教育與潛能開發學系教育碩士在職專班,碩士,碩士在職專班,男,原住民族學生,工作,自請休學,0,1
113-1,花師教育學院,教育與潛能開發學系,教育與潛能開發學系教育碩士在職專班,碩士,碩士在職專班,男,原住民族學生,論文撰寫,自請休學,0,1
113-1,花師教育學院,教育與潛能開發學系,教育與潛能開發學系教育碩士在職專班,碩士,碩士在職專班,男,一般生(非原住民族),工作,自請休學,0,4
113-1,花師教育學院,教育與潛能開發學系,教育與潛能開發學系教育碩士在職專班,碩士,碩士在職專班,男,一般生(非原住民族),論文撰寫,自請休學,0,3
113-1,花師教育學院,教育與潛能開發學系,教育與潛能開發學系教育碩士在職專班,碩士,碩士在職專班,男,一般生(非原住民族),家務或家人照顧,自請休學,0,1
113-1,花師教育學院,教育與潛能開發學系,教育與潛能開發學系教育碩士在職專班,碩士,碩士在職專班,男,一般生(非原住民族),考試訓練,自請休學,0,1
113-1,花師教育學院,教育與潛能開發學系,教育與潛能開發學系教育碩士在職專班,碩士,碩士在職專班,男,一般生(非原住民族),其他,自請休學,2,2
113-1,花師教育學院,教育與潛能開發學系,教育與潛能開發學系教育碩士在職專班,碩士,碩士在職專班,女,原住民族學生,育嬰,自請休學,0,2
113-1,花師教育學院,教育與潛能開發學系,教育與潛能開發學系教育碩士在職專班,碩士,碩士在職專班,女,一般生(非原住民族),傷病,自請休學,1,1
113-1,花師教育學院,教育與潛能開發學系,教育與潛能開發學系教育碩士在職專班,碩士,碩士在職專班,女,一般生(非原住民族),經濟困難,自請休學,0,1
113-1,花師教育學院,教育與潛能開發學系,教育與潛能開發學系教育碩士在職專班,碩士,碩士在職專班,女,一般生(非原住民族),就讀學校科系不符期待,自請休學,0,1
113-1,花師教育學院,教育與潛能開發學系,教育與潛能開發學系教育碩士在職專班,碩士,碩士在職專班,女,一般生(非原住民族),工作,自請休學,3,10
113-1,花師教育學院,教育與潛能開發學系,教育與潛能開發學系教育碩士在職專班,碩士,碩士在職專班,女,一般生(非原住民族),育嬰,自請休學,0,1
113-1,花師教育學院,教育與潛能開發學系,教育與潛能開發學系教育碩士在職專班,碩士,碩士在職專班,女,一般生(非原住民族),論文撰寫,自請休學,1,11
113-1,花師教育學院,教育與潛能開發學系,教育與潛能開發學系教育碩士在職專班,碩士,碩士在職專班,女,一般生(非原住民族),家務或家人照顧,自請休學,1,3
113-1,花師教育學院,教育與潛能開發學系,教育與潛能開發學系教育碩士在職專班,碩士,碩士在職專班,女,一般生(非原住民族),考試訓練,自請休學,0,1
113-1,花師教育學院,教育與潛能開發學系,教育與潛能開發學系教育碩士在職專班,碩士,碩士在職專班,女,一般生(非原住民族),其他,自請休學,2,4
113-1,花師教育學院,教育與潛能開發學系,教育與潛能開發學系,學士,學士班,男,一般生(非原住民族),學業成績不佳,自請休學,1,1
113-1,花師教育學院,教育與潛能開發學系,教育與潛能開發學系,學士,學士班,女,原住民族學生,傷病,自請休學,1,1
113-1,花師教育學院,教育與潛能開發學系,教育與潛能開發學系,學士,學士班,女,一般生(非原住民族),就讀學校科系不符期待,自請休學,0,2
113-1,藝術學院,藝術創意產業學系,藝術創意產業學系,碩士,碩士在職專班,男,原住民族學生,工作,自請休學,0,1
113-1,藝術學院,藝術創意產業學系,藝術創意產業學系,碩士,碩士在職專班,男,一般生(非原住民族),工作,自請休學,0,1
113-1,藝術學院,藝術創意產業學系,藝術創意產業學系,碩士,碩士在職專班,男,一般生(非原住民族),家務或家人照顧,自請休學,0,1
113-1,藝術學院,藝術創意產業學系,藝術創意產業學系,碩士,碩士在職專班,女,原住民族學生,工作,自請休學,0,1
113-1,藝術學院,藝術創意產業學系,藝術創意產業學系,碩士,碩士在職專班,女,原住民族學生,育嬰,自請休學,0,1
113-1,藝術學院,藝術創意產業學系,藝術創意產業學系,碩士,碩士在職專班,女,一般生(非原住民族),工作,自請休學,2,5
113-1,藝術學院,藝術創意產業學系,藝術創意產業學系,碩士,碩士在職專班,女,一般生(非原住民族),育嬰,自請休學,0,1
113-1,藝術學院,藝術創意產業學系,藝術創意產業學系,碩士,碩士在職專班,女,一般生(非原住民族),論文撰寫,自請休學,0,1
113-1,藝術學院,藝術創意產業學系,藝術創意產業學系,碩士,碩士在職專班,女,一般生(非原住民族),家務或家人照顧,自請休學,0,2
113-1,藝術學院,藝術創意產業學系,藝術創意產業學系,碩士,碩士班,男,原住民族學生,論文撰寫,自請休學,1,1
113-1,藝術學院,藝術創意產業學系,藝術創意產業學系,碩士,碩士班,男,一般生(非原住民族),工作,自請休學,1,1
113-1,藝術學院,藝術創意產業學系,藝術創意產業學系,碩士,碩士班,男,一般生(非原住民族),論文撰寫,自請休學,2,3
113-1,藝術學院,藝術創意產業學系,藝術創意產業學系,碩士,碩士班,男,一般生(非原住民族),家務或家人照顧,自請休學,1,1
113-1,藝術學院,藝術創意產業學系,藝術創意產業學系,碩士,碩士班,女,原住民族學生,傷病,自請休學,1,1
113-1,藝術學院,藝術創意產業學系,藝術創意產業學系,碩士,碩士班,女,原住民族學生,工作,自請休學,1,1
113-1,藝術學院,藝術創意產業學系,藝術創意產業學系,碩士,碩士班,女,原住民族學生,家務或家人照顧,自請休學,1,1
113-1,藝術學院,藝術創意產業學系,藝術創意產業學系,碩士,碩士班,女,一般生(非原住民族),傷病,自請休學,1,2
113-1,藝術學院,藝術創意產業學系,藝術創意產業學系,碩士,碩士班,女,一般生(非原住民族),工作,自請休學,3,5
113-1,藝術學院,藝術創意產業學系,藝術創意產業學系,碩士,碩士班,女,一般生(非原住民族),論文撰寫,自請休學,1,4
113-1,管理學院,國際企業學系,國際企業學系經營管理碩士在職專班,碩士,碩士在職專班,男,原住民族學生,育嬰,自請休學,0,1
113-1,管理學院,國際企業學系,國際企業學系經營管理碩士在職專班,碩士,碩士在職專班,男,一般生(非原住民族),工作,自請休學,1,2
113-1,管理學院,國際企業學系,國際企業學系經營管理碩士在職專班,碩士,碩士在職專班,男,一般生(非原住民族),育嬰,自請休學,0,3
113-1,管理學院,國際企業學系,國際企業學系經營管理碩士在職專班,碩士,碩士在職專班,男,一般生(非原住民族),論文撰寫,自請休學,1,1
113-1,管理學院,國際企業學系,國際企業學系經營管理碩士在職專班,碩士,碩士在職專班,男,一般生(非原住民族),家務或家人照顧,自請休學,0,1
113-1,管理學院,國際企業學系,國際企業學系經營管理碩士在職專班,碩士,碩士在職專班,男,一般生(非原住民族),其他,自請休學,0,1
113-1,管理學院,國際企業學系,國際企業學系經營管理碩士在職專班,碩士,碩士在職專班,女,一般生(非原住民族),懷孕,自請休學,0,1
113-1,管理學院,資訊管理學系,資訊管理學系,碩士,碩士班,男,一般生(非原住民族),就讀學校科系不符期待,自請休學,0,1
113-1,管理學院,資訊管理學系,資訊管理學系,碩士,碩士班,男,一般生(非原住民族),工作,自請休學,1,1
113-1,管理學院,資訊管理學系,資訊管理學系,碩士,碩士班,女,一般生(非原住民族),工作,自請休學,1,1
113-1,管理學院,資訊管理學系,資訊管理學系,碩士,碩士班,女,一般生(非原住民族),家務或家人照顧,自請休學,1,1
113-1,管理學院,會計學系,會計學系,碩士,碩士班,男,一般生(非原住民族),就讀學校科系不符期待,自請休學,0,1
113-1,管理學院,會計學系,會計學系,碩士,碩士班,男,一般生(非原住民族),兵役,自請休學,1,1
113-1,管理學院,會計學系,會計學系,碩士,碩士班,女,一般生(非原住民族),就讀學校科系不符期待,自請休學,1,1
113-1,管理學院,會計學系,會計學系,碩士,碩士班,女,一般生(非原住民族),工作,自請休學,1,1
113-1,原住民民族學院,原住民族樂舞與藝術學士學位學程,原住民族樂舞與藝術學士學位學程,學士,學士班,男,原住民族學生,工作,自請休學,1,1
113-1,原住民民族學院,原住民族樂舞與藝術學士學位學程,原住民族樂舞與藝術學士學位學程,學士,學士班,男,原住民族學生,就學環境,自請休學,0,1
113-1,原住民民族學院,原住民族樂舞與藝術學士學位學程,原住民族樂舞與藝術學士學位學程,學士,學士班,女,原住民族學生,經濟困難,自請休學,0,1
113-1,原住民民族學院,原住民族樂舞與藝術學士學位學程,原住民族樂舞與藝術學士學位學程,學士,學士班,女,原住民族學生,工作,自請休學,0,2
113-1,人文社會科學學院,法律學系,法律學系,學士,學士班,男,一般生(非原住民族),傷病,自請休學,0,1
113-1,人文社會科學學院,法律學系,法律學系,學士,學士班,女,一般生(非原住民族),傷病,自請休學,0,1
113-1,人文社會科學學院,法律學系,法律學系,學士,學士班,女,一般生(非原住民族),出國,自請休學,1,1
113-1,人文社會科學學院,人文社會科學學院華語文教學國際博士班,人文社會科學學院華語文教學國際博士班,博士,博士班,男,其他類學生,論文撰寫,自請休學,0,1
113-1,人文社會科學學院,法律學系,法律學系原住民專班,學士,學士班,女,原住民族學生,學業成績不佳,自請休學,1,1
113-1,花師教育學院,幼兒教育學系,幼兒教育學系學士後學位學程教保員專班,學士,學士班,女,原住民族學生,工作,自請休學,0,1
113-1,花師教育學院,幼兒教育學系,幼兒教育學系學士後學位學程教保員專班,學士,學士班,女,一般生(非原住民族),家務或家人照顧,自請休學,0,1
113-1,人文社會科學學院,法律學系,法律學系,碩士,碩士班,男,原住民族學生,工作,自請休學,1,1
113-1,人文社會科學學院,法律學系,法律學系,碩士,碩士班,男,原住民族學生,考試訓練,自請休學,0,1
113-1,人文社會科學學院,法律學系,法律學系,碩士,碩士班,男,一般生(非原住民族),工作,自請休學,1,8
113-1,人文社會科學學院,法律學系,法律學系,碩士,碩士班,男,一般生(非原住民族),育嬰,自請休學,0,1
113-1,人文社會科學學院,法律學系,法律學系,碩士,碩士班,男,一般生(非原住民族),論文撰寫,自請休學,0,4
113-1,人文社會科學學院,法律學系,法律學系,碩士,碩士班,女,原住民族學生,工作,自請休學,1,2
113-1,人文社會科學學院,法律學系,法律學系,碩士,碩士班,女,原住民族學生,論文撰寫,自請休學,0,1
113-1,人文社會科學學院,法律學系,法律學系,碩士,碩士班,女,一般生(非原住民族),工作,自請休學,1,1
113-1,人文社會科學學院,法律學系,法律學系,碩士,碩士班,女,一般生(非原住民族),育嬰,自請休學,0,1
113-1,人文社會科學學院,法律學系,法律學系,碩士,碩士班,女,一般生(非原住民族),論文撰寫,自請休學,0,3
113-1,人文社會科學學院,法律學系,法律學系,碩士,碩士班,女,一般生(非原住民族),家務或家人照顧,自請休學,0,1
113-1,人文社會科學學院,法律學系,法律學系,碩士,碩士班,女,一般生(非原住民族),考試訓練,自請休學,1,1
113-1,人文社會科學學院,人文社會科學學院華語文教學暨書法國際碩士班,人文社會科學學院華語文教學暨書法國際碩士班,碩士,碩士班,男,一般生(非原住民族),經濟困難,自請休學,0,1
113-1,洄瀾學院,縱谷跨域書院學士學位學程,縱谷跨域書院學士學位學程,學士,學士班,男,一般生(非原住民族),就讀學校科系不符期待,自請休學,1,1
113-1,洄瀾學院,縱谷跨域書院學士學位學程,縱谷跨域書院學士學位學程,學士,學士班,男,一般生(非原住民族),出國,自請休學,1,1
113-1,洄瀾學院,縱谷跨域書院學士學位學程,縱谷跨域書院學士學位學程,學士,學士班,男,一般生(非原住民族),家務或家人照顧,自請休學,0,1
113-1,洄瀾學院,縱谷跨域書院學士學位學程,縱谷跨域書院學士學位學程,學士,學士班,女,一般生(非原住民族),就讀學校科系不符期待,自請休學,0,1
113-1,環境暨海洋學院,自然資源與環境學系,自然資源與環境學系,博士,博士班,男,一般生(非原住民族),傷病,自請休學,0,1
113-1,環境暨海洋學院,自然資源與環境學系,自然資源與環境學系,博士,博士班,男,一般生(非原住民族),工作,自請休學,1,1
113-1,環境暨海洋學院,自然資源與環境學系,自然資源與環境學系,博士,博士班,男,一般生(非原住民族),出國,自請休學,1,1
113-1,環境暨海洋學院,自然資源與環境學系,自然資源與環境學系,博士,博士班,男,一般生(非原住民族),論文撰寫,自請休學,1,1
113-1,環境暨海洋學院,自然資源與環境學系,自然資源與環境學系,博士,博士班,女,一般生(非原住民族),傷病,自請休學,0,1
113-1,環境暨海洋學院,自然資源與環境學系,自然資源與環境學系,博士,博士班,女,一般生(非原住民族),工作,自請休學,1,2
113-1,環境暨海洋學院,自然資源與環境學系,自然資源與環境學系,博士,博士班,女,其他類學生,工作,自請休學,0,1
113-1,環境暨海洋學院,自然資源與環境學系,自然資源與環境學系,碩士,碩士班,男,原住民族學生,傷病,自請休學,0,1
113-1,環境暨海洋學院,自然資源與環境學系,自然資源與環境學系,碩士,碩士班,男,原住民族學生,工作,自請休學,0,1
113-1,環境暨海洋學院,自然資源與環境學系,自然資源與環境學系,碩士,碩士班,男,一般生(非原住民族),傷病,自請休學,1,1
113-1,環境暨海洋學院,自然資源與環境學系,自然資源與環境學系,碩士,碩士班,男,一般生(非原住民族),經濟困難,自請休學,0,2
113-1,環境暨海洋學院,自然資源與環境學系,自然資源與環境學系,碩士,碩士班,男,一般生(非原住民族),工作,自請休學,0,1
113-1,環境暨海洋學院,自然資源與環境學系,自然資源與環境學系,碩士,碩士班,男,一般生(非原住民族),出國,自請休學,0,1
113-1,環境暨海洋學院,自然資源與環境學系,自然資源與環境學系,碩士,碩士班,男,一般生(非原住民族),論文撰寫,自請休學,0,3
113-1,環境暨海洋學院,自然資源與環境學系,自然資源與環境學系,碩士,碩士班,男,其他類學生,論文撰寫,自請休學,0,1
113-1,環境暨海洋學院,自然資源與環境學系,自然資源與環境學系,碩士,碩士班,女,一般生(非原住民族),工作,自請休學,1,3
113-1,環境暨海洋學院,自然資源與環境學系,自然資源與環境學系,碩士,碩士班,女,一般生(非原住民族),育嬰,自請休學,0,1
113-1,環境暨海洋學院,自然資源與環境學系,自然資源與環境學系,碩士,碩士班,女,一般生(非原住民族),論文撰寫,自請休學,2,2
113-1,環境暨海洋學院,自然資源與環境學系,自然資源與環境學系,學士,學士班,男,一般生(非原住民族),傷病,自請休學,0,1
113-1,環境暨海洋學院,自然資源與環境學系,自然資源與環境學系,學士,學士班,男,一般生(非原住民族),學業成績不佳,自請休學,1,1
113-1,環境暨海洋學院,自然資源與環境學系,自然資源與環境學系,學士,學士班,男,一般生(非原住民族),就讀學校科系不符期待,自請休學,1,1
113-1,環境暨海洋學院,自然資源與環境學系,自然資源與環境學系,學士,學士班,男,一般生(非原住民族),工作,自請休學,1,2
113-1,環境暨海洋學院,自然資源與環境學系,自然資源與環境學系,學士,學士班,男,一般生(非原住民族),出國,自請休學,0,1
113-1,環境暨海洋學院,自然資源與環境學系,自然資源與環境學系,學士,學士班,女,一般生(非原住民族),傷病,自請休學,1,2
113-1,環境暨海洋學院,自然資源與環境學系,自然資源與環境學系,學士,學士班,女,一般生(非原住民族),就讀學校科系不符期待,自請休學,1,2
113-1,環境暨海洋學院,自然資源與環境學系,自然資源與環境學系,學士,學士班,女,一般生(非原住民族),就學環境,自請休學,0,1
113-1,環境暨海洋學院,海洋生物研究所,海洋生物研究所,碩士,碩士班,男,一般生(非原住民族),就讀學校科系不符期待,自請休學,0,1
113-1,環境暨海洋學院,海洋生物研究所,海洋生物研究所,碩士,碩士班,男,一般生(非原住民族),工作,自請休學,1,1
113-1,環境暨海洋學院,海洋生物研究所,海洋生物研究所,碩士,碩士班,女,一般生(非原住民族),就讀學校科系不符期待,自請休學,0,1
113-1,理工學院,資訊工程學系,資訊工程學系人工智慧與創新應用碩士班,碩士,碩士班,男,一般生(非原住民族),傷病,自請休學,1,1
113-1,理工學院,資訊工程學系,資訊工程學系人工智慧與創新應用碩士班,碩士,碩士班,男,一般生(非原住民族),經濟困難,自請休學,0,1
113-1,理工學院,資訊工程學系,資訊工程學系人工智慧與創新應用碩士班,碩士,碩士班,男,一般生(非原住民族),工作,自請休學,1,1
113-1,原住民民族學院,原住民民族學院原住民族研究國際博士班,原住民民族學院原住民族研究國際博士班,博士,博士班,男,其他類學生,工作,自請休學,1,1
113-1,管理學院,管理學院會計與資訊管理國際學士班,管理學院會計與資訊管理國際學士班,學士,學士班,男,一般生(非原住民族),出國,自請休學,1,1
113-1,理工學院,生化暨分子醫學科學系,生化暨分子醫學科學系,博士,博士班,男,一般生(非原住民族),工作,自請休學,0,1
113-1,理工學院,生化暨分子醫學科學系,生化暨分子醫學科學系,博士,博士班,女,一般生(非原住民族),懷孕,自請休學,1,1
113-1,理工學院,生化暨分子醫學科學系,生化暨分子醫學科學系,碩士,碩士班,男,一般生(非原住民族),考試訓練,自請休學,1,1
113-1,理工學院,生化暨分子醫學科學系,生化暨分子醫學科學系,學士,學士班,男,一般生(非原住民族),傷病,自請休學,2,2
113-1,理工學院,生化暨分子醫學科學系,生化暨分子醫學科學系,學士,學士班,男,一般生(非原住民族),就讀學校科系不符期待,自請休學,1,1
113-1,理工學院,生化暨分子醫學科學系,生化暨分子醫學科學系,學士,學士班,男,其他類學生,學業成績不佳,自請休學,0,1
113-1,理工學院,生化暨分子醫學科學系,生化暨分子醫學科學系,學士,學士班,女,一般生(非原住民族),傷病,自請休學,1,2
113-1,理工學院,生化暨分子醫學科學系,生化暨分子醫學科學系,學士,學士班,女,一般生(非原住民族),出國,自請休學,1,1
113-1,理工學院,生化暨分子醫學科學系,生化暨分子醫學科學系,學士,學士班,女,一般生(非原住民族),家務或家人照顧,自請休學,1,1
113-1,理工學院,生化暨分子醫學科學系,生化暨分子醫學科學系,學士,學士班,女,一般生(非原住民族),考試訓練,自請休學,1,1
113-1,花師教育學院,花師教育學院多元文化教育博士班,花師教育學院多元文化教育博士班,博士,博士班,男,一般生(非原住民族),工作,自請休學,1,1
113-1,花師教育學院,花師教育學院多元文化教育博士班,花師教育學院多元文化教育博士班,博士,博士班,女,一般生(非原住民族),傷病,自請休學,1,1
113-1,管理學院,管理學院數位行銷與服務創新國際學士班,管理學院數位行銷與服務創新國際學士班,學士,學士班,男,一般生(非原住民族),兵役,自請休學,1,1
113-1,原住民民族學院,民族發展與社會工作學系,民族發展與社會工作學系,碩士,碩士班,男,原住民族學生,工作,自請休學,0,4
113-1,原住民民族學院,民族發展與社會工作學系,民族發展與社會工作學系,碩士,碩士班,男,原住民族學生,育嬰,自請休學,0,1
113-1,原住民民族學院,民族發展與社會工作學系,民族發展與社會工作學系,碩士,碩士班,男,原住民族學生,論文撰寫,自請休學,0,2
113-1,原住民民族學院,民族發展與社會工作學系,民族發展與社會工作學系,碩士,碩士班,男,原住民族學生,家務或家人照顧,自請休學,0,1
113-1,原住民民族學院,民族發展與社會工作學系,民族發展與社會工作學系,碩士,碩士班,男,原住民族學生,其他,自請休學,1,1
113-1,原住民民族學院,民族發展與社會工作學系,民族發展與社會工作學系,碩士,碩士班,男,一般生(非原住民族),工作,自請休學,0,1
113-1,原住民民族學院,民族發展與社會工作學系,民族發展與社會工作學系,碩士,碩士班,男,一般生(非原住民族),育嬰,自請休學,0,1
113-1,原住民民族學院,民族發展與社會工作學系,民族發展與社會工作學系,碩士,碩士班,女,原住民族學生,工作,自請休學,1,5
113-1,原住民民族學院,民族發展與社會工作學系,民族發展與社會工作學系,碩士,碩士班,女,原住民族學生,懷孕,自請休學,0,1
113-1,原住民民族學院,民族發展與社會工作學系,民族發展與社會工作學系,碩士,碩士班,女,原住民族學生,育嬰,自請休學,0,3
113-1,原住民民族學院,民族發展與社會工作學系,民族發展與社會工作學系,碩士,碩士班,女,原住民族學生,論文撰寫,自請休學,0,4
113-1,原住民民族學院,民族發展與社會工作學系,民族發展與社會工作學系,碩士,碩士班,女,原住民族學生,家務或家人照顧,自請休學,0,1
113-1,原住民民族學院,民族發展與社會工作學系,民族發展與社會工作學系,碩士,碩士班,女,一般生(非原住民族),工作,自請休學,0,1
113-1,原住民民族學院,民族發展與社會工作學系,民族發展與社會工作學系,碩士,碩士班,女,一般生(非原住民族),家務或家人照顧,自請休學,0,1
113-1,原住民民族學院,民族發展與社會工作學系,民族發展與社會工作學系民族社會工作碩士在職專班,碩士,碩士在職專班,男,原住民族學生,工作,自請休學,0,1
113-1,原住民民族學院,民族發展與社會工作學系,民族發展與社會工作學系民族社會工作碩士在職專班,碩士,碩士在職專班,男,原住民族學生,論文撰寫,自請休學,0,1
113-1,原住民民族學院,民族發展與社會工作學系,民族發展與社會工作學系民族社會工作碩士在職專班,碩士,碩士在職專班,男,一般生(非原住民族),工作,自請休學,1,3
113-1,原住民民族學院,民族發展與社會工作學系,民族發展與社會工作學系民族社會工作碩士在職專班,碩士,碩士在職專班,女,原住民族學生,就讀學校科系不符期待,自請休學,0,1
113-1,原住民民族學院,民族發展與社會工作學系,民族發展與社會工作學系民族社會工作碩士在職專班,碩士,碩士在職專班,女,原住民族學生,工作,自請休學,2,6
113-1,原住民民族學院,民族發展與社會工作學系,民族發展與社會工作學系民族社會工作碩士在職專班,碩士,碩士在職專班,女,原住民族學生,懷孕,自請休學,1,2
113-1,原住民民族學院,民族發展與社會工作學系,民族發展與社會工作學系民族社會工作碩士在職專班,碩士,碩士在職專班,女,原住民族學生,育嬰,自請休學,0,1
113-1,原住民民族學院,民族發展與社會工作學系,民族發展與社會工作學系民族社會工作碩士在職專班,碩士,碩士在職專班,女,原住民族學生,論文撰寫,自請休學,2,4
113-1,原住民民族學院,民族發展與社會工作學系,民族發展與社會工作學系民族社會工作碩士在職專班,碩士,碩士在職專班,女,一般生(非原住民族),工作,自請休學,0,2
113-1,原住民民族學院,民族發展與社會工作學系,民族發展與社會工作學系民族社會工作碩士在職專班,碩士,碩士在職專班,女,一般生(非原住民族),懷孕,自請休學,0,1
113-1,原住民民族學院,民族發展與社會工作學系,民族發展與社會工作學系民族社會工作碩士在職專班,碩士,碩士在職專班,女,一般生(非原住民族),論文撰寫,自請休學,1,5
113-1,原住民民族學院,民族發展與社會工作學系,民族發展與社會工作學系民族社會工作碩士在職專班,碩士,碩士在職專班,女,一般生(非原住民族),家務或家人照顧,自請休學,0,1
113-2,理工學院,應用數學系,應用數學系,學士,學士班,男,一般生(非原住民族),傷病,自請休學,1,1
113-2,理工學院,應用數學系,應用數學系,學士,學士班,男,一般生(非原住民族),學業成績不佳,自請休學,3,4
113-2,理工學院,應用數學系,應用數學系,學士,學士班,男,一般生(非原住民族),就讀學校科系不符期待,自請休學,1,5
113-2,理工學院,應用數學系,應用數學系,學士,學士班,男,一般生(非原住民族),工作,自請休學,0,2
113-2,理工學院,應用數學系,應用數學系,學士,學士班,男,其他類學生,經濟困難,自請休學,0,1
113-2,理工學院,應用數學系,應用數學系,學士,學士班,女,一般生(非原住民族),學業成績不佳,自請休學,1,1
113-2,理工學院,應用數學系,應用數學系,學士,學士班,女,一般生(非原住民族),就讀學校科系不符期待,自請休學,0,1
113-2,理工學院,應用數學系,應用數學系,學士,學士班,女,一般生(非原住民族),就學環境,自請休學,1,1
113-2,理工學院,應用數學系,應用數學系,學士,學士班,女,一般生(非原住民族),家務或家人照顧,自請休學,0,1
113-2,理工學院,應用數學系,應用數學系,博士,博士班,男,一般生(非原住民族),論文撰寫,自請休學,1,1
113-2,理工學院,應用數學系,應用數學系,碩士,碩士班,男,一般生(非原住民族),就讀學校科系不符期待,自請休學,1,2
113-2,理工學院,應用數學系,應用數學系,碩士,碩士班,男,一般生(非原住民族),論文撰寫,自請休學,0,2
113-2,理工學院,應用數學系,應用數學系,碩士,碩士班,男,一般生(非原住民族),就學環境,自請休學,1,1
113-2,理工學院,資訊工程學系,資訊工程學系,學士,學士班,男,原住民族學生,就讀學校科系不符期待,自請休學,1,1
113-2,理工學院,資訊工程學系,資訊工程學系,學士,學士班,男,一般生(非原住民族),學業成績不佳,自請休學,4,6
113-2,理工學院,資訊工程學系,資訊工程學系,學士,學士班,男,一般生(非原住民族),就讀學校科系不符期待,自請休學,1,3
113-2,理工學院,資訊工程學系,資訊工程學系,學士,學士班,男,一般生(非原住民族),工作,自請休學,0,3
113-2,理工學院,資訊工程學系,資訊工程學系,學士,學士班,男,一般生(非原住民族),出國,自請休學,0,1
113-2,理工學院,資訊工程學系,資訊工程學系,學士,學士班,男,其他類學生,學業成績不佳,自請休學,2,2
113-2,理工學院,資訊工程學系,資訊工程學系,學士,學士班,女,一般生(非原住民族),傷病,自請休學,0,1
113-2,理工學院,資訊工程學系,資訊工程學系,學士,學士班,女,一般生(非原住民族),經濟困難,自請休學,0,1
113-2,理工學院,資訊工程學系,資訊工程學系,學士,學士班,女,一般生(非原住民族),就讀學校科系不符期待,自請休學,0,4
113-2,理工學院,資訊工程學系,資訊工程學系,學士,學士班,女,一般生(非原住民族),家務或家人照顧,自請休學,0,1
113-2,理工學院,資訊工程學系,資訊工程學系,學士,學士班,女,其他類學生,經濟困難,自請休學,0,1
113-2,理工學院,資訊工程學系,資訊工程學系,博士,博士班,男,一般生(非原住民族),傷病,自請休學,0,1
113-2,理工學院,資訊工程學系,資訊工程學系,博士,博士班,男,一般生(非原住民族),論文撰寫,自請休學,0,2
113-2,理工學院,資訊工程學系,資訊工程學系,博士,博士班,男,一般生(非原住民族),家務或家人照顧,自請休學,0,1
113-2,理工學院,資訊工程學系,資訊工程學系,博士,博士班,男,其他類學生,經濟困難,自請休學,0,1
113-2,理工學院,資訊工程學系,資訊工程學系,碩士,碩士班,男,一般生(非原住民族),經濟困難,自請休學,0,2
113-2,理工學院,資訊工程學系,資訊工程學系,碩士,碩士班,男,一般生(非原住民族),就讀學校科系不符期待,自請休學,0,1
113-2,理工學院,資訊工程學系,資訊工程學系,碩士,碩士班,男,一般生(非原住民族),工作,自請休學,1,3
113-2,理工學院,資訊工程學系,資訊工程學系,碩士,碩士班,男,一般生(非原住民族),出國,自請休學,1,1
113-2,理工學院,資訊工程學系,資訊工程學系,碩士,碩士班,男,一般生(非原住民族),論文撰寫,自請休學,3,5
113-2,理工學院,資訊工程學系,資訊工程學系,碩士,碩士班,男,一般生(非原住民族),家務或家人照顧,自請休學,0,1
113-2,理工學院,資訊工程學系,資訊工程學系,碩士,碩士班,男,其他類學生,經濟困難,自請休學,0,1
113-2,理工學院,資訊工程學系,資訊工程學系,碩士,碩士班,男,其他類學生,工作,自請休學,0,1
113-2,理工學院,資訊工程學系,資訊工程學系,碩士,碩士班,男,其他類學生,論文撰寫,自請休學,1,1
113-2,理工學院,資訊工程學系,資訊工程學系,碩士,碩士班,女,一般生(非原住民族),經濟困難,自請休學,0,1
113-2,理工學院,資訊工程學系,資訊工程學系,碩士,碩士班,女,一般生(非原住民族),工作,自請休學,0,2
113-2,理工學院,資訊工程學系,資訊工程學系,碩士,碩士班,女,一般生(非原住民族),論文撰寫,自請休學,0,2
113-2,理工學院,資訊工程學系,資訊工程學系,碩士,碩士班,女,其他類學生,經濟困難,自請休學,1,1
113-2,理工學院,資訊工程學系,資訊工程學系,碩士,碩士在職專班,男,原住民族學生,工作,自請休學,0,1
113-2,理工學院,資訊工程學系,資訊工程學系,碩士,碩士在職專班,男,一般生(非原住民族),工作,自請休學,0,3
113-2,理工學院,物理學系,物理學系,學士,學士班,男,一般生(非原住民族),學業成績不佳,自請休學,0,1
113-2,理工學院,物理學系,物理學系,學士,學士班,男,一般生(非原住民族),就讀學校科系不符期待,自請休學,2,6
113-2,理工學院,物理學系,物理學系,學士,學士班,男,一般生(非原住民族),工作,自請休學,0,1
113-2,理工學院,物理學系,物理學系,學士,學士班,男,一般生(非原住民族),就學環境,自請休學,0,1
113-2,理工學院,物理學系,物理學系,學士,學士班,女,一般生(非原住民族),學業成績不佳,自請休學,1,1
113-2,理工學院,物理學系,物理學系,學士,學士班,女,一般生(非原住民族),就讀學校科系不符期待,自請休學,0,2
113-2,理工學院,化學系,化學系,學士,學士班,男,一般生(非原住民族),學業成績不佳,自請休學,1,2
113-2,理工學院,化學系,化學系,學士,學士班,男,一般生(非原住民族),就讀學校科系不符期待,自請休學,1,3
113-2,理工學院,化學系,化學系,學士,學士班,男,一般生(非原住民族),出國,自請休學,0,1
113-2,理工學院,化學系,化學系,學士,學士班,男,一般生(非原住民族),考試訓練,自請休學,0,1
113-2,理工學院,化學系,化學系,學士,學士班,女,一般生(非原住民族),傷病,自請休學,0,1
113-2,理工學院,化學系,化學系,學士,學士班,女,一般生(非原住民族),學業成績不佳,自請休學,0,1
113-2,理工學院,化學系,化學系,學士,學士班,女,一般生(非原住民族),就讀學校科系不符期待,自請休學,0,1
113-2,理工學院,化學系,化學系,碩士,碩士班,男,一般生(非原住民族),傷病,自請休學,1,1
113-2,理工學院,化學系,化學系,碩士,碩士班,男,一般生(非原住民族),論文撰寫,自請休學,0,1
113-2,理工學院,化學系,化學系,碩士,碩士班,女,一般生(非原住民族),論文撰寫,自請休學,1,1
113-2,理工學院,電機工程學系,電機工程學系,學士,學士班,男,一般生(非原住民族),經濟困難,自請休學,0,3
113-2,理工學院,電機工程學系,電機工程學系,學士,學士班,男,一般生(非原住民族),就讀學校科系不符期待,自請休學,1,6
113-2,理工學院,電機工程學系,電機工程學系,學士,學士班,男,一般生(非原住民族),工作,自請休學,0,1
113-2,理工學院,電機工程學系,電機工程學系,學士,學士班,男,一般生(非原住民族),出國,自請休學,0,2
113-2,理工學院,電機工程學系,電機工程學系,學士,學士班,男,一般生(非原住民族),家務或家人照顧,自請休學,0,1
113-2,理工學院,電機工程學系,電機工程學系,學士,學士班,男,一般生(非原住民族),考試訓練,自請休學,0,1
113-2,理工學院,電機工程學系,電機工程學系,學士,學士班,男,一般生(非原住民族),其他,自請休學,1,1
113-2,理工學院,電機工程學系,電機工程學系,學士,學士班,女,原住民族學生,學業成績不佳,自請休學,1,1
113-2,理工學院,電機工程學系,電機工程學系,學士,學士班,女,一般生(非原住民族),傷病,自請休學,0,1
113-2,理工學院,電機工程學系,電機工程學系,學士,學士班,女,一般生(非原住民族),就讀學校科系不符期待,自請休學,0,2
113-2,理工學院,電機工程學系,電機工程學系,博士,博士班,男,一般生(非原住民族),工作,自請休學,0,3
113-2,理工學院,電機工程學系,電機工程學系,博士,博士班,女,一般生(非原住民族),論文撰寫,自請休學,0,1
113-2,理工學院,電機工程學系,電機工程學系,碩士,碩士班,男,一般生(非原住民族),就讀學校科系不符期待,自請休學,0,1
113-2,理工學院,電機工程學系,電機工程學系,碩士,碩士班,男,一般生(非原住民族),論文撰寫,自請休學,1,2
113-2,理工學院,電機工程學系,電機工程學系,碩士,碩士班,男,一般生(非原住民族),考試訓練,自請休學,0,1
113-2,理工學院,電機工程學系,電機工程學系,碩士,碩士班,女,一般生(非原住民族),傷病,自請休學,0,1
113-2,理工學院,電機工程學系,電機工程學系,碩士,碩士班,女,一般生(非原住民族),考試訓練,自請休學,0,1
113-2,理工學院,材料科學與工程學系,材料科學與工程學系,學士,學士班,男,原住民族學生,考試訓練,自請休學,0,1
113-2,理工學院,材料科學與工程學系,材料科學與工程學系,學士,學士班,男,一般生(非原住民族),傷病,自請休學,1,1
113-2,理工學院,材料科學與工程學系,材料科學與工程學系,學士,學士班,男,一般生(非原住民族),學業成績不佳,自請休學,1,2
113-2,理工學院,材料科學與工程學系,材料科學與工程學系,學士,學士班,男,一般生(非原住民族),就讀學校科系不符期待,自請休學,0,3
113-2,理工學院,材料科學與工程學系,材料科學與工程學系,學士,學士班,男,一般生(非原住民族),出國,自請休學,0,1
113-2,理工學院,材料科學與工程學系,材料科學與工程學系,學士,學士班,男,一般生(非原住民族),考試訓練,自請休學,1,2
113-2,理工學院,材料科學與工程學系,材料科學與工程學系,學士,學士班,男,一般生(非原住民族),其他,自請休學,1,1
113-2,理工學院,材料科學與工程學系,材料科學與工程學系,學士,學士班,女,一般生(非原住民族),傷病,自請休學,0,1
113-2,理工學院,材料科學與工程學系,材料科學與工程學系,學士,學士班,女,一般生(非原住民族),家務或家人照顧,自請休學,0,1
113-2,管理學院,資訊管理學系,資訊管理碩士學位學程,碩士,碩士班,男,一般生(非原住民族),論文撰寫,自請休學,0,1
113-2,管理學院,企業管理學系,企業管理學系,學士,學士班,男,原住民族學生,傷病,自請休學,0,1
113-2,管理學院,企業管理學系,企業管理學系,學士,學士班,男,一般生(非原住民族),傷病,自請休學,0,1
113-2,管理學院,企業管理學系,企業管理學系,學士,學士班,男,一般生(非原住民族),經濟困難,自請休學,1,1
113-2,管理學院,企業管理學系,企業管理學系,學士,學士班,男,一般生(非原住民族),就讀學校科系不符期待,自請休學,1,4
113-2,管理學院,企業管理學系,企業管理學系,學士,學士班,男,一般生(非原住民族),工作,自請休學,0,1
113-2,管理學院,企業管理學系,企業管理學系,學士,學士班,女,一般生(非原住民族),學業成績不佳,自請休學,1,1
113-2,管理學院,企業管理學系,企業管理學系,學士,學士班,女,一般生(非原住民族),就讀學校科系不符期待,自請休學,0,1
113-2,管理學院,企業管理學系,企業管理學系,學士,學士班,女,一般生(非原住民族),家務或家人照顧,自請休學,1,1
113-2,管理學院,企業管理學系,企業管理學系,博士,博士班,男,原住民族學生,工作,自請休學,1,1
113-2,管理學院,企業管理學系,企業管理學系,博士,博士班,男,原住民族學生,家務或家人照顧,自請休學,0,1
113-2,管理學院,企業管理學系,企業管理學系,博士,博士班,男,原住民族學生,其他,自請休學,0,1
113-2,管理學院,企業管理學系,企業管理學系,博士,博士班,男,一般生(非原住民族),傷病,自請休學,1,2
113-2,管理學院,企業管理學系,企業管理學系,博士,博士班,男,一般生(非原住民族),工作,自請休學,2,4
113-2,管理學院,企業管理學系,企業管理學系,博士,博士班,男,一般生(非原住民族),論文撰寫,自請休學,1,1
113-2,管理學院,企業管理學系,企業管理學系,博士,博士班,男,一般生(非原住民族),家務或家人照顧,自請休學,0,2
113-2,管理學院,企業管理學系,企業管理學系,博士,博士班,男,其他類學生,育嬰,自請休學,0,2
113-2,管理學院,企業管理學系,企業管理學系,博士,博士班,男,其他類學生,論文撰寫,自請休學,1,1
113-2,管理學院,企業管理學系,企業管理學系,博士,博士班,女,一般生(非原住民族),工作,自請休學,0,1
113-2,管理學院,企業管理學系,企業管理學系,博士,博士班,女,一般生(非原住民族),育嬰,自請休學,0,1
113-2,管理學院,企業管理學系,企業管理學系,博士,博士班,女,一般生(非原住民族),論文撰寫,自請休學,0,1
113-2,管理學院,企業管理學系,企業管理學系,博士,博士班,女,一般生(非原住民族),家務或家人照顧,自請休學,0,2
113-2,管理學院,企業管理學系,企業管理學系,博士,博士班,女,其他類學生,經濟困難,自請休學,1,1
113-2,管理學院,企業管理學系,企業管理學系,博士,博士班,女,其他類學生,育嬰,自請休學,0,1
113-2,管理學院,企業管理學系,企業管理學系,碩士,碩士班,男,一般生(非原住民族),工作,自請休學,0,1
113-2,管理學院,企業管理學系,企業管理學系,碩士,碩士班,男,一般生(非原住民族),育嬰,自請休學,0,1
113-2,管理學院,企業管理學系,企業管理學系,碩士,碩士班,男,一般生(非原住民族),論文撰寫,自請休學,1,1
113-2,管理學院,企業管理學系,企業管理學系,碩士,碩士班,男,一般生(非原住民族),考試訓練,自請休學,0,1
113-2,管理學院,企業管理學系,企業管理學系,碩士,碩士班,男,其他類學生,工作,自請休學,0,1
113-2,管理學院,企業管理學系,企業管理學系,碩士,碩士班,女,原住民族學生,育嬰,自請休學,0,1
113-2,管理學院,企業管理學系,企業管理學系,碩士,碩士班,女,一般生(非原住民族),出國,自請休學,0,1
113-2,管理學院,企業管理學系,企業管理學系,碩士,碩士班,女,一般生(非原住民族),論文撰寫,自請休學,3,3
113-2,管理學院,企業管理學系,企業管理學系,碩士,碩士班,女,一般生(非原住民族),家務或家人照顧,自請休學,0,1
113-2,管理學院,企業管理學系,企業管理學系,碩士,碩士班,女,其他類學生,工作,自請休學,0,1
113-2,管理學院,企業管理學系,企業管理學系,碩士,碩士班,女,其他類學生,論文撰寫,自請休學,0,1
113-2,管理學院,企業管理學系,企業管理學系,碩士,碩士在職專班,男,原住民族學生,工作,自請休學,0,1
113-2,管理學院,企業管理學系,企業管理學系,碩士,碩士在職專班,男,一般生(非原住民族),工作,自請休學,1,4
113-2,管理學院,企業管理學系,企業管理學系,碩士,碩士在職專班,男,一般生(非原住民族),育嬰,自請休學,0,2
113-2,管理學院,企業管理學系,企業管理學系,碩士,碩士在職專班,男,一般生(非原住民族),論文撰寫,自請休學,0,1
113-2,管理學院,企業管理學系,企業管理學系,碩士,碩士在職專班,男,一般生(非原住民族),家務或家人照顧,自請休學,0,1
113-2,管理學院,企業管理學系,企業管理學系,碩士,碩士在職專班,女,原住民族學生,工作,自請休學,0,1
113-2,管理學院,企業管理學系,企業管理學系,碩士,碩士在職專班,女,一般生(非原住民族),工作,自請休學,0,2
113-2,管理學院,企業管理學系,企業管理學系,碩士,碩士在職專班,女,一般生(非原住民族),育嬰,自請休學,0,1
113-2,管理學院,企業管理學系,企業管理學系,碩士,碩士在職專班,女,一般生(非原住民族),家務或家人照顧,自請休學,0,1
113-2,管理學院,會計學系,會計學系,學士,學士班,男,一般生(非原住民族),學業成績不佳,自請休學,1,2
113-2,管理學院,會計學系,會計學系,學士,學士班,男,一般生(非原住民族),就讀學校科系不符期待,自請休學,0,2
113-2,管理學院,會計學系,會計學系,學士,學士班,男,一般生(非原住民族),工作,自請休學,1,1
113-2,管理學院,會計學系,會計學系,學士,學士班,男,一般生(非原住民族),考試訓練,自請休學,0,1
113-2,管理學院,會計學系,會計學系,學士,學士班,男,一般生(非原住民族),其他,自請休學,1,1
113-2,管理學院,會計學系,會計學系,學士,學士班,女,原住民族學生,經濟困難,自請休學,0,1
113-2,管理學院,會計學系,會計學系,學士,學士班,女,一般生(非原住民族),經濟困難,自請休學,0,1
113-2,管理學院,資訊管理學系,資訊管理學系,學士,學士班,男,一般生(非原住民族),就讀學校科系不符期待,自請休學,1,1
113-2,管理學院,資訊管理學系,資訊管理學系,學士,學士班,女,一般生(非原住民族),就讀學校科系不符期待,自請休學,0,1
113-2,管理學院,資訊管理學系,資訊管理學系,學士,學士班,女,一般生(非原住民族),就學環境,自請休學,0,1
113-2,管理學院,資訊管理學系,資訊管理學系,學士,學士班,女,一般生(非原住民族),家務或家人照顧,自請休學,0,1
113-2,管理學院,國際企業學系,國際企業學系,學士,學士班,男,一般生(非原住民族),就讀學校科系不符期待,自請休學,1,1
113-2,管理學院,國際企業學系,國際企業學系,學士,學士班,男,一般生(非原住民族),考試訓練,自請休學,0,1
113-2,管理學院,國際企業學系,國際企業學系,學士,學士班,女,一般生(非原住民族),學業成績不佳,自請休學,1,1
113-2,管理學院,國際企業學系,國際企業學系,學士,學士班,女,一般生(非原住民族),就讀學校科系不符期待,自請休學,0,2
113-2,管理學院,國際企業學系,國際企業學系,學士,學士班,女,一般生(非原住民族),工作,自請休學,0,1
113-2,管理學院,國際企業學系,國際企業學系,學士,學士班,女,一般生(非原住民族),其他,自請休學,1,1
113-2,管理學院,國際企業學系,國際企業學系,學士,學士班,女,其他類學生,其他,自請休學,1,1
113-2,管理學院,國際企業學系,國際企業學系,碩士,碩士班,男,一般生(非原住民族),工作,自請休學,0,1
113-2,管理學院,國際企業學系,國際企業學系,碩士,碩士班,男,一般生(非原住民族),出國,自請休學,0,1
113-2,管理學院,國際企業學系,國際企業學系,碩士,碩士班,女,一般生(非原住民族),工作,自請休學,0,1
113-2,管理學院,國際企業學系,國際企業學系,碩士,碩士班,女,一般生(非原住民族),出國,自請休學,0,1
113-2,管理學院,國際企業學系,國際企業學系,碩士,碩士班,女,其他類學生,其他,自請休學,0,1
113-2,管理學院,國際企業學系,國際企業學系,碩士,碩士在職專班,男,一般生(非原住民族),工作,自請休學,1,3
113-2,管理學院,國際企業學系,國際企業學系,碩士,碩士在職專班,女,一般生(非原住民族),家務或家人照顧,自請休學,0,1
113-2,管理學院,財務金融學系,財務金融學系,學士,學士班,男,原住民族學生,學業成績不佳,自請休學,1,1
113-2,管理學院,財務金融學系,財務金融學系,學士,學士班,男,一般生(非原住民族),工作,自請休學,0,1
113-2,管理學院,財務金融學系,財務金融學系,學士,學士班,女,一般生(非原住民族),家務或家人照顧,自請休學,0,1
113-2,管理學院,管理學院高階經營管理碩士在職專班,管理學院高階經營管理碩士在職專班,碩士,碩士在職專班,男,一般生(非原住民族),傷病,自請休學,0,1
113-2,管理學院,管理學院高階經營管理碩士在職專班,管理學院高階經營管理碩士在職專班,碩士,碩士在職專班,男,一般生(非原住民族),就讀學校科系不符期待,自請休學,0,1
113-2,管理學院,管理學院高階經營管理碩士在職專班,管理學院高階經營管理碩士在職專班,碩士,碩士在職專班,男,一般生(非原住民族),工作,自請休學,0,3
113-2,管理學院,管理學院高階經營管理碩士在職專班,管理學院高階經營管理碩士在職專班,碩士,碩士在職專班,男,一般生(非原住民族),論文撰寫,自請休學,0,1
113-2,管理學院,管理學院高階經營管理碩士在職專班,管理學院高階經營管理碩士在職專班,碩士,碩士在職專班,男,一般生(非原住民族),家務或家人照顧,自請休學,0,1
113-2,管理學院,管理學院高階經營管理碩士在職專班,管理學院高階經營管理碩士在職專班,碩士,碩士在職專班,女,原住民族學生,工作,自請休學,0,1
113-2,管理學院,管理學院高階經營管理碩士在職專班,管理學院高階經營管理碩士在職專班,碩士,碩士在職專班,女,一般生(非原住民族),傷病,自請休學,1,1
113-2,管理學院,管理學院高階經營管理碩士在職專班,管理學院高階經營管理碩士在職專班,碩士,碩士在職專班,女,一般生(非原住民族),工作,自請休學,1,3
113-2,管理學院,管理學院高階經營管理碩士在職專班,管理學院高階經營管理碩士在職專班,碩士,碩士在職專班,女,一般生(非原住民族),家務或家人照顧,自請休學,0,1
113-2,人文社會科學學院,華文文學系,華文文學系,學士,學士班,男,一般生(非原住民族),經濟困難,自請休學,1,1
113-2,人文社會科學學院,華文文學系,華文文學系,學士,學士班,男,一般生(非原住民族),就讀學校科系不符期待,自請休學,0,2
113-2,人文社會科學學院,華文文學系,華文文學系,學士,學士班,男,一般生(非原住民族),工作,自請休學,1,1
113-2,人文社會科學學院,華文文學系,華文文學系,學士,學士班,男,一般生(非原住民族),出國,自請休學,0,2
113-2,人文社會科學學院,華文文學系,華文文學系,學士,學士班,男,一般生(非原住民族),家務或家人照顧,自請休學,1,1
113-2,人文社會科學學院,華文文學系,華文文學系,學士,學士班,女,原住民族學生,就讀學校科系不符期待,自請休學,0,1
113-2,人文社會科學學院,華文文學系,華文文學系,學士,學士班,女,一般生(非原住民族),傷病,自請休學,1,1
113-2,人文社會科學學院,華文文學系,華文文學系,學士,學士班,女,一般生(非原住民族),學業成績不佳,自請休學,0,1
113-2,人文社會科學學院,華文文學系,華文文學系,學士,學士班,女,一般生(非原住民族),就讀學校科系不符期待,自請休學,1,1
113-2,人文社會科學學院,華文文學系,華文文學系,學士,學士班,女,一般生(非原住民族),工作,自請休學,0,3
113-2,人文社會科學學院,華文文學系,華文文學系,學士,學士班,女,一般生(非原住民族),就學環境,自請休學,0,1
113-2,人文社會科學學院,華文文學系,華文文學系,碩士,碩士班,男,原住民族學生,傷病,自請休學,1,1
113-2,人文社會科學學院,華文文學系,華文文學系,碩士,碩士班,男,一般生(非原住民族),工作,自請休學,0,3
113-2,人文社會科學學院,華文文學系,華文文學系,碩士,碩士班,男,一般生(非原住民族),兵役,自請休學,1,1
113-2,人文社會科學學院,華文文學系,華文文學系,碩士,碩士班,男,一般生(非原住民族),論文撰寫,自請休學,0,2
113-2,人文社會科學學院,華文文學系,華文文學系,碩士,碩士班,男,一般生(非原住民族),家務或家人照顧,自請休學,1,2
113-2,人文社會科學學院,華文文學系,華文文學系,碩士,碩士班,女,一般生(非原住民族),工作,自請休學,1,7
113-2,人文社會科學學院,華文文學系,華文文學系,碩士,碩士班,女,一般生(非原住民族),論文撰寫,自請休學,2,6
113-2,人文社會科學學院,華文文學系,華文文學系,碩士,碩士班,女,其他類學生,出國,自請休學,0,1
113-2,人文社會科學學院,華文文學系,華文文學系,碩士,碩士班,女,其他類學生,論文撰寫,自請休學,1,1
113-2,人文社會科學學院,華文文學系,華文文學系,碩士,碩士班,女,其他類學生,其他,自請休學,0,1
113-2,人文社會科學學院,英美語文學系,英美語文學系,學士,學士班,男,一般生(非原住民族),學業成績不佳,自請休學,1,1
113-2,人文社會科學學院,英美語文學系,英美語文學系,學士,學士班,男,一般生(非原住民族),就讀學校科系不符期待,自請休學,0,3
113-2,人文社會科學學院,英美語文學系,英美語文學系,學士,學士班,男,一般生(非原住民族),工作,自請休學,1,1
113-2,人文社會科學學院,英美語文學系,英美語文學系,學士,學士班,男,一般生(非原住民族),出國,自請休學,0,1
113-2,人文社會科學學院,英美語文學系,英美語文學系,學士,學士班,男,一般生(非原住民族),其他,自請休學,1,1
113-2,人文社會科學學院,英美語文學系,英美語文學系,學士,學士班,女,原住民族學生,就讀學校科系不符期待,自請休學,1,1
113-2,人文社會科學學院,英美語文學系,英美語文學系,學士,學士班,女,一般生(非原住民族),傷病,自請休學,0,2
113-2,人文社會科學學院,英美語文學系,英美語文學系,學士,學士班,女,一般生(非原住民族),工作,自請休學,1,1
113-2,人文社會科學學院,英美語文學系,英美語文學系,學士,學士班,女,一般生(非原住民族),出國,自請休學,0,1
113-2,人文社會科學學院,英美語文學系,英美語文學系,碩士,碩士班,男,一般生(非原住民族),工作,自請休學,1,4
113-2,人文社會科學學院,英美語文學系,英美語文學系,碩士,碩士班,男,一般生(非原住民族),兵役,自請休學,0,1
113-2,人文社會科學學院,英美語文學系,英美語文學系,碩士,碩士班,男,其他類學生,論文撰寫,自請休學,1,1
113-2,人文社會科學學院,英美語文學系,英美語文學系,碩士,碩士班,女,一般生(非原住民族),傷病,自請休學,0,1
113-2,人文社會科學學院,英美語文學系,英美語文學系,碩士,碩士班,女,一般生(非原住民族),工作,自請休學,0,4
113-2,人文社會科學學院,英美語文學系,英美語文學系,碩士,碩士班,女,一般生(非原住民族),育嬰,自請休學,0,1
113-2,人文社會科學學院,英美語文學系,英美語文學系,碩士,碩士班,女,一般生(非原住民族),論文撰寫,自請休學,1,3
113-2,人文社會科學學院,英美語文學系,英美語文學系,碩士,碩士班,女,一般生(非原住民族),考試訓練,自請休學,0,2
113-2,人文社會科學學院,英美語文學系,英美語文學系,碩士,碩士班,女,一般生(非原住民族),其他,自請休學,0,1
113-2,人文社會科學學院,經濟學系,經濟學系,學士,學士班,男,一般生(非原住民族),經濟困難,自請休學,1,1
113-2,人文社會科學學院,經濟學系,經濟學系,學士,學士班,男,一般生(非原住民族),學業成績不佳,自請休學,1,1
113-2,人文社會科學學院,經濟學系,經濟學系,學士,學士班,男,一般生(非原住民族),就讀學校科系不符期待,自請休學,0,7
113-2,人文社會科學學院,經濟學系,經濟學系,學士,學士班,男,一般生(非原住民族),出國,自請休學,0,1
113-2,人文社會科學學院,經濟學系,經濟學系,學士,學士班,女,一般生(非原住民族),學業成績不佳,自請休學,1,1
113-2,人文社會科學學院,經濟學系,經濟學系,博士,博士班,男,一般生(非原住民族),工作,自請休學,0,2
113-2,人文社會科學學院,經濟學系,經濟學系,博士,博士班,男,其他類學生,經濟困難,自請休學,1,1
113-2,人文社會科學學院,經濟學系,經濟學系,博士,博士班,女,其他類學生,育嬰,自請休學,0,1
113-2,人文社會科學學院,經濟學系,經濟學系,碩士,碩士班,男,一般生(非原住民族),工作,自請休學,0,1
113-2,人文社會科學學院,經濟學系,經濟學系,碩士,碩士班,女,原住民族學生,就學環境,自請休學,0,1
113-2,人文社會科學學院,歷史學系,歷史學系,學士,學士班,男,一般生(非原住民族),傷病,自請休學,1,1
113-2,人文社會科學學院,歷史學系,歷史學系,學士,學士班,男,一般生(非原住民族),就讀學校科系不符期待,自請休學,1,4
113-2,人文社會科學學院,歷史學系,歷史學系,學士,學士班,男,一般生(非原住民族),出國,自請休學,0,1
113-2,人文社會科學學院,歷史學系,歷史學系,學士,學士班,男,一般生(非原住民族),家務或家人照顧,自請休學,1,1
113-2,人文社會科學學院,歷史學系,歷史學系,學士,學士班,女,一般生(非原住民族),傷病,自請休學,0,1
113-2,人文社會科學學院,歷史學系,歷史學系,學士,學士班,女,一般生(非原住民族),學業成績不佳,自請休學,0,1
113-2,人文社會科學學院,歷史學系,歷史學系,學士,學士班,女,一般生(非原住民族),就讀學校科系不符期待,自請休學,0,1
113-2,人文社會科學學院,歷史學系,歷史學系,碩士,碩士班,女,一般生(非原住民族),就讀學校科系不符期待,自請休學,0,1
113-2,人文社會科學學院,歷史學系,歷史學系,碩士,碩士班,女,一般生(非原住民族),其他,自請休學,1,1
113-2,人文社會科學學院,諮商與臨床心理學系,諮商與臨床心理學系,學士,學士班,男,一般生(非原住民族),工作,自請休學,0,1
113-2,人文社會科學學院,諮商與臨床心理學系,諮商與臨床心理學系,學士,學士班,女,一般生(非原住民族),傷病,自請休學,0,1
113-2,人文社會科學學院,諮商與臨床心理學系,諮商與臨床心理學系,學士,學士班,女,一般生(非原住民族),就讀學校科系不符期待,自請休學,0,2
113-2,人文社會科學學院,諮商與臨床心理學系,諮商與臨床心理學系,學士,學士班,女,一般生(非原住民族),工作,自請休學,0,1
113-2,人文社會科學學院,諮商與臨床心理學系,諮商與臨床心理學系,學士,學士班,女,一般生(非原住民族),出國,自請休學,0,1
113-2,人文社會科學學院,諮商與臨床心理學系,諮商與臨床心理學系,學士,學士班,女,其他類學生,經濟困難,自請休學,1,1
113-2,人文社會科學學院,諮商與臨床心理學系,諮商與臨床心理學系,學士,學士班,女,其他類學生,工作,自請休學,0,1
113-2,人文社會科學學院,諮商與臨床心理學系,諮商與臨床心理學系,碩士,碩士班,男,一般生(非原住民族),傷病,自請休學,0,1
113-2,人文社會科學學院,諮商與臨床心理學系,諮商與臨床心理學系,碩士,碩士班,男,一般生(非原住民族),工作,自請休學,0,4
113-2,人文社會科學學院,諮商與臨床心理學系,諮商與臨床心理學系,碩士,碩士班,男,一般生(非原住民族),論文撰寫,自請休學,6,11
113-2,人文社會科學學院,諮商與臨床心理學系,諮商與臨床心理學系,碩士,碩士班,男,其他類學生,論文撰寫,自請休學,0,1
113-2,人文社會科學學院,諮商與臨床心理學系,諮商與臨床心理學系,碩士,碩士班,女,原住民族學生,工作,自請休學,0,2
113-2,人文社會科學學院,諮商與臨床心理學系,諮商與臨床心理學系,碩士,碩士班,女,一般生(非原住民族),經濟困難,自請休學,0,2
113-2,人文社會科學學院,諮商與臨床心理學系,諮商與臨床心理學系,碩士,碩士班,女,一般生(非原住民族),就讀學校科系不符期待,自請休學,0,1
113-2,人文社會科學學院,諮商與臨床心理學系,諮商與臨床心理學系,碩士,碩士班,女,一般生(非原住民族),工作,自請休學,1,5
113-2,人文社會科學學院,諮商與臨床心理學系,諮商與臨床心理學系,碩士,碩士班,女,一般生(非原住民族),論文撰寫,自請休學,6,10
113-2,人文社會科學學院,諮商與臨床心理學系,諮商與臨床心理學系,碩士,碩士班,女,其他類學生,論文撰寫,自請休學,1,3
113-2,原住民民族學院,族群關係與文化學系,族群關係與文化學系,學士,學士班,男,原住民族學生,工作,自請休學,0,1
113-2,原住民民族學院,族群關係與文化學系,族群關係與文化學系,學士,學士班,男,一般生(非原住民族),學業成績不佳,自請休學,1,1
113-2,原住民民族學院,族群關係與文化學系,族群關係與文化學系,學士,學士班,男,一般生(非原住民族),就讀學校科系不符期待,自請休學,1,3
113-2,原住民民族學院,族群關係與文化學系,族群關係與文化學系,學士,學士班,男,一般生(非原住民族),工作,自請休學,0,1
113-2,原住民民族學院,族群關係與文化學系,族群關係與文化學系,學士,學士班,女,原住民族學生,傷病,自請休學,1,1
113-2,原住民民族學院,族群關係與文化學系,族群關係與文化學系,學士,學士班,女,原住民族學生,學業成績不佳,自請休學,0,1
113-2,原住民民族學院,族群關係與文化學系,族群關係與文化學系,學士,學士班,女,原住民族學生,就讀學校科系不符期待,自請休學,0,1
113-2,原住民民族學院,族群關係與文化學系,族群關係與文化學系,學士,學士班,女,原住民族學生,育嬰,自請休學,0,2
113-2,原住民民族學院,族群關係與文化學系,族群關係與文化學系,學士,學士班,女,原住民族學生,家務或家人照顧,自請休學,0,1
113-2,原住民民族學院,族群關係與文化學系,族群關係與文化學系,學士,學士班,女,一般生(非原住民族),傷病,自請休學,1,1
113-2,原住民民族學院,族群關係與文化學系,族群關係與文化學系,學士,學士班,女,一般生(非原住民族),工作,自請休學,0,1
113-2,原住民民族學院,族群關係與文化學系,族群關係與文化學系,學士,學士班,女,一般生(非原住民族),就學環境,自請休學,0,1
113-2,原住民民族學院,族群關係與文化學系,族群關係與文化學系,博士,博士班,男,原住民族學生,傷病,自請休學,0,1
113-2,原住民民族學院,族群關係與文化學系,族群關係與文化學系,博士,博士班,男,原住民族學生,工作,自請休學,0,1
113-2,原住民民族學院,族群關係與文化學系,族群關係與文化學系,博士,博士班,男,原住民族學生,育嬰,自請休學,0,2
113-2,原住民民族學院,族群關係與文化學系,族群關係與文化學系,博士,博士班,男,原住民族學生,其他,自請休學,1,1
113-2,原住民民族學院,族群關係與文化學系,族群關係與文化學系,博士,博士班,男,一般生(非原住民族),工作,自請休學,1,1
113-2,原住民民族學院,族群關係與文化學系,族群關係與文化學系,博士,博士班,女,原住民族學生,工作,自請休學,1,2
113-2,原住民民族學院,族群關係與文化學系,族群關係與文化學系,博士,博士班,女,原住民族學生,論文撰寫,自請休學,1,2
113-2,原住民民族學院,族群關係與文化學系,族群關係與文化學系,博士,博士班,女,一般生(非原住民族),工作,自請休學,0,1
113-2,原住民民族學院,族群關係與文化學系,族群關係與文化學系,博士,博士班,女,一般生(非原住民族),育嬰,自請休學,0,2
113-2,原住民民族學院,族群關係與文化學系,族群關係與文化學系,碩士,碩士班,男,原住民族學生,論文撰寫,自請休學,0,1
113-2,原住民民族學院,族群關係與文化學系,族群關係與文化學系,碩士,碩士班,男,其他類學生,論文撰寫,自請休學,0,1
113-2,原住民民族學院,族群關係與文化學系,族群關係與文化學系,碩士,碩士班,女,一般生(非原住民族),工作,自請休學,0,1
113-2,原住民民族學院,族群關係與文化學系,族群關係與文化學系,碩士,碩士班,女,一般生(非原住民族),論文撰寫,自請休學,2,2
113-2,原住民民族學院,族群關係與文化學系,族群關係與文化學系,碩士,碩士班,女,一般生(非原住民族),家務或家人照顧,自請休學,1,1
113-2,原住民民族學院,民族語言與傳播學系,民族語言與傳播學系,學士,學士班,男,原住民族學生,經濟困難,自請休學,0,1
113-2,原住民民族學院,民族語言與傳播學系,民族語言與傳播學系,學士,學士班,男,原住民族學生,學業成績不佳,自請休學,2,2
113-2,原住民民族學院,民族語言與傳播學系,民族語言與傳播學系,學士,學士班,男,一般生(非原住民族),就讀學校科系不符期待,自請休學,1,1
113-2,原住民民族學院,民族語言與傳播學系,民族語言與傳播學系,學士,學士班,男,一般生(非原住民族),兵役,自請休學,0,1
113-2,原住民民族學院,民族語言與傳播學系,民族語言與傳播學系,學士,學士班,女,原住民族學生,經濟困難,自請休學,1,1
113-2,原住民民族學院,民族語言與傳播學系,民族語言與傳播學系,學士,學士班,女,原住民族學生,學業成績不佳,自請休學,1,1
113-2,原住民民族學院,民族語言與傳播學系,民族語言與傳播學系,學士,學士班,女,原住民族學生,工作,自請休學,1,3
113-2,原住民民族學院,民族語言與傳播學系,民族語言與傳播學系,學士,學士班,女,原住民族學生,出國,自請休學,1,1
113-2,原住民民族學院,民族語言與傳播學系,民族語言與傳播學系,學士,學士班,女,一般生(非原住民族),就讀學校科系不符期待,自請休學,0,1
113-2,理工學院,應用數學系,應用數學系統計碩士班,碩士,碩士班,男,一般生(非原住民族),就讀學校科系不符期待,自請休學,0,1
113-2,理工學院,物理學系,物理學系應用物理博士班,博士,博士班,男,一般生(非原住民族),論文撰寫,自請休學,0,1
113-2,理工學院,物理學系,物理學系應用物理博士班,博士,博士班,女,一般生(非原住民族),論文撰寫,自請休學,0,1
113-2,理工學院,光電工程學系,光電工程學系,學士,學士班,男,一般生(非原住民族),傷病,自請休學,0,1
113-2,理工學院,光電工程學系,光電工程學系,學士,學士班,男,一般生(非原住民族),學業成績不佳,自請休學,2,4
113-2,理工學院,光電工程學系,光電工程學系,學士,學士班,男,一般生(非原住民族),就讀學校科系不符期待,自請休學,2,2
113-2,理工學院,光電工程學系,光電工程學系,學士,學士班,男,一般生(非原住民族),考試訓練,自請休學,0,1
113-2,理工學院,光電工程學系,光電工程學系,碩士,碩士班,男,一般生(非原住民族),兵役,自請休學,0,1
113-2,理工學院,光電工程學系,光電工程學系,碩士,碩士班,男,一般生(非原住民族),論文撰寫,自請休學,2,2
113-2,理工學院,光電工程學系,光電工程學系,碩士,碩士班,男,一般生(非原住民族),考試訓練,自請休學,0,1
113-2,管理學院,觀光暨休閒遊憩學系,觀光暨休閒遊憩學系,學士,學士班,男,一般生(非原住民族),就讀學校科系不符期待,自請休學,1,1
113-2,管理學院,觀光暨休閒遊憩學系,觀光暨休閒遊憩學系,學士,學士班,男,一般生(非原住民族),出國,自請休學,0,1
113-2,管理學院,觀光暨休閒遊憩學系,觀光暨休閒遊憩學系,學士,學士班,男,一般生(非原住民族),就學環境,自請休學,0,1
113-2,管理學院,觀光暨休閒遊憩學系,觀光暨休閒遊憩學系,學士,學士班,男,一般生(非原住民族),考試訓練,自請休學,1,1
113-2,管理學院,觀光暨休閒遊憩學系,觀光暨休閒遊憩學系,學士,學士班,女,一般生(非原住民族),就讀學校科系不符期待,自請休學,0,1
113-2,管理學院,觀光暨休閒遊憩學系,觀光暨休閒遊憩學系,學士,學士班,女,一般生(非原住民族),懷孕,自請休學,0,1
113-2,管理學院,觀光暨休閒遊憩學系,觀光暨休閒遊憩學系,學士,學士班,女,一般生(非原住民族),家務或家人照顧,自請休學,0,1
113-2,管理學院,觀光暨休閒遊憩學系,觀光暨休閒遊憩學系,學士,學士班,女,其他類學生,就讀學校科系不符期待,自請休學,1,2
113-2,管理學院,觀光暨休閒遊憩學系,觀光暨休閒遊憩學系,碩士,碩士班,男,一般生(非原住民族),工作,自請休學,0,3
113-2,管理學院,觀光暨休閒遊憩學系,觀光暨休閒遊憩學系,碩士,碩士班,男,一般生(非原住民族),兵役,自請休學,0,1
113-2,管理學院,觀光暨休閒遊憩學系,觀光暨休閒遊憩學系,碩士,碩士班,男,一般生(非原住民族),論文撰寫,自請休學,0,1
113-2,管理學院,觀光暨休閒遊憩學系,觀光暨休閒遊憩學系,碩士,碩士班,男,一般生(非原住民族),家務或家人照顧,自請休學,0,1
113-2,管理學院,觀光暨休閒遊憩學系,觀光暨休閒遊憩學系,碩士,碩士班,女,一般生(非原住民族),工作,自請休學,0,2
113-2,管理學院,觀光暨休閒遊憩學系,觀光暨休閒遊憩學系,碩士,碩士班,女,一般生(非原住民族),出國,自請休學,0,1
113-2,管理學院,觀光暨休閒遊憩學系,觀光暨休閒遊憩學系,碩士,碩士班,女,一般生(非原住民族),論文撰寫,自請休學,0,1
113-2,管理學院,觀光暨休閒遊憩學系,觀光暨休閒遊憩學系,碩士,碩士班,女,一般生(非原住民族),家務或家人照顧,自請休學,0,1
113-2,管理學院,觀光暨休閒遊憩學系,觀光暨休閒遊憩學系,碩士,碩士班,女,其他類學生,就讀學校科系不符期待,自請休學,0,2
113-2,管理學院,觀光暨休閒遊憩學系,觀光暨休閒遊憩學系,碩士,碩士班,女,其他類學生,工作,自請休學,0,2
113-2,管理學院,觀光暨休閒遊憩學系,觀光暨休閒遊憩學系,碩士,碩士班,女,其他類學生,育嬰,自請休學,0,1
113-2,管理學院,觀光暨休閒遊憩學系,觀光暨休閒遊憩學系,碩士,碩士班,女,其他類學生,家務或家人照顧,自請休學,0,1
113-2,管理學院,財務金融學系,財務金融學系,碩士,碩士班,男,一般生(非原住民族),工作,自請休學,0,2
113-2,管理學院,財務金融學系,財務金融學系,碩士,碩士班,男,一般生(非原住民族),就學環境,自請休學,0,1
113-2,藝術學院,藝術創意產業學系,藝術創意產業學系,學士,學士班,男,一般生(非原住民族),就讀學校科系不符期待,自請休學,0,1
113-2,藝術學院,藝術創意產業學系,藝術創意產業學系,學士,學士班,男,一般生(非原住民族),工作,自請休學,1,1
113-2,藝術學院,藝術創意產業學系,藝術創意產業學系,學士,學士班,女,原住民族學生,就讀學校科系不符期待,自請休學,0,1
113-2,藝術學院,藝術創意產業學系,藝術創意產業學系,學士,學士班,女,原住民族學生,家務或家人照顧,自請休學,1,1
113-2,藝術學院,藝術創意產業學系,藝術創意產業學系,學士,學士班,女,原住民族學生,其他,自請休學,1,1
113-2,藝術學院,藝術創意產業學系,藝術創意產業學系,學士,學士班,女,一般生(非原住民族),傷病,自請休學,1,4
113-2,藝術學院,藝術創意產業學系,藝術創意產業學系,學士,學士班,女,一般生(非原住民族),經濟困難,自請休學,0,2
113-2,藝術學院,藝術創意產業學系,藝術創意產業學系,學士,學士班,女,一般生(非原住民族),學業成績不佳,自請休學,1,1
113-2,藝術學院,藝術創意產業學系,藝術創意產業學系,學士,學士班,女,一般生(非原住民族),就讀學校科系不符期待,自請休學,0,3
113-2,藝術學院,藝術創意產業學系,藝術創意產業學系,學士,學士班,女,一般生(非原住民族),出國,自請休學,1,1
113-2,藝術學院,藝術創意產業學系,藝術創意產業學系,學士,學士班,女,一般生(非原住民族),家務或家人照顧,自請休學,0,1
113-2,藝術學院,藝術創意產業學系,藝術創意產業學系,學士,學士班,女,其他類學生,就讀學校科系不符期待,自請休學,0,1
113-2,原住民民族學院,民族發展與社會工作學系,民族發展與社會工作學系,學士,學士班,男,原住民族學生,兵役,自請休學,0,1
113-2,原住民民族學院,民族發展與社會工作學系,民族發展與社會工作學系,學士,學士班,女,原住民族學生,經濟困難,自請休學,1,1
113-2,原住民民族學院,民族發展與社會工作學系,民族發展與社會工作學系,學士,學士班,女,原住民族學生,學業成績不佳,自請休學,1,1
113-2,原住民民族學院,民族發展與社會工作學系,民族發展與社會工作學系,學士,學士班,女,原住民族學生,懷孕,自請休學,0,1
113-2,原住民民族學院,民族發展與社會工作學系,民族發展與社會工作學系,學士,學士班,女,原住民族學生,育嬰,自請休學,0,1
113-2,原住民民族學院,民族發展與社會工作學系,民族發展與社會工作學系,學士,學士班,女,原住民族學生,出國,自請休學,0,1
113-2,原住民民族學院,民族發展與社會工作學系,民族發展與社會工作學系,學士,學士班,女,一般生(非原住民族),就讀學校科系不符期待,自請休學,0,1
113-2,原住民民族學院,族群關係與文化學系,族群關係與文化學系,碩士,碩士在職專班,男,一般生(非原住民族),育嬰,自請休學,0,1
113-2,原住民民族學院,族群關係與文化學系,族群關係與文化學系,碩士,碩士在職專班,女,原住民族學生,傷病,自請休學,1,1
113-2,原住民民族學院,族群關係與文化學系,族群關係與文化學系,碩士,碩士在職專班,女,原住民族學生,工作,自請休學,0,2
113-2,原住民民族學院,族群關係與文化學系,族群關係與文化學系,碩士,碩士在職專班,女,原住民族學生,育嬰,自請休學,0,1
113-2,原住民民族學院,族群關係與文化學系,族群關係與文化學系,碩士,碩士在職專班,女,原住民族學生,論文撰寫,自請休學,1,1
113-2,原住民民族學院,族群關係與文化學系,族群關係與文化學系,碩士,碩士在職專班,女,原住民族學生,考試訓練,自請休學,0,1
113-2,原住民民族學院,族群關係與文化學系,族群關係與文化學系,碩士,碩士在職專班,女,一般生(非原住民族),工作,自請休學,0,1
113-2,藝術學院,音樂學系,音樂學系,學士,學士班,男,原住民族學生,經濟困難,自請休學,1,1
113-2,藝術學院,音樂學系,音樂學系,學士,學士班,男,一般生(非原住民族),傷病,自請休學,0,1
113-2,藝術學院,音樂學系,音樂學系,學士,學士班,男,一般生(非原住民族),就讀學校科系不符期待,自請休學,0,1
113-2,藝術學院,音樂學系,音樂學系,學士,學士班,女,一般生(非原住民族),就讀學校科系不符期待,自請休學,0,1
113-2,藝術學院,音樂學系,音樂學系,學士,學士班,女,一般生(非原住民族),出國,自請休學,0,1
113-2,藝術學院,音樂學系,音樂學系,學士,學士班,女,一般生(非原住民族),家務或家人照顧,自請休學,0,1
113-2,藝術學院,音樂學系,音樂學系,碩士,碩士班,男,原住民族學生,論文撰寫,自請休學,1,1
113-2,藝術學院,音樂學系,音樂學系,碩士,碩士班,男,一般生(非原住民族),工作,自請休學,1,2
113-2,藝術學院,音樂學系,音樂學系,碩士,碩士班,男,其他類學生,出國,自請休學,0,2
113-2,藝術學院,音樂學系,音樂學系,碩士,碩士班,女,原住民族學生,工作,自請休學,0,1
113-2,藝術學院,音樂學系,音樂學系,碩士,碩士班,女,原住民族學生,育嬰,自請休學,0,1
113-2,藝術學院,音樂學系,音樂學系,碩士,碩士班,女,一般生(非原住民族),傷病,自請休學,0,1
113-2,藝術學院,音樂學系,音樂學系,碩士,碩士班,女,一般生(非原住民族),工作,自請休學,0,1
113-2,藝術學院,音樂學系,音樂學系,碩士,碩士班,女,一般生(非原住民族),論文撰寫,自請休學,0,1
113-2,藝術學院,藝術與設計學系,藝術與設計學系,學士,學士班,男,一般生(非原住民族),就讀學校科系不符期待,自請休學,0,1
113-2,藝術學院,藝術與設計學系,藝術與設計學系,學士,學士班,男,一般生(非原住民族),出國,自請休學,0,1
113-2,藝術學院,藝術與設計學系,藝術與設計學系,學士,學士班,男,一般生(非原住民族),就學環境,自請休學,1,1
113-2,藝術學院,藝術與設計學系,藝術與設計學系,學士,學士班,男,一般生(非原住民族),家務或家人照顧,自請休學,1,1
113-2,藝術學院,藝術與設計學系,藝術與設計學系,學士,學士班,男,其他類學生,工作,自請休學,0,1
113-2,藝術學院,藝術與設計學系,藝術與設計學系,學士,學士班,女,原住民族學生,工作,自請休學,0,1
113-2,藝術學院,藝術與設計學系,藝術與設計學系,學士,學士班,女,原住民族學生,其他,自請休學,1,1
113-2,藝術學院,藝術與設計學系,藝術與設計學系,學士,學士班,女,一般生(非原住民族),傷病,自請休學,1,3
113-2,藝術學院,藝術與設計學系,藝術與設計學系,學士,學士班,女,一般生(非原住民族),就讀學校科系不符期待,自請休學,0,4
113-2,藝術學院,藝術與設計學系,藝術與設計學系,學士,學士班,女,一般生(非原住民族),工作,自請休學,1,5
113-2,藝術學院,藝術與設計學系,藝術與設計學系,學士,學士班,女,一般生(非原住民族),就學環境,自請休學,0,1
113-2,藝術學院,藝術與設計學系,藝術與設計學系,學士,學士班,女,一般生(非原住民族),其他,自請休學,2,2
113-2,藝術學院,藝術與設計學系,藝術與設計學系,學士,學士班,女,其他類學生,工作,自請休學,1,1
113-2,藝術學院,藝術與設計學系,藝術與設計學系,學士,學士班,女,其他類學生,家務或家人照顧,自請休學,0,2
113-2,藝術學院,藝術與設計學系,藝術與設計學系,碩士,碩士班,男,一般生(非原住民族),工作,自請休學,0,3
113-2,藝術學院,藝術與設計學系,藝術與設計學系,碩士,碩士班,男,一般生(非原住民族),家務或家人照顧,自請休學,0,1
113-2,藝術學院,藝術與設計學系,藝術與設計學系,碩士,碩士班,女,一般生(非原住民族),經濟困難,自請休學,1,1
113-2,藝術學院,藝術與設計學系,藝術與設計學系,碩士,碩士班,女,一般生(非原住民族),工作,自請休學,2,8
113-2,藝術學院,藝術與設計學系,藝術與設計學系,碩士,碩士班,女,一般生(非原住民族),育嬰,自請休學,0,1
113-2,藝術學院,藝術與設計學系,藝術與設計學系,碩士,碩士班,女,一般生(非原住民族),論文撰寫,自請休學,1,2
113-2,藝術學院,藝術與設計學系,藝術與設計學系,碩士,碩士班,女,一般生(非原住民族),家務或家人照顧,自請休學,0,1
113-2,花師教育學院,幼兒教育學系,幼兒教育學系,學士,學士班,男,一般生(非原住民族),傷病,自請休學,1,1
113-2,花師教育學院,幼兒教育學系,幼兒教育學系,學士,學士班,男,一般生(非原住民族),學業成績不佳,自請休學,2,2
113-2,花師教育學院,幼兒教育學系,幼兒教育學系,學士,學士班,女,一般生(非原住民族),傷病,自請休學,0,1
113-2,花師教育學院,幼兒教育學系,幼兒教育學系,學士,學士班,女,一般生(非原住民族),就讀學校科系不符期待,自請休學,0,2
113-2,花師教育學院,幼兒教育學系,幼兒教育學系,碩士,碩士班,女,一般生(非原住民族),傷病,自請休學,0,1
113-2,花師教育學院,幼兒教育學系,幼兒教育學系,碩士,碩士班,女,一般生(非原住民族),經濟困難,自請休學,0,1
113-2,花師教育學院,幼兒教育學系,幼兒教育學系,碩士,碩士班,女,一般生(非原住民族),工作,自請休學,0,1
113-2,花師教育學院,幼兒教育學系,幼兒教育學系,碩士,碩士班,女,一般生(非原住民族),論文撰寫,自請休學,0,1
113-2,花師教育學院,幼兒教育學系,幼兒教育學系,碩士,碩士在職專班,女,原住民族學生,考試訓練,自請休學,2,2
113-2,花師教育學院,幼兒教育學系,幼兒教育學系,碩士,碩士在職專班,女,一般生(非原住民族),傷病,自請休學,1,2
113-2,花師教育學院,幼兒教育學系,幼兒教育學系,碩士,碩士在職專班,女,一般生(非原住民族),就讀學校科系不符期待,自請休學,2,2
113-2,花師教育學院,幼兒教育學系,幼兒教育學系,碩士,碩士在職專班,女,一般生(非原住民族),家務或家人照顧,自請休學,1,2
113-2,花師教育學院,幼兒教育學系,幼兒教育學系,碩士,碩士在職專班,女,一般生(非原住民族),考試訓練,自請休學,0,1
113-2,花師教育學院,特殊教育學系,特殊教育學系,學士,學士班,男,一般生(非原住民族),就讀學校科系不符期待,自請休學,0,3
113-2,花師教育學院,特殊教育學系,特殊教育學系,學士,學士班,女,原住民族學生,就讀學校科系不符期待,自請休學,0,1
113-2,花師教育學院,特殊教育學系,特殊教育學系,學士,學士班,女,一般生(非原住民族),傷病,自請休學,0,1
113-2,花師教育學院,特殊教育學系,特殊教育學系,學士,學士班,女,一般生(非原住民族),就讀學校科系不符期待,自請休學,0,1
113-2,花師教育學院,特殊教育學系,特殊教育學系,學士,學士班,女,一般生(非原住民族),就學環境,自請休學,0,1
113-2,花師教育學院,特殊教育學系,特殊教育學系,學士,學士班,女,一般生(非原住民族),家務或家人照顧,自請休學,0,2
113-2,花師教育學院,特殊教育學系,特殊教育學系身心障礙與輔助科技碩士班,碩士,碩士班,女,原住民族學生,工作,自請休學,0,2
113-2,花師教育學院,特殊教育學系,特殊教育學系身心障礙與輔助科技碩士班,碩士,碩士班,女,一般生(非原住民族),工作,自請休學,1,6
113-2,花師教育學院,特殊教育學系,特殊教育學系身心障礙與輔助科技碩士班,碩士,碩士班,女,一般生(非原住民族),育嬰,自請休學,0,1
113-2,花師教育學院,特殊教育學系,特殊教育學系身心障礙與輔助科技碩士班,碩士,碩士班,女,一般生(非原住民族),論文撰寫,自請休學,1,1
113-2,花師教育學院,特殊教育學系,特殊教育學系身心障礙與輔助科技碩士班,碩士,碩士班,女,一般生(非原住民族),考試訓練,自請休學,0,1
113-2,花師教育學院,教育行政與管理學系,教育行政與管理學系,學士,學士班,男,一般生(非原住民族),就讀學校科系不符期待,自請休學,0,3
113-2,花師教育學院,教育行政與管理學系,教育行政與管理學系,學士,學士班,男,一般生(非原住民族),家務或家人照顧,自請休學,1,1
113-2,花師教育學院,教育行政與管理學系,教育行政與管理學系,學士,學士班,女,原住民族學生,傷病,自請休學,0,1
113-2,花師教育學院,教育行政與管理學系,教育行政與管理學系,學士,學士班,女,一般生(非原住民族),傷病,自請休學,1,1
113-2,花師教育學院,教育行政與管理學系,教育行政與管理學系,學士,學士班,女,一般生(非原住民族),經濟困難,自請休學,0,1
113-2,花師教育學院,教育行政與管理學系,教育行政與管理學系,學士,學士班,女,一般生(非原住民族),學業成績不佳,自請休學,1,1
113-2,花師教育學院,教育行政與管理學系,教育行政與管理學系,學士,學士班,女,一般生(非原住民族),就讀學校科系不符期待,自請休學,1,1
113-2,花師教育學院,教育行政與管理學系,教育行政與管理學系,學士,學士班,女,一般生(非原住民族),育嬰,自請休學,0,1
113-2,花師教育學院,教育行政與管理學系,教育行政與管理學系,碩士,碩士班,男,原住民族學生,工作,自請休學,0,1
113-2,花師教育學院,教育行政與管理學系,教育行政與管理學系,碩士,碩士班,男,一般生(非原住民族),工作,自請休學,1,2
113-2,花師教育學院,教育行政與管理學系,教育行政與管理學系,碩士,碩士班,男,一般生(非原住民族),論文撰寫,自請休學,2,2
113-2,花師教育學院,教育行政與管理學系,教育行政與管理學系,碩士,碩士班,女,原住民族學生,考試訓練,自請休學,0,1
113-2,花師教育學院,教育行政與管理學系,教育行政與管理學系,碩士,碩士班,女,一般生(非原住民族),工作,自請休學,1,7
113-2,花師教育學院,教育行政與管理學系,教育行政與管理學系,碩士,碩士班,女,一般生(非原住民族),育嬰,自請休學,0,1
113-2,花師教育學院,教育行政與管理學系,教育行政與管理學系,碩士,碩士班,女,一般生(非原住民族),論文撰寫,自請休學,0,1
113-2,花師教育學院,體育與運動科學系,體育與運動科學系,學士,學士班,男,原住民族學生,就讀學校科系不符期待,自請休學,1,1
113-2,花師教育學院,體育與運動科學系,體育與運動科學系,學士,學士班,男,一般生(非原住民族),學業成績不佳,自請休學,2,2
113-2,花師教育學院,體育與運動科學系,體育與運動科學系,學士,學士班,男,一般生(非原住民族),就讀學校科系不符期待,自請休學,0,2
113-2,花師教育學院,體育與運動科學系,體育與運動科學系,學士,學士班,男,一般生(非原住民族),工作,自請休學,0,1
113-2,花師教育學院,體育與運動科學系,體育與運動科學系,學士,學士班,男,其他類學生,經濟困難,自請休學,1,1
113-2,花師教育學院,體育與運動科學系,體育與運動科學系,學士,學士班,男,其他類學生,學業成績不佳,自請休學,1,1
113-2,花師教育學院,體育與運動科學系,體育與運動科學系,學士,學士班,男,其他類學生,家務或家人照顧,自請休學,0,1
113-2,花師教育學院,體育與運動科學系,體育與運動科學系,學士,學士班,女,原住民族學生,考試訓練,自請休學,1,1
113-2,花師教育學院,體育與運動科學系,體育與運動科學系,學士,學士班,女,一般生(非原住民族),就讀學校科系不符期待,自請休學,1,2
113-2,花師教育學院,體育與運動科學系,體育與運動科學系,學士,學士班,女,一般生(非原住民族),工作,自請休學,1,2
113-2,花師教育學院,體育與運動科學系,體育與運動科學系,學士,學士班,女,一般生(非原住民族),出國,自請休學,0,1
113-2,花師教育學院,體育與運動科學系,體育與運動科學系,學士,學士班,女,一般生(非原住民族),其他,自請休學,0,1
113-2,花師教育學院,體育與運動科學系,體育與運動科學系,碩士,碩士班,男,原住民族學生,工作,自請休學,0,1
113-2,花師教育學院,體育與運動科學系,體育與運動科學系,碩士,碩士班,男,一般生(非原住民族),傷病,自請休學,0,1
113-2,花師教育學院,體育與運動科學系,體育與運動科學系,碩士,碩士班,男,一般生(非原住民族),就讀學校科系不符期待,自請休學,0,1
113-2,花師教育學院,體育與運動科學系,體育與運動科學系,碩士,碩士班,男,一般生(非原住民族),工作,自請休學,1,3
113-2,花師教育學院,體育與運動科學系,體育與運動科學系,碩士,碩士班,男,一般生(非原住民族),兵役,自請休學,1,2
113-2,花師教育學院,體育與運動科學系,體育與運動科學系,碩士,碩士班,男,一般生(非原住民族),論文撰寫,自請休學,1,1
113-2,花師教育學院,體育與運動科學系,體育與運動科學系,碩士,碩士班,男,一般生(非原住民族),考試訓練,自請休學,1,1
113-2,花師教育學院,體育與運動科學系,體育與運動科學系,碩士,碩士班,女,一般生(非原住民族),工作,自請休學,2,5
113-2,花師教育學院,體育與運動科學系,體育與運動科學系,碩士,碩士班,女,一般生(非原住民族),論文撰寫,自請休學,1,1
113-2,花師教育學院,體育與運動科學系,體育與運動科學系,碩士,碩士班,女,一般生(非原住民族),考試訓練,自請休學,1,1
113-2,花師教育學院,體育與運動科學系,體育與運動科學系,碩士,碩士班,女,其他類學生,論文撰寫,自請休學,0,1
113-2,人文社會科學學院,中國語文學系,中國語文學系,學士,學士班,男,原住民族學生,學業成績不佳,自請休學,1,1
113-2,人文社會科學學院,中國語文學系,中國語文學系,學士,學士班,男,一般生(非原住民族),傷病,自請休學,0,1
113-2,人文社會科學學院,中國語文學系,中國語文學系,學士,學士班,男,一般生(非原住民族),經濟困難,自請休學,1,1
113-2,人文社會科學學院,中國語文學系,中國語文學系,學士,學士班,男,一般生(非原住民族),學業成績不佳,自請休學,2,3
113-2,人文社會科學學院,中國語文學系,中國語文學系,學士,學士班,男,一般生(非原住民族),就讀學校科系不符期待,自請休學,0,2
113-2,人文社會科學學院,中國語文學系,中國語文學系,學士,學士班,男,一般生(非原住民族),工作,自請休學,0,1
113-2,人文社會科學學院,中國語文學系,中國語文學系,學士,學士班,男,一般生(非原住民族),就學環境,自請休學,1,1
113-2,人文社會科學學院,中國語文學系,中國語文學系,學士,學士班,男,一般生(非原住民族),家務或家人照顧,自請休學,1,1
113-2,人文社會科學學院,中國語文學系,中國語文學系,學士,學士班,女,一般生(非原住民族),傷病,自請休學,0,3
113-2,人文社會科學學院,中國語文學系,中國語文學系,學士,學士班,女,一般生(非原住民族),學業成績不佳,自請休學,3,3
113-2,人文社會科學學院,中國語文學系,中國語文學系,碩士,碩士班,男,一般生(非原住民族),工作,自請休學,0,1
113-2,人文社會科學學院,中國語文學系,中國語文學系,碩士,碩士班,男,一般生(非原住民族),論文撰寫,自請休學,0,2
113-2,人文社會科學學院,中國語文學系,中國語文學系,碩士,碩士班,女,一般生(非原住民族),工作,自請休學,1,3
113-2,人文社會科學學院,中國語文學系,中國語文學系,碩士,碩士班,女,一般生(非原住民族),論文撰寫,自請休學,0,2
113-2,人文社會科學學院,中國語文學系,中國語文學系,碩士,碩士班,女,其他類學生,論文撰寫,自請休學,0,1
113-2,人文社會科學學院,中國語文學系,中國語文學系,博士,博士班,男,一般生(非原住民族),工作,自請休學,0,2
113-2,人文社會科學學院,中國語文學系,中國語文學系,博士,博士班,男,一般生(非原住民族),論文撰寫,自請休學,0,3
113-2,人文社會科學學院,中國語文學系,中國語文學系,博士,博士班,女,一般生(非原住民族),傷病,自請休學,1,1
113-2,人文社會科學學院,中國語文學系,中國語文學系,博士,博士班,女,一般生(非原住民族),工作,自請休學,0,2
113-2,人文社會科學學院,中國語文學系,中國語文學系,博士,博士班,女,一般生(非原住民族),論文撰寫,自請休學,2,3
113-2,人文社會科學學院,中國語文學系,中國語文學系,博士,博士班,女,一般生(非原住民族),家務或家人照顧,自請休學,0,1
113-2,人文社會科學學院,臺灣文化學系,臺灣文化學系,學士,學士班,男,一般生(非原住民族),傷病,自請休學,0,1
113-2,人文社會科學學院,臺灣文化學系,臺灣文化學系,學士,學士班,男,一般生(非原住民族),學業成績不佳,自請休學,0,1
113-2,人文社會科學學院,臺灣文化學系,臺灣文化學系,學士,學士班,男,一般生(非原住民族),就讀學校科系不符期待,自請休學,0,1
113-2,人文社會科學學院,臺灣文化學系,臺灣文化學系,學士,學士班,男,一般生(非原住民族),工作,自請休學,0,3
113-2,人文社會科學學院,臺灣文化學系,臺灣文化學系,學士,學士班,男,一般生(非原住民族),家務或家人照顧,自請休學,0,1
113-2,人文社會科學學院,臺灣文化學系,臺灣文化學系,學士,學士班,女,一般生(非原住民族),傷病,自請休學,0,1
113-2,人文社會科學學院,臺灣文化學系,臺灣文化學系,學士,學士班,女,一般生(非原住民族),工作,自請休學,0,1
113-2,人文社會科學學院,臺灣文化學系,臺灣文化學系,學士,學士班,女,一般生(非原住民族),就學環境,自請休學,0,2
113-2,人文社會科學學院,臺灣文化學系,臺灣文化學系,碩士,碩士班,男,一般生(非原住民族),工作,自請休學,0,4
113-2,人文社會科學學院,臺灣文化學系,臺灣文化學系,碩士,碩士班,女,一般生(非原住民族),論文撰寫,自請休學,2,4
113-2,人文社會科學學院,臺灣文化學系,臺灣文化學系,碩士,碩士班,女,一般生(非原住民族),其他,自請休學,1,1
113-2,人文社會科學學院,臺灣文化學系,臺灣文化學系,碩士,碩士在職專班,男,一般生(非原住民族),工作,自請休學,0,1
113-2,管理學院,管理學院管理科學與財金國際學士學位學程,管理學院管理科學與財金國際學士學位學程,學士,學士班,男,一般生(非原住民族),就讀學校科系不符期待,自請休學,0,1
113-2,管理學院,管理學院管理科學與財金國際學士學位學程,管理學院管理科學與財金國際學士學位學程,學士,學士班,女,一般生(非原住民族),傷病,自請休學,1,1
113-2,管理學院,管理學院管理科學與財金國際學士學位學程,管理學院管理科學與財金國際學士學位學程,學士,學士班,女,其他類學生,家務或家人照顧,自請休學,1,1
113-2,花師教育學院,教育行政與管理學系,教育行政與管理學系,碩士,碩士在職專班,男,原住民族學生,考試訓練,自請休學,0,1
113-2,花師教育學院,教育行政與管理學系,教育行政與管理學系,碩士,碩士在職專班,男,一般生(非原住民族),工作,自請休學,0,10
113-2,花師教育學院,教育行政與管理學系,教育行政與管理學系,碩士,碩士在職專班,男,一般生(非原住民族),論文撰寫,自請休學,2,4
113-2,花師教育學院,教育行政與管理學系,教育行政與管理學系,碩士,碩士在職專班,男,一般生(非原住民族),家務或家人照顧,自請休學,0,1
113-2,花師教育學院,教育行政與管理學系,教育行政與管理學系,碩士,碩士在職專班,男,一般生(非原住民族),其他,自請休學,0,2
113-2,花師教育學院,教育行政與管理學系,教育行政與管理學系,碩士,碩士在職專班,女,原住民族學生,工作,自請休學,0,1
113-2,花師教育學院,教育行政與管理學系,教育行政與管理學系,碩士,碩士在職專班,女,原住民族學生,論文撰寫,自請休學,2,5
113-2,花師教育學院,教育行政與管理學系,教育行政與管理學系,碩士,碩士在職專班,女,原住民族學生,考試訓練,自請休學,0,1
113-2,花師教育學院,教育行政與管理學系,教育行政與管理學系,碩士,碩士在職專班,女,一般生(非原住民族),傷病,自請休學,0,1
113-2,花師教育學院,教育行政與管理學系,教育行政與管理學系,碩士,碩士在職專班,女,一般生(非原住民族),工作,自請休學,2,4
113-2,花師教育學院,教育行政與管理學系,教育行政與管理學系,碩士,碩士在職專班,女,一般生(非原住民族),懷孕,自請休學,1,2
113-2,花師教育學院,教育行政與管理學系,教育行政與管理學系,碩士,碩士在職專班,女,一般生(非原住民族),育嬰,自請休學,0,2
113-2,花師教育學院,教育行政與管理學系,教育行政與管理學系,碩士,碩士在職專班,女,一般生(非原住民族),論文撰寫,自請休學,0,2
113-2,花師教育學院,教育行政與管理學系,教育行政與管理學系,碩士,碩士在職專班,女,一般生(非原住民族),家務或家人照顧,自請休學,0,2
113-2,花師教育學院,教育行政與管理學系,教育行政與管理學系,碩士,碩士在職專班,女,一般生(非原住民族),其他,自請休學,0,1
113-2,花師教育學院,體育與運動科學系,體育與運動科學系,碩士,碩士在職專班,男,原住民族學生,工作,自請休學,0,1
113-2,花師教育學院,體育與運動科學系,體育與運動科學系,碩士,碩士在職專班,男,一般生(非原住民族),工作,自請休學,2,4
113-2,花師教育學院,體育與運動科學系,體育與運動科學系,碩士,碩士在職專班,男,一般生(非原住民族),育嬰,自請休學,0,1
113-2,花師教育學院,體育與運動科學系,體育與運動科學系,碩士,碩士在職專班,男,一般生(非原住民族),出國,自請休學,1,1
113-2,花師教育學院,體育與運動科學系,體育與運動科學系,碩士,碩士在職專班,男,一般生(非原住民族),論文撰寫,自請休學,0,2
113-2,花師教育學院,體育與運動科學系,體育與運動科學系,碩士,碩士在職專班,男,一般生(非原住民族),家務或家人照顧,自請休學,0,4
113-2,花師教育學院,體育與運動科學系,體育與運動科學系,碩士,碩士在職專班,男,一般生(非原住民族),其他,自請休學,0,1
113-2,花師教育學院,體育與運動科學系,體育與運動科學系,碩士,碩士在職專班,女,原住民族學生,工作,自請休學,1,1
113-2,花師教育學院,體育與運動科學系,體育與運動科學系,碩士,碩士在職專班,女,原住民族學生,育嬰,自請休學,0,1
113-2,花師教育學院,體育與運動科學系,體育與運動科學系,碩士,碩士在職專班,女,一般生(非原住民族),工作,自請休學,1,5
113-2,花師教育學院,體育與運動科學系,體育與運動科學系,碩士,碩士在職專班,女,一般生(非原住民族),論文撰寫,自請休學,0,1
113-2,花師教育學院,體育與運動科學系,體育與運動科學系,碩士,碩士在職專班,女,一般生(非原住民族),家務或家人照顧,自請休學,0,1
113-2,花師教育學院,體育與運動科學系,體育與運動科學系,碩士,碩士在職專班,女,一般生(非原住民族),考試訓練,自請休學,0,1
113-2,人文社會科學學院,公共行政學系,公共行政學系,學士,學士班,男,一般生(非原住民族),傷病,自請休學,0,1
113-2,人文社會科學學院,公共行政學系,公共行政學系,學士,學士班,男,一般生(非原住民族),出國,自請休學,0,1
113-2,人文社會科學學院,公共行政學系,公共行政學系,學士,學士班,男,一般生(非原住民族),家務或家人照顧,自請休學,0,1
113-2,人文社會科學學院,公共行政學系,公共行政學系,學士,學士班,男,一般生(非原住民族),考試訓練,自請休學,0,1
113-2,人文社會科學學院,公共行政學系,公共行政學系,學士,學士班,女,原住民族學生,就讀學校科系不符期待,自請休學,0,1
113-2,人文社會科學學院,公共行政學系,公共行政學系,學士,學士班,女,一般生(非原住民族),家務或家人照顧,自請休學,0,1
113-2,人文社會科學學院,公共行政學系,公共行政學系,學士,學士班,女,其他類學生,其他,自請休學,0,1
113-2,人文社會科學學院,法律學系,法律學士學位學程,學士,學士班,男,一般生(非原住民族),傷病,自請休學,0,1
113-2,人文社會科學學院,法律學系,法律學士學位學程,學士,學士班,女,一般生(非原住民族),傷病,自請休學,0,1
113-2,人文社會科學學院,社會學系,社會學系,碩士,碩士班,男,原住民族學生,工作,自請休學,0,1
113-2,人文社會科學學院,社會學系,社會學系,碩士,碩士班,男,一般生(非原住民族),經濟困難,自請休學,1,2
113-2,人文社會科學學院,社會學系,社會學系,碩士,碩士班,男,一般生(非原住民族),就讀學校科系不符期待,自請休學,1,1
113-2,人文社會科學學院,社會學系,社會學系,碩士,碩士班,男,一般生(非原住民族),工作,自請休學,0,2
113-2,人文社會科學學院,社會學系,社會學系,碩士,碩士班,男,一般生(非原住民族),兵役,自請休學,1,1
113-2,人文社會科學學院,社會學系,社會學系,碩士,碩士班,男,一般生(非原住民族),論文撰寫,自請休學,1,1
113-2,人文社會科學學院,社會學系,社會學系,碩士,碩士班,男,一般生(非原住民族),考試訓練,自請休學,0,1
113-2,人文社會科學學院,社會學系,社會學系,碩士,碩士班,女,原住民族學生,工作,自請休學,0,1
113-2,人文社會科學學院,社會學系,社會學系,碩士,碩士班,女,一般生(非原住民族),工作,自請休學,0,4
113-2,人文社會科學學院,社會學系,社會學系,碩士,碩士班,女,一般生(非原住民族),育嬰,自請休學,1,2
113-2,人文社會科學學院,社會學系,社會學系,碩士,碩士班,女,一般生(非原住民族),出國,自請休學,0,1
113-2,人文社會科學學院,社會學系,社會學系,碩士,碩士班,女,一般生(非原住民族),論文撰寫,自請休學,1,2
113-2,人文社會科學學院,公共行政學系,公共行政學系,碩士,碩士班,男,一般生(非原住民族),就讀學校科系不符期待,自請休學,0,1
113-2,人文社會科學學院,公共行政學系,公共行政學系,碩士,碩士班,男,一般生(非原住民族),論文撰寫,自請休學,0,2
113-2,人文社會科學學院,公共行政學系,公共行政學系,碩士,碩士班,女,一般生(非原住民族),就讀學校科系不符期待,自請休學,0,1
113-2,人文社會科學學院,公共行政學系,公共行政學系,碩士,碩士班,女,一般生(非原住民族),育嬰,自請休學,0,1
113-2,人文社會科學學院,公共行政學系,公共行政學系,碩士,碩士在職專班,男,一般生(非原住民族),傷病,自請休學,0,1
113-2,人文社會科學學院,公共行政學系,公共行政學系,碩士,碩士在職專班,男,一般生(非原住民族),工作,自請休學,3,3
113-2,人文社會科學學院,公共行政學系,公共行政學系,碩士,碩士在職專班,男,一般生(非原住民族),家務或家人照顧,自請休學,0,1
113-2,人文社會科學學院,公共行政學系,公共行政學系,碩士,碩士在職專班,男,一般生(非原住民族),考試訓練,自請休學,0,1
113-2,人文社會科學學院,公共行政學系,公共行政學系,碩士,碩士在職專班,女,一般生(非原住民族),傷病,自請休學,0,1
113-2,人文社會科學學院,公共行政學系,公共行政學系,碩士,碩士在職專班,女,一般生(非原住民族),工作,自請休學,0,2
113-2,人文社會科學學院,公共行政學系,公共行政學系,碩士,碩士在職專班,女,一般生(非原住民族),論文撰寫,自請休學,0,1
113-2,人文社會科學學院,公共行政學系,公共行政學系,碩士,碩士在職專班,女,一般生(非原住民族),家務或家人照顧,自請休學,0,2
113-2,人文社會科學學院,社會學系,社會學系,學士,學士班,女,一般生(非原住民族),就讀學校科系不符期待,自請休學,0,1
113-2,人文社會科學學院,社會學系,社會學系,學士,學士班,女,一般生(非原住民族),家務或家人照顧,自請休學,0,1
113-2,原住民民族學院,民族發展與社會工作學系,民族社會工作學士學位學程,學士,學士班,男,原住民族學生,工作,自請休學,0,1
113-2,原住民民族學院,民族發展與社會工作學系,民族社會工作學士學位學程,學士,學士班,男,原住民族學生,家務或家人照顧,自請休學,1,1
113-2,原住民民族學院,民族發展與社會工作學系,民族社會工作學士學位學程,學士,學士班,女,原住民族學生,經濟困難,自請休學,0,2
113-2,原住民民族學院,民族發展與社會工作學系,民族社會工作學士學位學程,學士,學士班,女,原住民族學生,就讀學校科系不符期待,自請休學,0,1
113-2,原住民民族學院,民族發展與社會工作學系,民族社會工作學士學位學程,學士,學士班,女,原住民族學生,育嬰,自請休學,0,2
113-2,理工學院,物理學系,物理學系應用物理碩士班,碩士,碩士班,男,一般生(非原住民族),傷病,自請休學,0,1
113-2,理工學院,物理學系,物理學系應用物理碩士班,碩士,碩士班,男,一般生(非原住民族),經濟困難,自請休學,1,1
113-2,理工學院,物理學系,物理學系應用物理碩士班,碩士,碩士班,男,一般生(非原住民族),就讀學校科系不符期待,自請休學,1,1
113-2,理工學院,物理學系,物理學系應用物理碩士班,碩士,碩士班,男,一般生(非原住民族),工作,自請休學,0,1
113-2,理工學院,物理學系,物理學系應用物理碩士班,碩士,碩士班,男,一般生(非原住民族),兵役,自請休學,1,1
113-2,理工學院,物理學系,物理學系應用物理碩士班,碩士,碩士班,男,其他類學生,論文撰寫,自請休學,1,1
113-2,花師教育學院,教育與潛能開發學系,教育與潛能開發學系多元文化教育博士班,博士,博士班,男,原住民族學生,工作,自請休學,0,1
113-2,花師教育學院,教育與潛能開發學系,教育與潛能開發學系多元文化教育博士班,博士,博士班,男,原住民族學生,論文撰寫,自請休學,0,2
113-2,花師教育學院,教育與潛能開發學系,教育與潛能開發學系多元文化教育博士班,博士,博士班,男,一般生(非原住民族),就學環境,自請休學,0,1
113-2,花師教育學院,教育與潛能開發學系,教育與潛能開發學系多元文化教育博士班,博士,博士班,女,原住民族學生,論文撰寫,自請休學,0,1
113-2,花師教育學院,教育與潛能開發學系,教育與潛能開發學系多元文化教育博士班,博士,博士班,女,原住民族學生,家務或家人照顧,自請休學,0,1
113-2,花師教育學院,教育與潛能開發學系,教育與潛能開發學系多元文化教育博士班,博士,博士班,女,一般生(非原住民族),育嬰,自請休學,0,1
113-2,花師教育學院,教育與潛能開發學系,教育與潛能開發學系多元文化教育博士班,博士,博士班,女,一般生(非原住民族),論文撰寫,自請休學,2,2
113-2,花師教育學院,教育與潛能開發學系,教育與潛能開發學系科學教育博士班,博士,博士班,男,一般生(非原住民族),傷病,自請休學,1,1
113-2,花師教育學院,教育與潛能開發學系,教育與潛能開發學系科學教育博士班,博士,博士班,男,一般生(非原住民族),育嬰,自請休學,0,1
113-2,花師教育學院,教育與潛能開發學系,教育與潛能開發學系科學教育博士班,博士,博士班,男,一般生(非原住民族),論文撰寫,自請休學,1,1
113-2,花師教育學院,教育與潛能開發學系,教育與潛能開發學系科學教育博士班,博士,博士班,男,一般生(非原住民族),考試訓練,自請休學,1,1
113-2,花師教育學院,教育與潛能開發學系,教育與潛能開發學系科學教育博士班,博士,博士班,女,一般生(非原住民族),傷病,自請休學,1,1
113-2,花師教育學院,教育與潛能開發學系,教育與潛能開發學系科學教育博士班,博士,博士班,女,一般生(非原住民族),工作,自請休學,0,1
113-2,花師教育學院,教育與潛能開發學系,教育與潛能開發學系科學教育博士班,博士,博士班,女,一般生(非原住民族),論文撰寫,自請休學,0,1
113-2,花師教育學院,教育與潛能開發學系,教育與潛能開發學系教育博士班,博士,博士班,男,原住民族學生,論文撰寫,自請休學,0,1
113-2,花師教育學院,教育與潛能開發學系,教育與潛能開發學系教育博士班,博士,博士班,男,一般生(非原住民族),傷病,自請休學,1,1
113-2,花師教育學院,教育與潛能開發學系,教育與潛能開發學系教育博士班,博士,博士班,男,一般生(非原住民族),工作,自請休學,2,5
113-2,花師教育學院,教育與潛能開發學系,教育與潛能開發學系教育博士班,博士,博士班,男,一般生(非原住民族),育嬰,自請休學,0,1
113-2,花師教育學院,教育與潛能開發學系,教育與潛能開發學系教育博士班,博士,博士班,男,一般生(非原住民族),論文撰寫,自請休學,0,2
113-2,花師教育學院,教育與潛能開發學系,教育與潛能開發學系教育博士班,博士,博士班,男,一般生(非原住民族),家務或家人照顧,自請休學,0,2
113-2,花師教育學院,教育與潛能開發學系,教育與潛能開發學系教育博士班,博士,博士班,男,其他類學生,工作,自請休學,0,1
113-2,花師教育學院,教育與潛能開發學系,教育與潛能開發學系教育博士班,博士,博士班,女,一般生(非原住民族),傷病,自請休學,0,2
113-2,花師教育學院,教育與潛能開發學系,教育與潛能開發學系教育博士班,博士,博士班,女,一般生(非原住民族),工作,自請休學,1,4
113-2,花師教育學院,教育與潛能開發學系,教育與潛能開發學系教育博士班,博士,博士班,女,一般生(非原住民族),育嬰,自請休學,0,2
113-2,花師教育學院,教育與潛能開發學系,教育與潛能開發學系教育博士班,博士,博士班,女,一般生(非原住民族),論文撰寫,自請休學,0,4
113-2,花師教育學院,教育與潛能開發學系,教育與潛能開發學系教育博士班,博士,博士班,女,一般生(非原住民族),家務或家人照顧,自請休學,0,2
113-2,花師教育學院,教育與潛能開發學系,教育與潛能開發學系教育博士班,博士,博士班,女,其他類學生,經濟困難,自請休學,0,3
113-2,花師教育學院,教育與潛能開發學系,教育與潛能開發學系多元文化教育碩士班,碩士,碩士班,男,原住民族學生,傷病,自請休學,1,1
113-2,花師教育學院,教育與潛能開發學系,教育與潛能開發學系多元文化教育碩士班,碩士,碩士班,男,原住民族學生,育嬰,自請休學,0,1
113-2,花師教育學院,教育與潛能開發學系,教育與潛能開發學系多元文化教育碩士班,碩士,碩士班,男,一般生(非原住民族),就讀學校科系不符期待,自請休學,0,1
113-2,花師教育學院,教育與潛能開發學系,教育與潛能開發學系多元文化教育碩士班,碩士,碩士班,男,一般生(非原住民族),工作,自請休學,0,1
113-2,花師教育學院,教育與潛能開發學系,教育與潛能開發學系多元文化教育碩士班,碩士,碩士班,男,一般生(非原住民族),論文撰寫,自請休學,0,1
113-2,花師教育學院,教育與潛能開發學系,教育與潛能開發學系多元文化教育碩士班,碩士,碩士班,女,原住民族學生,工作,自請休學,0,1
113-2,花師教育學院,教育與潛能開發學系,教育與潛能開發學系多元文化教育碩士班,碩士,碩士班,女,原住民族學生,論文撰寫,自請休學,0,1
113-2,花師教育學院,教育與潛能開發學系,教育與潛能開發學系多元文化教育碩士班,碩士,碩士班,女,一般生(非原住民族),育嬰,自請休學,0,1
113-2,花師教育學院,教育與潛能開發學系,教育與潛能開發學系多元文化教育碩士班,碩士,碩士班,女,一般生(非原住民族),論文撰寫,自請休學,1,2
113-2,花師教育學院,教育與潛能開發學系,教育與潛能開發學系多元文化教育碩士班,碩士,碩士班,女,一般生(非原住民族),其他,自請休學,1,3
113-2,花師教育學院,教育與潛能開發學系,教育與潛能開發學系科學教育碩士班,碩士,碩士班,男,一般生(非原住民族),傷病,自請休學,0,1
113-2,花師教育學院,教育與潛能開發學系,教育與潛能開發學系科學教育碩士班,碩士,碩士班,男,一般生(非原住民族),工作,自請休學,0,4
113-2,花師教育學院,教育與潛能開發學系,教育與潛能開發學系科學教育碩士班,碩士,碩士班,女,一般生(非原住民族),工作,自請休學,1,5
113-2,花師教育學院,教育與潛能開發學系,教育與潛能開發學系科學教育碩士班,碩士,碩士班,女,一般生(非原住民族),論文撰寫,自請休學,0,1
113-2,花師教育學院,教育與潛能開發學系,教育與潛能開發學系教育碩士班,碩士,碩士班,男,原住民族學生,育嬰,自請休學,0,1
113-2,花師教育學院,教育與潛能開發學系,教育與潛能開發學系教育碩士班,碩士,碩士班,男,一般生(非原住民族),工作,自請休學,0,3
113-2,花師教育學院,教育與潛能開發學系,教育與潛能開發學系教育碩士班,碩士,碩士班,男,一般生(非原住民族),出國,自請休學,0,1
113-2,花師教育學院,教育與潛能開發學系,教育與潛能開發學系教育碩士班,碩士,碩士班,男,其他類學生,工作,自請休學,0,1
113-2,花師教育學院,教育與潛能開發學系,教育與潛能開發學系教育碩士班,碩士,碩士班,女,原住民族學生,工作,自請休學,0,1
113-2,花師教育學院,教育與潛能開發學系,教育與潛能開發學系教育碩士班,碩士,碩士班,女,原住民族學生,論文撰寫,自請休學,0,1
113-2,花師教育學院,教育與潛能開發學系,教育與潛能開發學系教育碩士班,碩士,碩士班,女,一般生(非原住民族),傷病,自請休學,1,1
113-2,花師教育學院,教育與潛能開發學系,教育與潛能開發學系教育碩士班,碩士,碩士班,女,一般生(非原住民族),工作,自請休學,1,6
113-2,花師教育學院,教育與潛能開發學系,教育與潛能開發學系教育碩士班,碩士,碩士班,女,一般生(非原住民族),論文撰寫,自請休學,1,1
113-2,花師教育學院,教育與潛能開發學系,教育與潛能開發學系教育碩士班,碩士,碩士班,女,一般生(非原住民族),家務或家人照顧,自請休學,0,1
113-2,花師教育學院,教育與潛能開發學系,教育與潛能開發學系教育碩士班,碩士,碩士班,女,一般生(非原住民族),其他,自請休學,0,1
113-2,花師教育學院,教育與潛能開發學系,教育與潛能開發學系教育碩士班,碩士,碩士班,女,其他類學生,論文撰寫,自請休學,0,1
113-2,花師教育學院,教育與潛能開發學系,教育與潛能開發學系教育碩士在職專班,碩士,碩士在職專班,男,原住民族學生,工作,自請休學,0,1
113-2,花師教育學院,教育與潛能開發學系,教育與潛能開發學系教育碩士在職專班,碩士,碩士在職專班,男,原住民族學生,家務或家人照顧,自請休學,0,1
113-2,花師教育學院,教育與潛能開發學系,教育與潛能開發學系教育碩士在職專班,碩士,碩士在職專班,男,一般生(非原住民族),工作,自請休學,0,3
113-2,花師教育學院,教育與潛能開發學系,教育與潛能開發學系教育碩士在職專班,碩士,碩士在職專班,男,一般生(非原住民族),論文撰寫,自請休學,1,4
113-2,花師教育學院,教育與潛能開發學系,教育與潛能開發學系教育碩士在職專班,碩士,碩士在職專班,男,一般生(非原住民族),家務或家人照顧,自請休學,0,1
113-2,花師教育學院,教育與潛能開發學系,教育與潛能開發學系教育碩士在職專班,碩士,碩士在職專班,男,一般生(非原住民族),考試訓練,自請休學,0,1
113-2,花師教育學院,教育與潛能開發學系,教育與潛能開發學系教育碩士在職專班,碩士,碩士在職專班,男,一般生(非原住民族),其他,自請休學,0,1
113-2,花師教育學院,教育與潛能開發學系,教育與潛能開發學系教育碩士在職專班,碩士,碩士在職專班,女,原住民族學生,育嬰,自請休學,0,2
113-2,花師教育學院,教育與潛能開發學系,教育與潛能開發學系教育碩士在職專班,碩士,碩士在職專班,女,一般生(非原住民族),傷病,自請休學,2,3
113-2,花師教育學院,教育與潛能開發學系,教育與潛能開發學系教育碩士在職專班,碩士,碩士在職專班,女,一般生(非原住民族),經濟困難,自請休學,0,1
113-2,花師教育學院,教育與潛能開發學系,教育與潛能開發學系教育碩士在職專班,碩士,碩士在職專班,女,一般生(非原住民族),就讀學校科系不符期待,自請休學,0,1
113-2,花師教育學院,教育與潛能開發學系,教育與潛能開發學系教育碩士在職專班,碩士,碩士在職專班,女,一般生(非原住民族),工作,自請休學,0,9
113-2,花師教育學院,教育與潛能開發學系,教育與潛能開發學系教育碩士在職專班,碩士,碩士在職專班,女,一般生(非原住民族),懷孕,自請休學,0,1
113-2,花師教育學院,教育與潛能開發學系,教育與潛能開發學系教育碩士在職專班,碩士,碩士在職專班,女,一般生(非原住民族),育嬰,自請休學,0,1
113-2,花師教育學院,教育與潛能開發學系,教育與潛能開發學系教育碩士在職專班,碩士,碩士在職專班,女,一般生(非原住民族),論文撰寫,自請休學,2,10
113-2,花師教育學院,教育與潛能開發學系,教育與潛能開發學系教育碩士在職專班,碩士,碩士在職專班,女,一般生(非原住民族),家務或家人照顧,自請休學,1,3
113-2,花師教育學院,教育與潛能開發學系,教育與潛能開發學系教育碩士在職專班,碩士,碩士在職專班,女,一般生(非原住民族),考試訓練,自請休學,0,3
113-2,花師教育學院,教育與潛能開發學系,教育與潛能開發學系教育碩士在職專班,碩士,碩士在職專班,女,一般生(非原住民族),其他,自請休學,0,1
113-2,花師教育學院,教育與潛能開發學系,教育與潛能開發學系,學士,學士班,女,一般生(非原住民族),傷病,自請休學,1,1
113-2,花師教育學院,教育與潛能開發學系,教育與潛能開發學系,學士,學士班,女,一般生(非原住民族),就讀學校科系不符期待,自請休學,0,2
113-2,藝術學院,藝術創意產業學系,藝術創意產業學系,碩士,碩士在職專班,男,原住民族學生,工作,自請休學,0,1
113-2,藝術學院,藝術創意產業學系,藝術創意產業學系,碩士,碩士在職專班,男,一般生(非原住民族),工作,自請休學,1,2
113-2,藝術學院,藝術創意產業學系,藝術創意產業學系,碩士,碩士在職專班,男,一般生(非原住民族),家務或家人照顧,自請休學,1,1
113-2,藝術學院,藝術創意產業學系,藝術創意產業學系,碩士,碩士在職專班,女,原住民族學生,育嬰,自請休學,0,1
113-2,藝術學院,藝術創意產業學系,藝術創意產業學系,碩士,碩士在職專班,女,原住民族學生,家務或家人照顧,自請休學,1,1
113-2,藝術學院,藝術創意產業學系,藝術創意產業學系,碩士,碩士在職專班,女,一般生(非原住民族),就讀學校科系不符期待,自請休學,1,1
113-2,藝術學院,藝術創意產業學系,藝術創意產業學系,碩士,碩士在職專班,女,一般生(非原住民族),工作,自請休學,0,4
113-2,藝術學院,藝術創意產業學系,藝術創意產業學系,碩士,碩士在職專班,女,一般生(非原住民族),育嬰,自請休學,0,1
113-2,藝術學院,藝術創意產業學系,藝術創意產業學系,碩士,碩士在職專班,女,一般生(非原住民族),論文撰寫,自請休學,0,1
113-2,藝術學院,藝術創意產業學系,藝術創意產業學系,碩士,碩士在職專班,女,一般生(非原住民族),家務或家人照顧,自請休學,0,1
113-2,藝術學院,藝術創意產業學系,藝術創意產業學系,碩士,碩士班,男,原住民族學生,論文撰寫,自請休學,0,1
113-2,藝術學院,藝術創意產業學系,藝術創意產業學系,碩士,碩士班,男,一般生(非原住民族),兵役,自請休學,0,1
113-2,藝術學院,藝術創意產業學系,藝術創意產業學系,碩士,碩士班,男,一般生(非原住民族),家務或家人照顧,自請休學,0,1
113-2,藝術學院,藝術創意產業學系,藝術創意產業學系,碩士,碩士班,男,其他類學生,論文撰寫,自請休學,1,1
113-2,藝術學院,藝術創意產業學系,藝術創意產業學系,碩士,碩士班,女,原住民族學生,傷病,自請休學,0,1
113-2,藝術學院,藝術創意產業學系,藝術創意產業學系,碩士,碩士班,女,原住民族學生,工作,自請休學,0,1
113-2,藝術學院,藝術創意產業學系,藝術創意產業學系,碩士,碩士班,女,一般生(非原住民族),傷病,自請休學,0,1
113-2,藝術學院,藝術創意產業學系,藝術創意產業學系,碩士,碩士班,女,一般生(非原住民族),工作,自請休學,0,4
113-2,藝術學院,藝術創意產業學系,藝術創意產業學系,碩士,碩士班,女,一般生(非原住民族),論文撰寫,自請休學,3,4
113-2,管理學院,國際企業學系,國際企業學系經營管理碩士在職專班,碩士,碩士在職專班,男,原住民族學生,育嬰,自請休學,0,1
113-2,管理學院,國際企業學系,國際企業學系經營管理碩士在職專班,碩士,碩士在職專班,男,一般生(非原住民族),工作,自請休學,1,3
113-2,管理學院,國際企業學系,國際企業學系經營管理碩士在職專班,碩士,碩士在職專班,男,一般生(非原住民族),育嬰,自請休學,0,1
113-2,管理學院,國際企業學系,國際企業學系經營管理碩士在職專班,碩士,碩士在職專班,男,一般生(非原住民族),論文撰寫,自請休學,0,2
113-2,管理學院,國際企業學系,國際企業學系經營管理碩士在職專班,碩士,碩士在職專班,男,一般生(非原住民族),家務或家人照顧,自請休學,0,1
113-2,管理學院,國際企業學系,國際企業學系經營管理碩士在職專班,碩士,碩士在職專班,男,一般生(非原住民族),其他,自請休學,0,1
113-2,管理學院,國際企業學系,國際企業學系經營管理碩士在職專班,碩士,碩士在職專班,女,一般生(非原住民族),育嬰,自請休學,0,1
113-2,管理學院,資訊管理學系,資訊管理學系,碩士,碩士班,男,一般生(非原住民族),就讀學校科系不符期待,自請休學,0,1
113-2,管理學院,資訊管理學系,資訊管理學系,碩士,碩士班,男,一般生(非原住民族),工作,自請休學,0,1
113-2,管理學院,資訊管理學系,資訊管理學系,碩士,碩士班,女,一般生(非原住民族),工作,自請休學,1,2
113-2,管理學院,資訊管理學系,資訊管理學系,碩士,碩士班,女,一般生(非原住民族),家務或家人照顧,自請休學,0,1
113-2,管理學院,會計學系,會計學系,碩士,碩士班,男,一般生(非原住民族),就讀學校科系不符期待,自請休學,1,2
113-2,管理學院,會計學系,會計學系,碩士,碩士班,男,一般生(非原住民族),兵役,自請休學,0,1
113-2,管理學院,會計學系,會計學系,碩士,碩士班,女,一般生(非原住民族),就讀學校科系不符期待,自請休學,0,1
113-2,管理學院,會計學系,會計學系,碩士,碩士班,女,一般生(非原住民族),工作,自請休學,2,3
113-2,原住民民族學院,原住民族樂舞與藝術學士學位學程,原住民族樂舞與藝術學士學位學程,學士,學士班,男,原住民族學生,工作,自請休學,0,1
113-2,原住民民族學院,原住民族樂舞與藝術學士學位學程,原住民族樂舞與藝術學士學位學程,學士,學士班,女,原住民族學生,傷病,自請休學,2,2
113-2,原住民民族學院,原住民族樂舞與藝術學士學位學程,原住民族樂舞與藝術學士學位學程,學士,學士班,女,原住民族學生,就讀學校科系不符期待,自請休學,1,1
113-2,原住民民族學院,原住民族樂舞與藝術學士學位學程,原住民族樂舞與藝術學士學位學程,學士,學士班,女,原住民族學生,就學環境,自請休學,1,1
113-2,原住民民族學院,原住民族樂舞與藝術學士學位學程,原住民族樂舞與藝術學士學位學程,學士,學士班,女,原住民族學生,家務或家人照顧,自請休學,0,1
113-2,原住民民族學院,原住民族樂舞與藝術學士學位學程,原住民族樂舞與藝術學士學位學程,學士,學士班,女,原住民族學生,其他,自請休學,1,1
113-2,人文社會科學學院,法律學系,法律學系,學士,學士班,男,一般生(非原住民族),傷病,自請休學,0,1
113-2,人文社會科學學院,法律學系,法律學系,學士,學士班,男,一般生(非原住民族),就讀學校科系不符期待,自請休學,1,1
113-2,人文社會科學學院,法律學系,法律學系,學士,學士班,女,一般生(非原住民族),傷病,自請休學,0,1
113-2,人文社會科學學院,法律學系,法律學系,學士,學士班,女,一般生(非原住民族),出國,自請休學,0,1
113-2,人文社會科學學院,人文社會科學學院華語文教學國際博士班,人文社會科學學院華語文教學國際博士班,博士,博士班,男,其他類學生,論文撰寫,自請休學,0,1
113-2,人文社會科學學院,法律學系,法律學系原住民專班,學士,學士班,男,原住民族學生,工作,自請休學,1,1
113-2,人文社會科學學院,法律學系,法律學系原住民專班,學士,學士班,女,原住民族學生,家務或家人照顧,自請休學,1,1
113-2,花師教育學院,幼兒教育學系,幼兒教育學系學士後學位學程教保員專班,學士,學士班,女,原住民族學生,工作,自請休學,0,1
113-2,人文社會科學學院,人文社會科學學院亞太區域研究博士班,人文社會科學學院亞太區域研究博士班,博士,博士班,男,其他類學生,論文撰寫,自請休學,1,1
113-2,人文社會科學學院,法律學系,法律學系,碩士,碩士班,男,原住民族學生,工作,自請休學,0,1
113-2,人文社會科學學院,法律學系,法律學系,碩士,碩士班,男,原住民族學生,考試訓練,自請休學,0,1
113-2,人文社會科學學院,法律學系,法律學系,碩士,碩士班,男,一般生(非原住民族),工作,自請休學,0,6
113-2,人文社會科學學院,法律學系,法律學系,碩士,碩士班,男,一般生(非原住民族),育嬰,自請休學,0,1
113-2,人文社會科學學院,法律學系,法律學系,碩士,碩士班,男,一般生(非原住民族),論文撰寫,自請休學,2,7
113-2,人文社會科學學院,法律學系,法律學系,碩士,碩士班,女,原住民族學生,經濟困難,自請休學,0,1
113-2,人文社會科學學院,法律學系,法律學系,碩士,碩士班,女,原住民族學生,工作,自請休學,0,2
113-2,人文社會科學學院,法律學系,法律學系,碩士,碩士班,女,一般生(非原住民族),工作,自請休學,0,2
113-2,人文社會科學學院,法律學系,法律學系,碩士,碩士班,女,一般生(非原住民族),論文撰寫,自請休學,4,6
113-2,人文社會科學學院,法律學系,法律學系,碩士,碩士班,女,一般生(非原住民族),家務或家人照顧,自請休學,0,2
113-2,人文社會科學學院,法律學系,法律學系,碩士,碩士班,女,一般生(非原住民族),考試訓練,自請休學,0,1
113-2,人文社會科學學院,人文社會科學學院華語文教學暨書法國際碩士班,人文社會科學學院華語文教學暨書法國際碩士班,碩士,碩士班,男,一般生(非原住民族),經濟困難,自請休學,0,1
113-2,人文社會科學學院,人文社會科學學院華語文教學暨書法國際碩士班,人文社會科學學院華語文教學暨書法國際碩士班,碩士,碩士班,女,其他類學生,傷病,自請休學,1,1
113-2,洄瀾學院,縱谷跨域書院學士學位學程,縱谷跨域書院學士學位學程,學士,學士班,男,一般生(非原住民族),傷病,自請休學,1,1
113-2,洄瀾學院,縱谷跨域書院學士學位學程,縱谷跨域書院學士學位學程,學士,學士班,男,一般生(非原住民族),就讀學校科系不符期待,自請休學,0,1
113-2,洄瀾學院,縱谷跨域書院學士學位學程,縱谷跨域書院學士學位學程,學士,學士班,男,一般生(非原住民族),出國,自請休學,0,1
113-2,洄瀾學院,縱谷跨域書院學士學位學程,縱谷跨域書院學士學位學程,學士,學士班,男,一般生(非原住民族),考試訓練,自請休學,1,1
113-2,洄瀾學院,縱谷跨域書院學士學位學程,縱谷跨域書院學士學位學程,學士,學士班,女,一般生(非原住民族),就讀學校科系不符期待,自請休學,0,1
113-2,洄瀾學院,縱谷跨域書院學士學位學程,縱谷跨域書院學士學位學程,學士,學士班,女,一般生(非原住民族),家務或家人照顧,自請休學,1,1
113-2,環境暨海洋學院,自然資源與環境學系,自然資源與環境學系,博士,博士班,男,一般生(非原住民族),工作,自請休學,0,1
113-2,環境暨海洋學院,自然資源與環境學系,自然資源與環境學系,博士,博士班,男,一般生(非原住民族),出國,自請休學,0,1
113-2,環境暨海洋學院,自然資源與環境學系,自然資源與環境學系,博士,博士班,女,一般生(非原住民族),傷病,自請休學,0,1
113-2,環境暨海洋學院,自然資源與環境學系,自然資源與環境學系,博士,博士班,女,一般生(非原住民族),工作,自請休學,0,1
113-2,環境暨海洋學院,自然資源與環境學系,自然資源與環境學系,博士,博士班,女,其他類學生,工作,自請休學,0,1
113-2,環境暨海洋學院,自然資源與環境學系,自然資源與環境學系,碩士,碩士班,男,原住民族學生,工作,自請休學,1,2
113-2,環境暨海洋學院,自然資源與環境學系,自然資源與環境學系,碩士,碩士班,男,一般生(非原住民族),工作,自請休學,1,2
113-2,環境暨海洋學院,自然資源與環境學系,自然資源與環境學系,碩士,碩士班,男,一般生(非原住民族),出國,自請休學,0,1
113-2,環境暨海洋學院,自然資源與環境學系,自然資源與環境學系,碩士,碩士班,男,一般生(非原住民族),論文撰寫,自請休學,0,3
113-2,環境暨海洋學院,自然資源與環境學系,自然資源與環境學系,碩士,碩士班,女,一般生(非原住民族),工作,自請休學,2,4
113-2,環境暨海洋學院,自然資源與環境學系,自然資源與環境學系,碩士,碩士班,女,一般生(非原住民族),育嬰,自請休學,0,1
113-2,環境暨海洋學院,自然資源與環境學系,自然資源與環境學系,碩士,碩士班,女,一般生(非原住民族),論文撰寫,自請休學,0,1
113-2,環境暨海洋學院,自然資源與環境學系,自然資源與環境學系,碩士,碩士班,女,其他類學生,論文撰寫,自請休學,1,1
113-2,環境暨海洋學院,自然資源與環境學系,自然資源與環境學系,學士,學士班,男,一般生(非原住民族),傷病,自請休學,0,1
113-2,環境暨海洋學院,自然資源與環境學系,自然資源與環境學系,學士,學士班,男,一般生(非原住民族),經濟困難,自請休學,1,1
113-2,環境暨海洋學院,自然資源與環境學系,自然資源與環境學系,學士,學士班,男,一般生(非原住民族),就讀學校科系不符期待,自請休學,0,1
113-2,環境暨海洋學院,自然資源與環境學系,自然資源與環境學系,學士,學士班,男,一般生(非原住民族),工作,自請休學,0,2
113-2,環境暨海洋學院,自然資源與環境學系,自然資源與環境學系,學士,學士班,男,一般生(非原住民族),出國,自請休學,0,1
113-2,環境暨海洋學院,自然資源與環境學系,自然資源與環境學系,學士,學士班,男,一般生(非原住民族),其他,自請休學,0,1
113-2,環境暨海洋學院,自然資源與環境學系,自然資源與環境學系,學士,學士班,女,一般生(非原住民族),傷病,自請休學,0,1
113-2,環境暨海洋學院,自然資源與環境學系,自然資源與環境學系,學士,學士班,女,一般生(非原住民族),就讀學校科系不符期待,自請休學,0,1
113-2,環境暨海洋學院,自然資源與環境學系,自然資源與環境學系,學士,學士班,女,一般生(非原住民族),就學環境,自請休學,0,1
113-2,環境暨海洋學院,海洋生物研究所,海洋生物研究所,碩士,碩士班,男,一般生(非原住民族),就讀學校科系不符期待,自請休學,0,1
113-2,環境暨海洋學院,海洋生物研究所,海洋生物研究所,碩士,碩士班,男,一般生(非原住民族),工作,自請休學,0,1
113-2,環境暨海洋學院,海洋生物研究所,海洋生物研究所,碩士,碩士班,女,一般生(非原住民族),就讀學校科系不符期待,自請休學,0,1
113-2,環境暨海洋學院,海洋生物研究所,海洋生物研究所,碩士,碩士班,女,一般生(非原住民族),工作,自請休學,2,2
113-2,環境暨海洋學院,海洋生物研究所,海洋生物研究所,博士,博士班,男,一般生(非原住民族),學業成績不佳,自請休學,1,1
113-2,理工學院,資訊工程學系,資訊工程學系人工智慧與創新應用碩士班,碩士,碩士班,男,一般生(非原住民族),傷病,自請休學,0,1
113-2,理工學院,資訊工程學系,資訊工程學系人工智慧與創新應用碩士班,碩士,碩士班,男,一般生(非原住民族),經濟困難,自請休學,0,1
113-2,理工學院,資訊工程學系,資訊工程學系人工智慧與創新應用碩士班,碩士,碩士班,男,一般生(非原住民族),工作,自請休學,0,1
113-2,原住民民族學院,原住民民族學院原住民族研究國際博士班,原住民民族學院原住民族研究國際博士班,博士,博士班,男,其他類學生,工作,自請休學,0,1
113-2,原住民民族學院,原住民民族學院原住民族研究國際博士班,原住民民族學院原住民族研究國際博士班,博士,博士班,女,其他類學生,工作,自請休學,1,1
113-2,管理學院,管理學院會計與資訊管理國際學士班,管理學院會計與資訊管理國際學士班,學士,學士班,男,一般生(非原住民族),出國,自請休學,0,1
113-2,管理學院,管理學院會計與資訊管理國際學士班,管理學院會計與資訊管理國際學士班,學士,學士班,女,一般生(非原住民族),就讀學校科系不符期待,自請休學,1,1
113-2,理工學院,生化暨分子醫學科學系,生化暨分子醫學科學系,博士,博士班,男,一般生(非原住民族),工作,自請休學,0,1
113-2,理工學院,生化暨分子醫學科學系,生化暨分子醫學科學系,博士,博士班,男,其他類學生,就讀學校科系不符期待,自請休學,1,1
113-2,理工學院,生化暨分子醫學科學系,生化暨分子醫學科學系,博士,博士班,女,一般生(非原住民族),懷孕,自請休學,0,1
113-2,理工學院,生化暨分子醫學科學系,生化暨分子醫學科學系,碩士,碩士班,男,一般生(非原住民族),就讀學校科系不符期待,自請休學,1,1
113-2,理工學院,生化暨分子醫學科學系,生化暨分子醫學科學系,碩士,碩士班,男,一般生(非原住民族),工作,自請休學,1,1
113-2,理工學院,生化暨分子醫學科學系,生化暨分子醫學科學系,碩士,碩士班,男,一般生(非原住民族),考試訓練,自請休學,0,1
113-2,理工學院,生化暨分子醫學科學系,生化暨分子醫學科學系,學士,學士班,男,一般生(非原住民族),傷病,自請休學,0,2
113-2,理工學院,生化暨分子醫學科學系,生化暨分子醫學科學系,學士,學士班,男,一般生(非原住民族),就讀學校科系不符期待,自請休學,0,1
113-2,理工學院,生化暨分子醫學科學系,生化暨分子醫學科學系,學士,學士班,男,其他類學生,學業成績不佳,自請休學,0,1
113-2,理工學院,生化暨分子醫學科學系,生化暨分子醫學科學系,學士,學士班,女,一般生(非原住民族),傷病,自請休學,0,1
113-2,理工學院,生化暨分子醫學科學系,生化暨分子醫學科學系,學士,學士班,女,一般生(非原住民族),出國,自請休學,0,1
113-2,理工學院,生化暨分子醫學科學系,生化暨分子醫學科學系,學士,學士班,女,一般生(非原住民族),家務或家人照顧,自請休學,0,1
113-2,理工學院,生化暨分子醫學科學系,生化暨分子醫學科學系,學士,學士班,女,一般生(非原住民族),考試訓練,自請休學,0,1
113-2,理工學院,理工學院大數據科學國際學士班,理工學院大數據科學國際學士班,學士,學士班,女,一般生(非原住民族),就讀學校科系不符期待,自請休學,1,1
113-2,管理學院,管理學院數位行銷與服務創新國際學士班,管理學院數位行銷與服務創新國際學士班,學士,學士班,男,一般生(非原住民族),學業成績不佳,自請休學,1,1
113-2,管理學院,管理學院數位行銷與服務創新國際學士班,管理學院數位行銷與服務創新國際學士班,學士,學士班,男,一般生(非原住民族),兵役,自請休學,0,1
113-2,原住民民族學院,民族發展與社會工作學系,民族發展與社會工作學系,碩士,碩士班,男,原住民族學生,工作,自請休學,0,2
113-2,原住民民族學院,民族發展與社會工作學系,民族發展與社會工作學系,碩士,碩士班,男,原住民族學生,育嬰,自請休學,0,1
113-2,原住民民族學院,民族發展與社會工作學系,民族發展與社會工作學系,碩士,碩士班,男,原住民族學生,論文撰寫,自請休學,0,2
113-2,原住民民族學院,民族發展與社會工作學系,民族發展與社會工作學系,碩士,碩士班,男,原住民族學生,家務或家人照顧,自請休學,1,2
113-2,原住民民族學院,民族發展與社會工作學系,民族發展與社會工作學系,碩士,碩士班,男,原住民族學生,考試訓練,自請休學,0,1
113-2,原住民民族學院,民族發展與社會工作學系,民族發展與社會工作學系,碩士,碩士班,男,一般生(非原住民族),育嬰,自請休學,0,1
113-2,原住民民族學院,民族發展與社會工作學系,民族發展與社會工作學系,碩士,碩士班,女,原住民族學生,工作,自請休學,0,2
113-2,原住民民族學院,民族發展與社會工作學系,民族發展與社會工作學系,碩士,碩士班,女,原住民族學生,育嬰,自請休學,0,3
113-2,原住民民族學院,民族發展與社會工作學系,民族發展與社會工作學系,碩士,碩士班,女,原住民族學生,論文撰寫,自請休學,2,5
113-2,原住民民族學院,民族發展與社會工作學系,民族發展與社會工作學系,碩士,碩士班,女,一般生(非原住民族),工作,自請休學,0,1
113-2,原住民民族學院,民族發展與社會工作學系,民族發展與社會工作學系民族社會工作碩士在職專班,碩士,碩士在職專班,男,原住民族學生,論文撰寫,自請休學,0,1
113-2,原住民民族學院,民族發展與社會工作學系,民族發展與社會工作學系民族社會工作碩士在職專班,碩士,碩士在職專班,男,一般生(非原住民族),工作,自請休學,0,2
113-2,原住民民族學院,民族發展與社會工作學系,民族發展與社會工作學系民族社會工作碩士在職專班,碩士,碩士在職專班,男,一般生(非原住民族),論文撰寫,自請休學,1,1
113-2,原住民民族學院,民族發展與社會工作學系,民族發展與社會工作學系民族社會工作碩士在職專班,碩士,碩士在職專班,男,一般生(非原住民族),家務或家人照顧,自請休學,1,1
113-2,原住民民族學院,民族發展與社會工作學系,民族發展與社會工作學系民族社會工作碩士在職專班,碩士,碩士在職專班,女,原住民族學生,工作,自請休學,3,8
113-2,原住民民族學院,民族發展與社會工作學系,民族發展與社會工作學系民族社會工作碩士在職專班,碩士,碩士在職專班,女,原住民族學生,育嬰,自請休學,0,3
113-2,原住民民族學院,民族發展與社會工作學系,民族發展與社會工作學系民族社會工作碩士在職專班,碩士,碩士在職專班,女,原住民族學生,論文撰寫,自請休學,0,3
113-2,原住民民族學院,民族發展與社會工作學系,民族發展與社會工作學系民族社會工作碩士在職專班,碩士,碩士在職專班,女,原住民族學生,家務或家人照顧,自請休學,1,1
113-2,原住民民族學院,民族發展與社會工作學系,民族發展與社會工作學系民族社會工作碩士在職專班,碩士,碩士在職專班,女,一般生(非原住民族),傷病,自請休學,1,1
113-2,原住民民族學院,民族發展與社會工作學系,民族發展與社會工作學系民族社會工作碩士在職專班,碩士,碩士在職專班,女,一般生(非原住民族),工作,自請休學,1,2
113-2,原住民民族學院,民族發展與社會工作學系,民族發展與社會工作學系民族社會工作碩士在職專班,碩士,碩士在職專班,女,一般生(非原住民族),論文撰寫,自請休學,2,6
113-2,原住民民族學院,民族發展與社會工作學系,民族發展與社會工作學系民族社會工作碩士在職專班,碩士,碩士在職專班,女,一般生(非原住民族),家務或家人照顧,自請休學,1,2
114-1,理工學院,應用數學系,應用數學系,學士,學士班,男,一般生(非原住民族),學業成績不佳,自請休學,2,2
114-1,理工學院,應用數學系,應用數學系,學士,學士班,男,一般生(非原住民族),就讀學校科系不符期待,自請休學,4,7
114-1,理工學院,應用數學系,應用數學系,學士,學士班,男,一般生(非原住民族),工作,自請休學,0,2
114-1,理工學院,應用數學系,應用數學系,學士,學士班,男,一般生(非原住民族),就學環境,自請休學,1,1
114-1,理工學院,應用數學系,應用數學系,學士,學士班,男,一般生(非原住民族),考試訓練,自請休學,1,1
114-1,理工學院,應用數學系,應用數學系,學士,學士班,女,一般生(非原住民族),傷病,自請休學,1,1
114-1,理工學院,應用數學系,應用數學系,學士,學士班,女,一般生(非原住民族),學業成績不佳,自請休學,0,1
114-1,理工學院,應用數學系,應用數學系,學士,學士班,女,一般生(非原住民族),家務或家人照顧,自請休學,0,1
114-1,理工學院,應用數學系,應用數學系,博士,博士班,男,一般生(非原住民族),論文撰寫,自請休學,0,1
114-1,理工學院,應用數學系,應用數學系,碩士,碩士班,男,一般生(非原住民族),經濟困難,自請休學,1,1
114-1,理工學院,應用數學系,應用數學系,碩士,碩士班,男,一般生(非原住民族),就學環境,自請休學,0,1
114-1,理工學院,資訊工程學系,資訊工程學系,學士,學士班,男,原住民族學生,就讀學校科系不符期待,自請休學,0,1
114-1,理工學院,資訊工程學系,資訊工程學系,學士,學士班,男,一般生(非原住民族),傷病,自請休學,1,1
114-1,理工學院,資訊工程學系,資訊工程學系,學士,學士班,男,一般生(非原住民族),學業成績不佳,自請休學,1,2
114-1,理工學院,資訊工程學系,資訊工程學系,學士,學士班,男,一般生(非原住民族),就讀學校科系不符期待,自請休學,2,2
114-1,理工學院,資訊工程學系,資訊工程學系,學士,學士班,男,一般生(非原住民族),工作,自請休學,0,2
114-1,理工學院,資訊工程學系,資訊工程學系,學士,學士班,男,其他類學生,傷病,自請休學,1,1
114-1,理工學院,資訊工程學系,資訊工程學系,學士,學士班,男,其他類學生,學業成績不佳,自請休學,1,1
114-1,理工學院,資訊工程學系,資訊工程學系,學士,學士班,女,一般生(非原住民族),就讀學校科系不符期待,自請休學,2,3
114-1,理工學院,資訊工程學系,資訊工程學系,學士,學士班,女,一般生(非原住民族),出國,自請休學,0,1
114-1,理工學院,資訊工程學系,資訊工程學系,學士,學士班,女,一般生(非原住民族),家務或家人照顧,自請休學,0,1
114-1,理工學院,資訊工程學系,資訊工程學系,學士,學士班,女,其他類學生,經濟困難,自請休學,0,1
114-1,理工學院,資訊工程學系,資訊工程學系,博士,博士班,男,一般生(非原住民族),傷病,自請休學,0,1
114-1,理工學院,資訊工程學系,資訊工程學系,博士,博士班,男,一般生(非原住民族),論文撰寫,自請休學,0,2
114-1,理工學院,資訊工程學系,資訊工程學系,博士,博士班,男,一般生(非原住民族),家務或家人照顧,自請休學,0,1
114-1,理工學院,資訊工程學系,資訊工程學系,博士,博士班,男,其他類學生,經濟困難,自請休學,0,1
114-1,理工學院,資訊工程學系,資訊工程學系,碩士,碩士班,男,一般生(非原住民族),傷病,自請休學,1,1
114-1,理工學院,資訊工程學系,資訊工程學系,碩士,碩士班,男,一般生(非原住民族),經濟困難,自請休學,0,1
114-1,理工學院,資訊工程學系,資訊工程學系,碩士,碩士班,男,一般生(非原住民族),工作,自請休學,1,4
114-1,理工學院,資訊工程學系,資訊工程學系,碩士,碩士班,男,一般生(非原住民族),出國,自請休學,0,1
114-1,理工學院,資訊工程學系,資訊工程學系,碩士,碩士班,男,一般生(非原住民族),論文撰寫,自請休學,0,4
114-1,理工學院,資訊工程學系,資訊工程學系,碩士,碩士班,男,一般生(非原住民族),其他,自請休學,1,1
114-1,理工學院,資訊工程學系,資訊工程學系,碩士,碩士班,男,其他類學生,工作,自請休學,0,1
114-1,理工學院,資訊工程學系,資訊工程學系,碩士,碩士班,男,其他類學生,論文撰寫,自請休學,0,1
114-1,理工學院,資訊工程學系,資訊工程學系,碩士,碩士班,女,一般生(非原住民族),經濟困難,自請休學,0,1
114-1,理工學院,資訊工程學系,資訊工程學系,碩士,碩士班,女,一般生(非原住民族),工作,自請休學,0,1
114-1,理工學院,資訊工程學系,資訊工程學系,碩士,碩士班,女,一般生(非原住民族),論文撰寫,自請休學,0,1
114-1,理工學院,資訊工程學系,資訊工程學系,碩士,碩士在職專班,男,原住民族學生,工作,自請休學,0,1
114-1,理工學院,資訊工程學系,資訊工程學系,碩士,碩士在職專班,男,一般生(非原住民族),工作,自請休學,0,1
114-1,理工學院,物理學系,物理學系,學士,學士班,男,一般生(非原住民族),學業成績不佳,自請休學,1,1
114-1,理工學院,物理學系,物理學系,學士,學士班,男,一般生(非原住民族),就讀學校科系不符期待,自請休學,1,3
114-1,理工學院,物理學系,物理學系,學士,學士班,男,一般生(非原住民族),工作,自請休學,0,1
114-1,理工學院,物理學系,物理學系,學士,學士班,男,一般生(非原住民族),考試訓練,自請休學,1,1
114-1,理工學院,物理學系,物理學系,學士,學士班,女,一般生(非原住民族),就讀學校科系不符期待,自請休學,0,1
114-1,理工學院,物理學系,物理學系,學士,學士班,女,一般生(非原住民族),工作,自請休學,1,1
114-1,理工學院,化學系,化學系,學士,學士班,男,一般生(非原住民族),學業成績不佳,自請休學,0,1
114-1,理工學院,化學系,化學系,學士,學士班,男,一般生(非原住民族),就讀學校科系不符期待,自請休學,3,5
114-1,理工學院,化學系,化學系,學士,學士班,男,一般生(非原住民族),工作,自請休學,1,1
114-1,理工學院,化學系,化學系,學士,學士班,男,一般生(非原住民族),出國,自請休學,0,1
114-1,理工學院,化學系,化學系,學士,學士班,男,一般生(非原住民族),其他,自請休學,1,1
114-1,理工學院,化學系,化學系,學士,學士班,女,一般生(非原住民族),學業成績不佳,自請休學,0,1
114-1,理工學院,化學系,化學系,學士,學士班,女,一般生(非原住民族),就讀學校科系不符期待,自請休學,1,2
114-1,理工學院,化學系,化學系,碩士,碩士班,男,一般生(非原住民族),工作,自請休學,1,1
114-1,理工學院,化學系,化學系,碩士,碩士班,女,一般生(非原住民族),論文撰寫,自請休學,0,1
114-1,理工學院,電機工程學系,電機工程學系,學士,學士班,男,一般生(非原住民族),經濟困難,自請休學,0,1
114-1,理工學院,電機工程學系,電機工程學系,學士,學士班,男,一般生(非原住民族),學業成績不佳,自請休學,0,2
114-1,理工學院,電機工程學系,電機工程學系,學士,學士班,男,一般生(非原住民族),就讀學校科系不符期待,自請休學,4,5
114-1,理工學院,電機工程學系,電機工程學系,學士,學士班,男,一般生(非原住民族),兵役,自請休學,1,1
114-1,理工學院,電機工程學系,電機工程學系,學士,學士班,男,一般生(非原住民族),出國,自請休學,0,1
114-1,理工學院,電機工程學系,電機工程學系,學士,學士班,男,一般生(非原住民族),就學環境,自請休學,0,1
114-1,理工學院,電機工程學系,電機工程學系,學士,學士班,男,一般生(非原住民族),家務或家人照顧,自請休學,1,1
114-1,理工學院,電機工程學系,電機工程學系,學士,學士班,男,一般生(非原住民族),其他,自請休學,2,2
114-1,理工學院,電機工程學系,電機工程學系,學士,學士班,女,一般生(非原住民族),傷病,自請休學,0,1
114-1,理工學院,電機工程學系,電機工程學系,學士,學士班,女,一般生(非原住民族),學業成績不佳,自請休學,1,1
114-1,理工學院,電機工程學系,電機工程學系,學士,學士班,女,一般生(非原住民族),就讀學校科系不符期待,自請休學,2,2
114-1,理工學院,電機工程學系,電機工程學系,博士,博士班,男,一般生(非原住民族),工作,自請休學,0,2
114-1,理工學院,電機工程學系,電機工程學系,碩士,碩士班,男,一般生(非原住民族),就讀學校科系不符期待,自請休學,1,1
114-1,理工學院,電機工程學系,電機工程學系,碩士,碩士班,男,一般生(非原住民族),工作,自請休學,0,2
114-1,理工學院,電機工程學系,電機工程學系,碩士,碩士班,男,一般生(非原住民族),家務或家人照顧,自請休學,1,1
114-1,理工學院,電機工程學系,電機工程學系,碩士,碩士班,男,一般生(非原住民族),考試訓練,自請休學,1,1
114-1,理工學院,材料科學與工程學系,材料科學與工程學系,學士,學士班,男,原住民族學生,就讀學校科系不符期待,自請休學,1,1
114-1,理工學院,材料科學與工程學系,材料科學與工程學系,學士,學士班,男,一般生(非原住民族),傷病,自請休學,1,1
114-1,理工學院,材料科學與工程學系,材料科學與工程學系,學士,學士班,男,一般生(非原住民族),學業成績不佳,自請休學,1,2
114-1,理工學院,材料科學與工程學系,材料科學與工程學系,學士,學士班,男,一般生(非原住民族),就讀學校科系不符期待,自請休學,0,1
114-1,理工學院,材料科學與工程學系,材料科學與工程學系,學士,學士班,男,一般生(非原住民族),出國,自請休學,1,1
114-1,理工學院,材料科學與工程學系,材料科學與工程學系,學士,學士班,男,一般生(非原住民族),就學環境,自請休學,1,1
114-1,理工學院,材料科學與工程學系,材料科學與工程學系,學士,學士班,男,一般生(非原住民族),其他,自請休學,1,1
114-1,理工學院,材料科學與工程學系,材料科學與工程學系,學士,學士班,女,一般生(非原住民族),就讀學校科系不符期待,自請休學,1,1
114-1,理工學院,材料科學與工程學系,材料科學與工程學系,學士,學士班,女,一般生(非原住民族),工作,自請休學,1,1
114-1,理工學院,材料科學與工程學系,材料科學與工程學系,博士,博士班,男,一般生(非原住民族),傷病,自請休學,1,1
114-1,理工學院,材料科學與工程學系,材料科學與工程學系,博士,博士班,男,一般生(非原住民族),就讀學校科系不符期待,自請休學,1,1
114-1,管理學院,企業管理學系,企業管理學系,學士,學士班,男,一般生(非原住民族),傷病,自請休學,0,1
114-1,管理學院,企業管理學系,企業管理學系,學士,學士班,男,一般生(非原住民族),學業成績不佳,自請休學,1,1
114-1,管理學院,企業管理學系,企業管理學系,學士,學士班,男,一般生(非原住民族),就讀學校科系不符期待,自請休學,1,3
114-1,管理學院,企業管理學系,企業管理學系,學士,學士班,男,一般生(非原住民族),工作,自請休學,1,2
114-1,管理學院,企業管理學系,企業管理學系,學士,學士班,男,一般生(非原住民族),就學環境,自請休學,1,1
114-1,管理學院,企業管理學系,企業管理學系,學士,學士班,女,原住民族學生,其他,自請休學,1,1
114-1,管理學院,企業管理學系,企業管理學系,學士,學士班,女,一般生(非原住民族),傷病,自請休學,1,1
114-1,管理學院,企業管理學系,企業管理學系,學士,學士班,女,一般生(非原住民族),出國,自請休學,1,1
114-1,管理學院,企業管理學系,企業管理學系,學士,學士班,女,一般生(非原住民族),就學環境,自請休學,1,1
114-1,管理學院,企業管理學系,企業管理學系,博士,博士班,男,原住民族學生,論文撰寫,自請休學,0,1
114-1,管理學院,企業管理學系,企業管理學系,博士,博士班,男,原住民族學生,其他,自請休學,0,1
114-1,管理學院,企業管理學系,企業管理學系,博士,博士班,男,一般生(非原住民族),傷病,自請休學,0,2
114-1,管理學院,企業管理學系,企業管理學系,博士,博士班,男,一般生(非原住民族),工作,自請休學,2,4
114-1,管理學院,企業管理學系,企業管理學系,博士,博士班,男,一般生(非原住民族),育嬰,自請休學,0,2
114-1,管理學院,企業管理學系,企業管理學系,博士,博士班,男,一般生(非原住民族),論文撰寫,自請休學,0,1
114-1,管理學院,企業管理學系,企業管理學系,博士,博士班,男,其他類學生,育嬰,自請休學,0,2
114-1,管理學院,企業管理學系,企業管理學系,博士,博士班,男,其他類學生,論文撰寫,自請休學,0,1
114-1,管理學院,企業管理學系,企業管理學系,博士,博士班,女,一般生(非原住民族),工作,自請休學,0,1
114-1,管理學院,企業管理學系,企業管理學系,博士,博士班,女,一般生(非原住民族),育嬰,自請休學,0,1
114-1,管理學院,企業管理學系,企業管理學系,博士,博士班,女,一般生(非原住民族),論文撰寫,自請休學,1,2
114-1,管理學院,企業管理學系,企業管理學系,博士,博士班,女,一般生(非原住民族),家務或家人照顧,自請休學,0,1
114-1,管理學院,企業管理學系,企業管理學系,博士,博士班,女,其他類學生,傷病,自請休學,1,1
114-1,管理學院,企業管理學系,企業管理學系,博士,博士班,女,其他類學生,經濟困難,自請休學,0,1
114-1,管理學院,企業管理學系,企業管理學系,博士,博士班,女,其他類學生,家務或家人照顧,自請休學,1,1
114-1,管理學院,企業管理學系,企業管理學系,碩士,碩士班,男,一般生(非原住民族),工作,自請休學,0,1
114-1,管理學院,企業管理學系,企業管理學系,碩士,碩士班,男,一般生(非原住民族),育嬰,自請休學,0,1
114-1,管理學院,企業管理學系,企業管理學系,碩士,碩士班,男,一般生(非原住民族),論文撰寫,自請休學,0,1
114-1,管理學院,企業管理學系,企業管理學系,碩士,碩士班,男,其他類學生,工作,自請休學,0,1
114-1,管理學院,企業管理學系,企業管理學系,碩士,碩士班,女,一般生(非原住民族),論文撰寫,自請休學,1,4
114-1,管理學院,企業管理學系,企業管理學系,碩士,碩士班,女,其他類學生,工作,自請休學,0,1
114-1,管理學院,企業管理學系,企業管理學系,碩士,碩士班,女,其他類學生,論文撰寫,自請休學,1,2
114-1,管理學院,企業管理學系,企業管理學系,碩士,碩士在職專班,男,原住民族學生,工作,自請休學,0,1
114-1,管理學院,企業管理學系,企業管理學系,碩士,碩士在職專班,男,一般生(非原住民族),工作,自請休學,1,5
114-1,管理學院,企業管理學系,企業管理學系,碩士,碩士在職專班,男,一般生(非原住民族),育嬰,自請休學,0,1
114-1,管理學院,企業管理學系,企業管理學系,碩士,碩士在職專班,男,一般生(非原住民族),論文撰寫,自請休學,1,2
114-1,管理學院,企業管理學系,企業管理學系,碩士,碩士在職專班,男,一般生(非原住民族),家務或家人照顧,自請休學,0,1
114-1,管理學院,企業管理學系,企業管理學系,碩士,碩士在職專班,女,一般生(非原住民族),工作,自請休學,0,1
114-1,管理學院,企業管理學系,企業管理學系,碩士,碩士在職專班,女,一般生(非原住民族),育嬰,自請休學,0,1
114-1,管理學院,企業管理學系,企業管理學系,碩士,碩士在職專班,女,一般生(非原住民族),家務或家人照顧,自請休學,0,1
114-1,管理學院,會計學系,會計學系,學士,學士班,男,一般生(非原住民族),就讀學校科系不符期待,自請休學,2,3
114-1,管理學院,會計學系,會計學系,學士,學士班,男,一般生(非原住民族),兵役,自請休學,1,1
114-1,管理學院,會計學系,會計學系,學士,學士班,男,一般生(非原住民族),其他,自請休學,0,1
114-1,管理學院,會計學系,會計學系,學士,學士班,女,原住民族學生,學業成績不佳,自請休學,1,1
114-1,管理學院,會計學系,會計學系,學士,學士班,女,一般生(非原住民族),學業成績不佳,自請休學,2,2
114-1,管理學院,資訊管理學系,資訊管理學系,學士,學士班,男,一般生(非原住民族),傷病,自請休學,1,1
114-1,管理學院,資訊管理學系,資訊管理學系,學士,學士班,男,一般生(非原住民族),就讀學校科系不符期待,自請休學,0,1
114-1,管理學院,資訊管理學系,資訊管理學系,學士,學士班,女,一般生(非原住民族),就讀學校科系不符期待,自請休學,1,1
114-1,管理學院,資訊管理學系,資訊管理學系,學士,學士班,女,一般生(非原住民族),就學環境,自請休學,1,1
114-1,管理學院,國際企業學系,國際企業學系,學士,學士班,男,一般生(非原住民族),就讀學校科系不符期待,自請休學,1,2
114-1,管理學院,國際企業學系,國際企業學系,學士,學士班,女,一般生(非原住民族),傷病,自請休學,1,1
114-1,管理學院,國際企業學系,國際企業學系,學士,學士班,女,一般生(非原住民族),工作,自請休學,0,2
114-1,管理學院,國際企業學系,國際企業學系,學士,學士班,女,一般生(非原住民族),考試訓練,自請休學,1,1
114-1,管理學院,國際企業學系,國際企業學系,學士,學士班,女,其他類學生,其他,自請休學,0,1
114-1,管理學院,國際企業學系,國際企業學系,碩士,碩士班,男,一般生(非原住民族),工作,自請休學,0,1
114-1,管理學院,國際企業學系,國際企業學系,碩士,碩士班,女,一般生(非原住民族),出國,自請休學,0,1
114-1,管理學院,國際企業學系,國際企業學系,碩士,碩士在職專班,男,一般生(非原住民族),工作,自請休學,0,1
114-1,管理學院,國際企業學系,國際企業學系,碩士,碩士在職專班,女,一般生(非原住民族),懷孕,自請休學,1,1
114-1,管理學院,國際企業學系,國際企業學系,碩士,碩士在職專班,女,一般生(非原住民族),家務或家人照顧,自請休學,0,1
114-1,管理學院,財務金融學系,財務金融學系,學士,學士班,男,一般生(非原住民族),就讀學校科系不符期待,自請休學,1,1
114-1,管理學院,財務金融學系,財務金融學系,學士,學士班,女,一般生(非原住民族),傷病,自請休學,1,1
114-1,管理學院,財務金融學系,財務金融學系,學士,學士班,女,一般生(非原住民族),就讀學校科系不符期待,自請休學,1,1
114-1,管理學院,運籌管理研究所,運籌管理研究所,碩士,碩士班,男,一般生(非原住民族),工作,自請休學,1,1
114-1,管理學院,運籌管理研究所,運籌管理研究所,碩士,碩士班,女,一般生(非原住民族),工作,自請休學,2,2
114-1,管理學院,管理學院高階經營管理碩士在職專班,管理學院高階經營管理碩士在職專班,碩士,碩士在職專班,男,一般生(非原住民族),傷病,自請休學,0,1
114-1,管理學院,管理學院高階經營管理碩士在職專班,管理學院高階經營管理碩士在職專班,碩士,碩士在職專班,男,一般生(非原住民族),工作,自請休學,1,2
114-1,管理學院,管理學院高階經營管理碩士在職專班,管理學院高階經營管理碩士在職專班,碩士,碩士在職專班,女,原住民族學生,工作,自請休學,0,1
114-1,管理學院,管理學院高階經營管理碩士在職專班,管理學院高階經營管理碩士在職專班,碩士,碩士在職專班,女,原住民族學生,家務或家人照顧,自請休學,1,1
114-1,管理學院,管理學院高階經營管理碩士在職專班,管理學院高階經營管理碩士在職專班,碩士,碩士在職專班,女,一般生(非原住民族),傷病,自請休學,1,2
114-1,管理學院,管理學院高階經營管理碩士在職專班,管理學院高階經營管理碩士在職專班,碩士,碩士在職專班,女,一般生(非原住民族),工作,自請休學,1,3
114-1,管理學院,管理學院高階經營管理碩士在職專班,管理學院高階經營管理碩士在職專班,碩士,碩士在職專班,女,一般生(非原住民族),出國,自請休學,1,1
114-1,人文社會科學學院,華文文學系,華文文學系,學士,學士班,男,一般生(非原住民族),傷病,自請休學,1,1
114-1,人文社會科學學院,華文文學系,華文文學系,學士,學士班,男,一般生(非原住民族),就讀學校科系不符期待,自請休學,2,2
114-1,人文社會科學學院,華文文學系,華文文學系,學士,學士班,男,一般生(非原住民族),工作,自請休學,0,1
114-1,人文社會科學學院,華文文學系,華文文學系,學士,學士班,男,一般生(非原住民族),兵役,自請休學,1,1
114-1,人文社會科學學院,華文文學系,華文文學系,學士,學士班,男,一般生(非原住民族),出國,自請休學,0,1
114-1,人文社會科學學院,華文文學系,華文文學系,學士,學士班,女,原住民族學生,經濟困難,自請休學,0,1
114-1,人文社會科學學院,華文文學系,華文文學系,學士,學士班,女,一般生(非原住民族),傷病,自請休學,0,1
114-1,人文社會科學學院,華文文學系,華文文學系,學士,學士班,女,一般生(非原住民族),就讀學校科系不符期待,自請休學,1,2
114-1,人文社會科學學院,華文文學系,華文文學系,學士,學士班,女,一般生(非原住民族),工作,自請休學,1,3
114-1,人文社會科學學院,華文文學系,華文文學系,學士,學士班,女,一般生(非原住民族),其他,自請休學,1,1
114-1,人文社會科學學院,華文文學系,華文文學系,碩士,碩士班,男,一般生(非原住民族),工作,自請休學,0,3
114-1,人文社會科學學院,華文文學系,華文文學系,碩士,碩士班,男,一般生(非原住民族),論文撰寫,自請休學,0,1
114-1,人文社會科學學院,華文文學系,華文文學系,碩士,碩士班,男,其他類學生,論文撰寫,自請休學,1,1
114-1,人文社會科學學院,華文文學系,華文文學系,碩士,碩士班,女,一般生(非原住民族),工作,自請休學,1,5
114-1,人文社會科學學院,華文文學系,華文文學系,碩士,碩士班,女,一般生(非原住民族),論文撰寫,自請休學,3,8
114-1,人文社會科學學院,華文文學系,華文文學系,碩士,碩士班,女,其他類學生,論文撰寫,自請休學,0,1
114-1,人文社會科學學院,英美語文學系,英美語文學系,學士,學士班,男,一般生(非原住民族),學業成績不佳,自請休學,0,1
114-1,人文社會科學學院,英美語文學系,英美語文學系,學士,學士班,男,一般生(非原住民族),就讀學校科系不符期待,自請休學,1,2
114-1,人文社會科學學院,英美語文學系,英美語文學系,學士,學士班,男,一般生(非原住民族),工作,自請休學,0,1
114-1,人文社會科學學院,英美語文學系,英美語文學系,學士,學士班,男,一般生(非原住民族),出國,自請休學,1,1
114-1,人文社會科學學院,英美語文學系,英美語文學系,學士,學士班,女,原住民族學生,就讀學校科系不符期待,自請休學,0,1
114-1,人文社會科學學院,英美語文學系,英美語文學系,學士,學士班,女,一般生(非原住民族),就讀學校科系不符期待,自請休學,1,1
114-1,人文社會科學學院,英美語文學系,英美語文學系,學士,學士班,女,一般生(非原住民族),出國,自請休學,1,1
114-1,人文社會科學學院,英美語文學系,英美語文學系,碩士,碩士班,男,一般生(非原住民族),工作,自請休學,0,3
114-1,人文社會科學學院,英美語文學系,英美語文學系,碩士,碩士班,男,一般生(非原住民族),論文撰寫,自請休學,1,2
114-1,人文社會科學學院,英美語文學系,英美語文學系,碩士,碩士班,男,其他類學生,育嬰,自請休學,0,1
114-1,人文社會科學學院,英美語文學系,英美語文學系,碩士,碩士班,女,一般生(非原住民族),傷病,自請休學,0,1
114-1,人文社會科學學院,英美語文學系,英美語文學系,碩士,碩士班,女,一般生(非原住民族),工作,自請休學,1,4
114-1,人文社會科學學院,英美語文學系,英美語文學系,碩士,碩士班,女,一般生(非原住民族),育嬰,自請休學,0,1
114-1,人文社會科學學院,英美語文學系,英美語文學系,碩士,碩士班,女,一般生(非原住民族),論文撰寫,自請休學,0,2
114-1,人文社會科學學院,英美語文學系,英美語文學系,碩士,碩士班,女,一般生(非原住民族),考試訓練,自請休學,0,1
114-1,人文社會科學學院,經濟學系,經濟學系,學士,學士班,男,一般生(非原住民族),經濟困難,自請休學,0,1
114-1,人文社會科學學院,經濟學系,經濟學系,學士,學士班,男,一般生(非原住民族),學業成績不佳,自請休學,1,2
114-1,人文社會科學學院,經濟學系,經濟學系,學士,學士班,男,一般生(非原住民族),就讀學校科系不符期待,自請休學,0,2
114-1,人文社會科學學院,經濟學系,經濟學系,學士,學士班,男,一般生(非原住民族),工作,自請休學,1,2
114-1,人文社會科學學院,經濟學系,經濟學系,學士,學士班,男,一般生(非原住民族),兵役,自請休學,0,1
114-1,人文社會科學學院,經濟學系,經濟學系,學士,學士班,男,一般生(非原住民族),出國,自請休學,0,1
114-1,人文社會科學學院,經濟學系,經濟學系,博士,博士班,男,一般生(非原住民族),工作,自請休學,0,2
114-1,人文社會科學學院,經濟學系,經濟學系,博士,博士班,男,其他類學生,經濟困難,自請休學,0,1
114-1,人文社會科學學院,經濟學系,經濟學系,博士,博士班,女,其他類學生,育嬰,自請休學,0,1
114-1,人文社會科學學院,經濟學系,經濟學系,碩士,碩士班,女,原住民族學生,就學環境,自請休學,0,1
114-1,人文社會科學學院,歷史學系,歷史學系,學士,學士班,男,一般生(非原住民族),就讀學校科系不符期待,自請休學,2,5
114-1,人文社會科學學院,歷史學系,歷史學系,學士,學士班,男,一般生(非原住民族),工作,自請休學,2,2
114-1,人文社會科學學院,歷史學系,歷史學系,學士,學士班,男,一般生(非原住民族),家務或家人照顧,自請休學,0,2
114-1,人文社會科學學院,歷史學系,歷史學系,學士,學士班,男,一般生(非原住民族),其他,自請休學,1,1
114-1,人文社會科學學院,歷史學系,歷史學系,學士,學士班,女,原住民族學生,就學環境,自請休學,1,1
114-1,人文社會科學學院,歷史學系,歷史學系,學士,學士班,女,一般生(非原住民族),就讀學校科系不符期待,自請休學,1,2
114-1,人文社會科學學院,歷史學系,歷史學系,碩士,碩士班,男,一般生(非原住民族),論文撰寫,自請休學,1,1
114-1,人文社會科學學院,歷史學系,歷史學系,碩士,碩士班,女,一般生(非原住民族),傷病,自請休學,1,1
114-1,人文社會科學學院,歷史學系,歷史學系,碩士,碩士班,女,一般生(非原住民族),就讀學校科系不符期待,自請休學,0,1
114-1,人文社會科學學院,諮商與臨床心理學系,諮商與臨床心理學系,學士,學士班,男,一般生(非原住民族),就讀學校科系不符期待,自請休學,1,1
114-1,人文社會科學學院,諮商與臨床心理學系,諮商與臨床心理學系,學士,學士班,男,一般生(非原住民族),工作,自請休學,0,1
114-1,人文社會科學學院,諮商與臨床心理學系,諮商與臨床心理學系,學士,學士班,男,一般生(非原住民族),就學環境,自請休學,1,1
114-1,人文社會科學學院,諮商與臨床心理學系,諮商與臨床心理學系,學士,學士班,男,一般生(非原住民族),家務或家人照顧,自請休學,1,1
114-1,人文社會科學學院,諮商與臨床心理學系,諮商與臨床心理學系,學士,學士班,女,一般生(非原住民族),就讀學校科系不符期待,自請休學,1,1
114-1,人文社會科學學院,諮商與臨床心理學系,諮商與臨床心理學系,學士,學士班,女,一般生(非原住民族),出國,自請休學,1,1
114-1,人文社會科學學院,諮商與臨床心理學系,諮商與臨床心理學系,學士,學士班,女,一般生(非原住民族),考試訓練,自請休學,1,1
114-1,人文社會科學學院,諮商與臨床心理學系,諮商與臨床心理學系,學士,學士班,女,其他類學生,經濟困難,自請休學,0,1
114-1,人文社會科學學院,諮商與臨床心理學系,諮商與臨床心理學系,學士,學士班,女,其他類學生,工作,自請休學,0,1
114-1,人文社會科學學院,諮商與臨床心理學系,諮商與臨床心理學系,碩士,碩士班,男,一般生(非原住民族),傷病,自請休學,0,2
114-1,人文社會科學學院,諮商與臨床心理學系,諮商與臨床心理學系,碩士,碩士班,男,一般生(非原住民族),就讀學校科系不符期待,自請休學,1,1
114-1,人文社會科學學院,諮商與臨床心理學系,諮商與臨床心理學系,碩士,碩士班,男,一般生(非原住民族),工作,自請休學,3,4
114-1,人文社會科學學院,諮商與臨床心理學系,諮商與臨床心理學系,碩士,碩士班,男,一般生(非原住民族),論文撰寫,自請休學,1,7
114-1,人文社會科學學院,諮商與臨床心理學系,諮商與臨床心理學系,碩士,碩士班,男,一般生(非原住民族),家務或家人照顧,自請休學,1,1
114-1,人文社會科學學院,諮商與臨床心理學系,諮商與臨床心理學系,碩士,碩士班,男,一般生(非原住民族),考試訓練,自請休學,1,1
114-1,人文社會科學學院,諮商與臨床心理學系,諮商與臨床心理學系,碩士,碩士班,男,其他類學生,工作,自請休學,1,1
114-1,人文社會科學學院,諮商與臨床心理學系,諮商與臨床心理學系,碩士,碩士班,女,原住民族學生,工作,自請休學,0,1
114-1,人文社會科學學院,諮商與臨床心理學系,諮商與臨床心理學系,碩士,碩士班,女,原住民族學生,家務或家人照顧,自請休學,1,2
114-1,人文社會科學學院,諮商與臨床心理學系,諮商與臨床心理學系,碩士,碩士班,女,一般生(非原住民族),經濟困難,自請休學,0,1
114-1,人文社會科學學院,諮商與臨床心理學系,諮商與臨床心理學系,碩士,碩士班,女,一般生(非原住民族),就讀學校科系不符期待,自請休學,0,1
114-1,人文社會科學學院,諮商與臨床心理學系,諮商與臨床心理學系,碩士,碩士班,女,一般生(非原住民族),工作,自請休學,5,9
114-1,人文社會科學學院,諮商與臨床心理學系,諮商與臨床心理學系,碩士,碩士班,女,一般生(非原住民族),出國,自請休學,1,1
114-1,人文社會科學學院,諮商與臨床心理學系,諮商與臨床心理學系,碩士,碩士班,女,一般生(非原住民族),論文撰寫,自請休學,7,13
114-1,人文社會科學學院,諮商與臨床心理學系,諮商與臨床心理學系,碩士,碩士班,女,一般生(非原住民族),家務或家人照顧,自請休學,1,2
114-1,人文社會科學學院,諮商與臨床心理學系,諮商與臨床心理學系,碩士,碩士班,女,一般生(非原住民族),其他,自請休學,2,2
114-1,人文社會科學學院,諮商與臨床心理學系,諮商與臨床心理學系,碩士,碩士班,女,其他類學生,出國,自請休學,1,1
114-1,人文社會科學學院,諮商與臨床心理學系,諮商與臨床心理學系,碩士,碩士班,女,其他類學生,論文撰寫,自請休學,1,2
114-1,原住民民族學院,族群關係與文化學系,族群關係與文化學系,學士,學士班,男,一般生(非原住民族),就讀學校科系不符期待,自請休學,0,1
114-1,原住民民族學院,族群關係與文化學系,族群關係與文化學系,學士,學士班,男,一般生(非原住民族),其他,自請休學,0,1
114-1,原住民民族學院,族群關係與文化學系,族群關係與文化學系,學士,學士班,女,原住民族學生,傷病,自請休學,1,2
114-1,原住民民族學院,族群關係與文化學系,族群關係與文化學系,學士,學士班,女,原住民族學生,經濟困難,自請休學,1,1
114-1,原住民民族學院,族群關係與文化學系,族群關係與文化學系,學士,學士班,女,原住民族學生,學業成績不佳,自請休學,1,1
114-1,原住民民族學院,族群關係與文化學系,族群關係與文化學系,學士,學士班,女,原住民族學生,就讀學校科系不符期待,自請休學,1,1
114-1,原住民民族學院,族群關係與文化學系,族群關係與文化學系,學士,學士班,女,原住民族學生,育嬰,自請休學,0,1
114-1,原住民民族學院,族群關係與文化學系,族群關係與文化學系,學士,學士班,女,一般生(非原住民族),傷病,自請休學,0,1
114-1,原住民民族學院,族群關係與文化學系,族群關係與文化學系,學士,學士班,女,一般生(非原住民族),就學環境,自請休學,0,1
114-1,原住民民族學院,族群關係與文化學系,族群關係與文化學系,博士,博士班,男,原住民族學生,工作,自請休學,0,1
114-1,原住民民族學院,族群關係與文化學系,族群關係與文化學系,博士,博士班,男,原住民族學生,育嬰,自請休學,0,1
114-1,原住民民族學院,族群關係與文化學系,族群關係與文化學系,博士,博士班,男,原住民族學生,論文撰寫,自請休學,1,1
114-1,原住民民族學院,族群關係與文化學系,族群關係與文化學系,博士,博士班,男,原住民族學生,其他,自請休學,0,1
114-1,原住民民族學院,族群關係與文化學系,族群關係與文化學系,博士,博士班,女,原住民族學生,工作,自請休學,1,2
114-1,原住民民族學院,族群關係與文化學系,族群關係與文化學系,博士,博士班,女,原住民族學生,論文撰寫,自請休學,1,2
114-1,原住民民族學院,族群關係與文化學系,族群關係與文化學系,博士,博士班,女,一般生(非原住民族),就讀學校科系不符期待,自請休學,1,1
114-1,原住民民族學院,族群關係與文化學系,族群關係與文化學系,博士,博士班,女,一般生(非原住民族),育嬰,自請休學,0,2
114-1,原住民民族學院,族群關係與文化學系,族群關係與文化學系,碩士,碩士班,男,原住民族學生,論文撰寫,自請休學,1,2
114-1,原住民民族學院,族群關係與文化學系,族群關係與文化學系,碩士,碩士班,男,一般生(非原住民族),工作,自請休學,1,1
114-1,原住民民族學院,族群關係與文化學系,族群關係與文化學系,碩士,碩士班,女,一般生(非原住民族),論文撰寫,自請休學,1,3
114-1,原住民民族學院,族群關係與文化學系,族群關係與文化學系,碩士,碩士班,女,一般生(非原住民族),家務或家人照顧,自請休學,0,1
114-1,原住民民族學院,民族語言與傳播學系,民族語言與傳播學系,學士,學士班,男,原住民族學生,學業成績不佳,自請休學,1,1
114-1,原住民民族學院,民族語言與傳播學系,民族語言與傳播學系,學士,學士班,男,原住民族學生,兵役,自請休學,1,1
114-1,原住民民族學院,民族語言與傳播學系,民族語言與傳播學系,學士,學士班,男,一般生(非原住民族),就讀學校科系不符期待,自請休學,0,1
114-1,原住民民族學院,民族語言與傳播學系,民族語言與傳播學系,學士,學士班,男,一般生(非原住民族),工作,自請休學,1,1
114-1,原住民民族學院,民族語言與傳播學系,民族語言與傳播學系,學士,學士班,女,原住民族學生,傷病,自請休學,0,1
114-1,原住民民族學院,民族語言與傳播學系,民族語言與傳播學系,學士,學士班,女,原住民族學生,學業成績不佳,自請休學,1,1
114-1,原住民民族學院,民族語言與傳播學系,民族語言與傳播學系,學士,學士班,女,原住民族學生,工作,自請休學,2,4
114-1,原住民民族學院,民族語言與傳播學系,民族語言與傳播學系,學士,學士班,女,原住民族學生,家務或家人照顧,自請休學,1,1
114-1,理工學院,應用數學系,應用數學系統計碩士班,碩士,碩士班,男,一般生(非原住民族),就讀學校科系不符期待,自請休學,0,1
114-1,理工學院,物理學系,物理學系應用物理博士班,博士,博士班,女,一般生(非原住民族),論文撰寫,自請休學,0,1
114-1,理工學院,光電工程學系,光電工程學系,學士,學士班,男,一般生(非原住民族),經濟困難,自請休學,1,1
114-1,理工學院,光電工程學系,光電工程學系,學士,學士班,男,一般生(非原住民族),學業成績不佳,自請休學,0,2
114-1,理工學院,光電工程學系,光電工程學系,學士,學士班,男,一般生(非原住民族),就讀學校科系不符期待,自請休學,1,3
114-1,理工學院,光電工程學系,光電工程學系,學士,學士班,男,一般生(非原住民族),出國,自請休學,1,1
114-1,理工學院,光電工程學系,光電工程學系,學士,學士班,男,一般生(非原住民族),就學環境,自請休學,2,2
114-1,理工學院,光電工程學系,光電工程學系,學士,學士班,女,一般生(非原住民族),考試訓練,自請休學,1,1
114-1,理工學院,光電工程學系,光電工程學系,碩士,碩士班,男,一般生(非原住民族),傷病,自請休學,1,1
114-1,理工學院,光電工程學系,光電工程學系,碩士,碩士班,男,一般生(非原住民族),工作,自請休學,2,2
114-1,理工學院,光電工程學系,光電工程學系,碩士,碩士班,男,一般生(非原住民族),論文撰寫,自請休學,0,2
114-1,管理學院,觀光暨休閒遊憩學系,觀光暨休閒遊憩學系,學士,學士班,男,一般生(非原住民族),經濟困難,自請休學,2,2
114-1,管理學院,觀光暨休閒遊憩學系,觀光暨休閒遊憩學系,學士,學士班,男,一般生(非原住民族),就讀學校科系不符期待,自請休學,1,2
114-1,管理學院,觀光暨休閒遊憩學系,觀光暨休閒遊憩學系,學士,學士班,男,一般生(非原住民族),出國,自請休學,0,1
114-1,管理學院,觀光暨休閒遊憩學系,觀光暨休閒遊憩學系,學士,學士班,男,一般生(非原住民族),考試訓練,自請休學,0,1
114-1,管理學院,觀光暨休閒遊憩學系,觀光暨休閒遊憩學系,學士,學士班,女,一般生(非原住民族),經濟困難,自請休學,1,1
114-1,管理學院,觀光暨休閒遊憩學系,觀光暨休閒遊憩學系,學士,學士班,女,一般生(非原住民族),就讀學校科系不符期待,自請休學,0,1
114-1,管理學院,觀光暨休閒遊憩學系,觀光暨休閒遊憩學系,學士,學士班,女,一般生(非原住民族),就學環境,自請休學,1,1
114-1,管理學院,觀光暨休閒遊憩學系,觀光暨休閒遊憩學系,學士,學士班,女,其他類學生,就讀學校科系不符期待,自請休學,0,1
114-1,管理學院,觀光暨休閒遊憩學系,觀光暨休閒遊憩學系,碩士,碩士班,男,一般生(非原住民族),工作,自請休學,0,3
114-1,管理學院,觀光暨休閒遊憩學系,觀光暨休閒遊憩學系,碩士,碩士班,男,一般生(非原住民族),論文撰寫,自請休學,0,1
114-1,管理學院,觀光暨休閒遊憩學系,觀光暨休閒遊憩學系,碩士,碩士班,男,一般生(非原住民族),家務或家人照顧,自請休學,0,1
114-1,管理學院,觀光暨休閒遊憩學系,觀光暨休閒遊憩學系,碩士,碩士班,女,一般生(非原住民族),工作,自請休學,0,1
114-1,管理學院,觀光暨休閒遊憩學系,觀光暨休閒遊憩學系,碩士,碩士班,女,一般生(非原住民族),育嬰,自請休學,1,1
114-1,管理學院,觀光暨休閒遊憩學系,觀光暨休閒遊憩學系,碩士,碩士班,女,一般生(非原住民族),出國,自請休學,0,1
114-1,管理學院,觀光暨休閒遊憩學系,觀光暨休閒遊憩學系,碩士,碩士班,女,一般生(非原住民族),論文撰寫,自請休學,0,1
114-1,管理學院,觀光暨休閒遊憩學系,觀光暨休閒遊憩學系,碩士,碩士班,女,一般生(非原住民族),家務或家人照顧,自請休學,0,1
114-1,管理學院,觀光暨休閒遊憩學系,觀光暨休閒遊憩學系,碩士,碩士班,女,一般生(非原住民族),其他,自請休學,1,1
114-1,管理學院,觀光暨休閒遊憩學系,觀光暨休閒遊憩學系,碩士,碩士班,女,其他類學生,就讀學校科系不符期待,自請休學,0,1
114-1,管理學院,觀光暨休閒遊憩學系,觀光暨休閒遊憩學系,碩士,碩士班,女,其他類學生,工作,自請休學,0,2
114-1,管理學院,觀光暨休閒遊憩學系,觀光暨休閒遊憩學系,碩士,碩士班,女,其他類學生,家務或家人照顧,自請休學,0,2
114-1,管理學院,財務金融學系,財務金融學系,碩士,碩士班,男,一般生(非原住民族),就讀學校科系不符期待,自請休學,1,1
114-1,管理學院,財務金融學系,財務金融學系,碩士,碩士班,男,一般生(非原住民族),論文撰寫,自請休學,0,1
114-1,管理學院,財務金融學系,財務金融學系,碩士,碩士班,男,一般生(非原住民族),就學環境,自請休學,0,1
114-1,管理學院,財務金融學系,財務金融學系,碩士,碩士班,男,一般生(非原住民族),家務或家人照顧,自請休學,1,1
114-1,藝術學院,藝術創意產業學系,藝術創意產業學系,學士,學士班,男,一般生(非原住民族),工作,自請休學,0,1
114-1,藝術學院,藝術創意產業學系,藝術創意產業學系,學士,學士班,女,原住民族學生,學業成績不佳,自請休學,1,1
114-1,藝術學院,藝術創意產業學系,藝術創意產業學系,學士,學士班,女,原住民族學生,其他,自請休學,0,1
114-1,藝術學院,藝術創意產業學系,藝術創意產業學系,學士,學士班,女,一般生(非原住民族),傷病,自請休學,0,2
114-1,藝術學院,藝術創意產業學系,藝術創意產業學系,學士,學士班,女,一般生(非原住民族),經濟困難,自請休學,1,1
114-1,藝術學院,藝術創意產業學系,藝術創意產業學系,學士,學士班,女,一般生(非原住民族),學業成績不佳,自請休學,0,1
114-1,藝術學院,藝術創意產業學系,藝術創意產業學系,學士,學士班,女,一般生(非原住民族),就讀學校科系不符期待,自請休學,3,5
114-1,藝術學院,藝術創意產業學系,藝術創意產業學系,學士,學士班,女,一般生(非原住民族),工作,自請休學,0,1
114-1,藝術學院,藝術創意產業學系,藝術創意產業學系,學士,學士班,女,一般生(非原住民族),出國,自請休學,2,2
114-1,藝術學院,藝術創意產業學系,藝術創意產業學系,學士,學士班,女,一般生(非原住民族),家務或家人照顧,自請休學,0,1
114-1,藝術學院,藝術創意產業學系,藝術創意產業學系,學士,學士班,女,一般生(非原住民族),其他,自請休學,1,1
114-1,藝術學院,藝術創意產業學系,藝術創意產業學系,學士,學士班,女,其他類學生,就讀學校科系不符期待,自請休學,0,1
114-1,原住民民族學院,民族發展與社會工作學系,民族發展與社會工作學系,學士,學士班,男,原住民族學生,就讀學校科系不符期待,自請休學,1,1
114-1,原住民民族學院,民族發展與社會工作學系,民族發展與社會工作學系,學士,學士班,男,原住民族學生,工作,自請休學,1,1
114-1,原住民民族學院,民族發展與社會工作學系,民族發展與社會工作學系,學士,學士班,男,原住民族學生,兵役,自請休學,0,1
114-1,原住民民族學院,民族發展與社會工作學系,民族發展與社會工作學系,學士,學士班,男,一般生(非原住民族),傷病,自請休學,1,1
114-1,原住民民族學院,民族發展與社會工作學系,民族發展與社會工作學系,學士,學士班,男,一般生(非原住民族),就讀學校科系不符期待,自請休學,1,1
114-1,原住民民族學院,民族發展與社會工作學系,民族發展與社會工作學系,學士,學士班,男,一般生(非原住民族),就學環境,自請休學,1,1
114-1,原住民民族學院,民族發展與社會工作學系,民族發展與社會工作學系,學士,學士班,女,原住民族學生,傷病,自請休學,1,1
114-1,原住民民族學院,民族發展與社會工作學系,民族發展與社會工作學系,學士,學士班,女,原住民族學生,經濟困難,自請休學,0,1
114-1,原住民民族學院,民族發展與社會工作學系,民族發展與社會工作學系,學士,學士班,女,原住民族學生,就讀學校科系不符期待,自請休學,1,1
114-1,原住民民族學院,民族發展與社會工作學系,民族發展與社會工作學系,學士,學士班,女,原住民族學生,工作,自請休學,2,2
114-1,原住民民族學院,民族發展與社會工作學系,民族發展與社會工作學系,學士,學士班,女,原住民族學生,懷孕,自請休學,0,1
114-1,原住民民族學院,民族發展與社會工作學系,民族發展與社會工作學系,學士,學士班,女,一般生(非原住民族),傷病,自請休學,1,1
114-1,原住民民族學院,民族發展與社會工作學系,民族發展與社會工作學系,學士,學士班,女,一般生(非原住民族),就讀學校科系不符期待,自請休學,1,1
114-1,原住民民族學院,族群關係與文化學系,族群關係與文化學系,碩士,碩士在職專班,男,一般生(非原住民族),育嬰,自請休學,0,1
114-1,原住民民族學院,族群關係與文化學系,族群關係與文化學系,碩士,碩士在職專班,男,一般生(非原住民族),論文撰寫,自請休學,1,1
114-1,原住民民族學院,族群關係與文化學系,族群關係與文化學系,碩士,碩士在職專班,女,原住民族學生,傷病,自請休學,0,1
114-1,原住民民族學院,族群關係與文化學系,族群關係與文化學系,碩士,碩士在職專班,女,原住民族學生,工作,自請休學,0,2
114-1,原住民民族學院,族群關係與文化學系,族群關係與文化學系,碩士,碩士在職專班,女,原住民族學生,育嬰,自請休學,0,1
114-1,原住民民族學院,族群關係與文化學系,族群關係與文化學系,碩士,碩士在職專班,女,原住民族學生,論文撰寫,自請休學,0,1
114-1,原住民民族學院,族群關係與文化學系,族群關係與文化學系,碩士,碩士在職專班,女,原住民族學生,考試訓練,自請休學,0,1
114-1,藝術學院,音樂學系,音樂學系,學士,學士班,男,一般生(非原住民族),經濟困難,自請休學,1,1
114-1,藝術學院,音樂學系,音樂學系,學士,學士班,男,一般生(非原住民族),工作,自請休學,1,1
114-1,藝術學院,音樂學系,音樂學系,學士,學士班,女,一般生(非原住民族),就讀學校科系不符期待,自請休學,0,1
114-1,藝術學院,音樂學系,音樂學系,碩士,碩士班,男,一般生(非原住民族),工作,自請休學,0,1
114-1,藝術學院,音樂學系,音樂學系,碩士,碩士班,男,其他類學生,出國,自請休學,0,1
114-1,藝術學院,音樂學系,音樂學系,碩士,碩士班,女,原住民族學生,工作,自請休學,0,1
114-1,藝術學院,音樂學系,音樂學系,碩士,碩士班,女,原住民族學生,育嬰,自請休學,0,1
114-1,藝術學院,音樂學系,音樂學系,碩士,碩士班,女,一般生(非原住民族),工作,自請休學,0,1
114-1,藝術學院,藝術與設計學系,藝術與設計學系,學士,學士班,男,一般生(非原住民族),就讀學校科系不符期待,自請休學,2,3
114-1,藝術學院,藝術與設計學系,藝術與設計學系,學士,學士班,男,一般生(非原住民族),工作,自請休學,0,1
114-1,藝術學院,藝術與設計學系,藝術與設計學系,學士,學士班,男,一般生(非原住民族),出國,自請休學,0,1
114-1,藝術學院,藝術與設計學系,藝術與設計學系,學士,學士班,男,其他類學生,學業成績不佳,自請休學,1,1
114-1,藝術學院,藝術與設計學系,藝術與設計學系,學士,學士班,男,其他類學生,就讀學校科系不符期待,自請休學,1,1
114-1,藝術學院,藝術與設計學系,藝術與設計學系,學士,學士班,男,其他類學生,工作,自請休學,0,1
114-1,藝術學院,藝術與設計學系,藝術與設計學系,學士,學士班,女,一般生(非原住民族),傷病,自請休學,0,2
114-1,藝術學院,藝術與設計學系,藝術與設計學系,學士,學士班,女,一般生(非原住民族),就讀學校科系不符期待,自請休學,4,6
114-1,藝術學院,藝術與設計學系,藝術與設計學系,學士,學士班,女,一般生(非原住民族),工作,自請休學,1,3
114-1,藝術學院,藝術與設計學系,藝術與設計學系,學士,學士班,女,一般生(非原住民族),就學環境,自請休學,0,1
114-1,藝術學院,藝術與設計學系,藝術與設計學系,學士,學士班,女,其他類學生,學業成績不佳,自請休學,2,2
114-1,藝術學院,藝術與設計學系,藝術與設計學系,學士,學士班,女,其他類學生,工作,自請休學,0,1
114-1,藝術學院,藝術與設計學系,藝術與設計學系,碩士,碩士班,男,一般生(非原住民族),工作,自請休學,1,2
114-1,藝術學院,藝術與設計學系,藝術與設計學系,碩士,碩士班,男,一般生(非原住民族),家務或家人照顧,自請休學,0,1
114-1,藝術學院,藝術與設計學系,藝術與設計學系,碩士,碩士班,女,一般生(非原住民族),工作,自請休學,0,3
114-1,藝術學院,藝術與設計學系,藝術與設計學系,碩士,碩士班,女,一般生(非原住民族),出國,自請休學,1,1
114-1,藝術學院,藝術與設計學系,藝術與設計學系,碩士,碩士班,女,一般生(非原住民族),論文撰寫,自請休學,1,1
114-1,藝術學院,藝術與設計學系,藝術與設計學系,碩士,碩士班,女,一般生(非原住民族),考試訓練,自請休學,1,1
114-1,藝術學院,藝術與設計學系,藝術與設計學系,碩士,碩士班,女,一般生(非原住民族),其他,自請休學,2,2
114-1,花師教育學院,幼兒教育學系,幼兒教育學系,學士,學士班,男,一般生(非原住民族),學業成績不佳,自請休學,0,1
114-1,花師教育學院,幼兒教育學系,幼兒教育學系,學士,學士班,女,一般生(非原住民族),傷病,自請休學,1,1
114-1,花師教育學院,幼兒教育學系,幼兒教育學系,學士,學士班,女,一般生(非原住民族),就讀學校科系不符期待,自請休學,1,2
114-1,花師教育學院,幼兒教育學系,幼兒教育學系,學士,學士班,女,一般生(非原住民族),就學環境,自請休學,1,1
114-1,花師教育學院,幼兒教育學系,幼兒教育學系,碩士,碩士班,女,一般生(非原住民族),傷病,自請休學,0,1
114-1,花師教育學院,幼兒教育學系,幼兒教育學系,碩士,碩士班,女,一般生(非原住民族),工作,自請休學,0,1
114-1,花師教育學院,幼兒教育學系,幼兒教育學系,碩士,碩士班,女,一般生(非原住民族),論文撰寫,自請休學,1,2
114-1,花師教育學院,幼兒教育學系,幼兒教育學系,碩士,碩士在職專班,男,一般生(非原住民族),論文撰寫,自請休學,1,1
114-1,花師教育學院,幼兒教育學系,幼兒教育學系,碩士,碩士在職專班,女,原住民族學生,家務或家人照顧,自請休學,1,1
114-1,花師教育學院,幼兒教育學系,幼兒教育學系,碩士,碩士在職專班,女,一般生(非原住民族),傷病,自請休學,0,1
114-1,花師教育學院,幼兒教育學系,幼兒教育學系,碩士,碩士在職專班,女,一般生(非原住民族),工作,自請休學,1,3
114-1,花師教育學院,幼兒教育學系,幼兒教育學系,碩士,碩士在職專班,女,一般生(非原住民族),論文撰寫,自請休學,1,1
114-1,花師教育學院,幼兒教育學系,幼兒教育學系,碩士,碩士在職專班,女,一般生(非原住民族),家務或家人照顧,自請休學,0,1
114-1,花師教育學院,幼兒教育學系,幼兒教育學系,碩士,碩士在職專班,女,一般生(非原住民族),其他,自請休學,0,1
114-1,花師教育學院,特殊教育學系,特殊教育學系,學士,學士班,男,一般生(非原住民族),就讀學校科系不符期待,自請休學,0,2
114-1,花師教育學院,特殊教育學系,特殊教育學系,學士,學士班,女,原住民族學生,就學環境,自請休學,1,1
114-1,花師教育學院,特殊教育學系,特殊教育學系,學士,學士班,女,一般生(非原住民族),就讀學校科系不符期待,自請休學,1,1
114-1,花師教育學院,特殊教育學系,特殊教育學系,學士,學士班,女,一般生(非原住民族),育嬰,自請休學,1,1
114-1,花師教育學院,特殊教育學系,特殊教育學系,學士,學士班,女,一般生(非原住民族),家務或家人照顧,自請休學,1,3
114-1,花師教育學院,特殊教育學系,特殊教育學系身心障礙與輔助科技碩士班,碩士,碩士班,男,一般生(非原住民族),家務或家人照顧,自請休學,1,1
114-1,花師教育學院,特殊教育學系,特殊教育學系身心障礙與輔助科技碩士班,碩士,碩士班,男,一般生(非原住民族),其他,自請休學,1,1
114-1,花師教育學院,特殊教育學系,特殊教育學系身心障礙與輔助科技碩士班,碩士,碩士班,女,原住民族學生,工作,自請休學,0,1
114-1,花師教育學院,特殊教育學系,特殊教育學系身心障礙與輔助科技碩士班,碩士,碩士班,女,一般生(非原住民族),工作,自請休學,1,6
114-1,花師教育學院,特殊教育學系,特殊教育學系身心障礙與輔助科技碩士班,碩士,碩士班,女,一般生(非原住民族),育嬰,自請休學,0,1
114-1,花師教育學院,特殊教育學系,特殊教育學系身心障礙與輔助科技碩士班,碩士,碩士班,女,一般生(非原住民族),論文撰寫,自請休學,0,1
114-1,花師教育學院,特殊教育學系,特殊教育學系身心障礙與輔助科技碩士班,碩士,碩士班,女,一般生(非原住民族),家務或家人照顧,自請休學,2,2
114-1,花師教育學院,特殊教育學系,特殊教育學系身心障礙與輔助科技碩士班,碩士,碩士班,女,一般生(非原住民族),其他,自請休學,2,2
114-1,花師教育學院,教育行政與管理學系,教育行政與管理學系,學士,學士班,男,一般生(非原住民族),就讀學校科系不符期待,自請休學,0,1
114-1,花師教育學院,教育行政與管理學系,教育行政與管理學系,學士,學士班,男,一般生(非原住民族),家務或家人照顧,自請休學,0,1
114-1,花師教育學院,教育行政與管理學系,教育行政與管理學系,學士,學士班,女,原住民族學生,傷病,自請休學,0,1
114-1,花師教育學院,教育行政與管理學系,教育行政與管理學系,學士,學士班,女,原住民族學生,經濟困難,自請休學,1,1
114-1,花師教育學院,教育行政與管理學系,教育行政與管理學系,學士,學士班,女,一般生(非原住民族),傷病,自請休學,0,1
114-1,花師教育學院,教育行政與管理學系,教育行政與管理學系,學士,學士班,女,一般生(非原住民族),經濟困難,自請休學,0,1
114-1,花師教育學院,教育行政與管理學系,教育行政與管理學系,學士,學士班,女,一般生(非原住民族),就讀學校科系不符期待,自請休學,1,2
114-1,花師教育學院,教育行政與管理學系,教育行政與管理學系,學士,學士班,女,一般生(非原住民族),工作,自請休學,1,1
114-1,花師教育學院,教育行政與管理學系,教育行政與管理學系,學士,學士班,女,一般生(非原住民族),育嬰,自請休學,0,1
114-1,花師教育學院,教育行政與管理學系,教育行政與管理學系,碩士,碩士班,男,原住民族學生,工作,自請休學,0,1
114-1,花師教育學院,教育行政與管理學系,教育行政與管理學系,碩士,碩士班,男,原住民族學生,其他,自請休學,1,1
114-1,花師教育學院,教育行政與管理學系,教育行政與管理學系,碩士,碩士班,男,一般生(非原住民族),工作,自請休學,0,1
114-1,花師教育學院,教育行政與管理學系,教育行政與管理學系,碩士,碩士班,男,一般生(非原住民族),兵役,自請休學,1,1
114-1,花師教育學院,教育行政與管理學系,教育行政與管理學系,碩士,碩士班,男,一般生(非原住民族),論文撰寫,自請休學,0,2
114-1,花師教育學院,教育行政與管理學系,教育行政與管理學系,碩士,碩士班,女,原住民族學生,論文撰寫,自請休學,0,1
114-1,花師教育學院,教育行政與管理學系,教育行政與管理學系,碩士,碩士班,女,一般生(非原住民族),工作,自請休學,2,5
114-1,花師教育學院,教育行政與管理學系,教育行政與管理學系,碩士,碩士班,女,一般生(非原住民族),育嬰,自請休學,0,1
114-1,花師教育學院,教育行政與管理學系,教育行政與管理學系,碩士,碩士班,女,一般生(非原住民族),論文撰寫,自請休學,1,1
114-1,花師教育學院,教育行政與管理學系,教育行政與管理學系,碩士,碩士班,女,一般生(非原住民族),其他,自請休學,3,3
114-1,花師教育學院,體育與運動科學系,體育與運動科學系,學士,學士班,男,原住民族學生,學業成績不佳,自請休學,1,1
114-1,花師教育學院,體育與運動科學系,體育與運動科學系,學士,學士班,男,原住民族學生,工作,自請休學,2,2
114-1,花師教育學院,體育與運動科學系,體育與運動科學系,學士,學士班,男,一般生(非原住民族),傷病,自請休學,1,1
114-1,花師教育學院,體育與運動科學系,體育與運動科學系,學士,學士班,男,一般生(非原住民族),就讀學校科系不符期待,自請休學,0,1
114-1,花師教育學院,體育與運動科學系,體育與運動科學系,學士,學士班,男,一般生(非原住民族),工作,自請休學,0,1
114-1,花師教育學院,體育與運動科學系,體育與運動科學系,學士,學士班,男,一般生(非原住民族),兵役,自請休學,2,2
114-1,花師教育學院,體育與運動科學系,體育與運動科學系,學士,學士班,男,其他類學生,經濟困難,自請休學,0,1
114-1,花師教育學院,體育與運動科學系,體育與運動科學系,學士,學士班,男,其他類學生,家務或家人照顧,自請休學,0,1
114-1,花師教育學院,體育與運動科學系,體育與運動科學系,學士,學士班,女,原住民族學生,考試訓練,自請休學,0,1
114-1,花師教育學院,體育與運動科學系,體育與運動科學系,學士,學士班,女,一般生(非原住民族),就讀學校科系不符期待,自請休學,1,1
114-1,花師教育學院,體育與運動科學系,體育與運動科學系,學士,學士班,女,一般生(非原住民族),工作,自請休學,0,1
114-1,花師教育學院,體育與運動科學系,體育與運動科學系,學士,學士班,女,一般生(非原住民族),出國,自請休學,0,1
114-1,花師教育學院,體育與運動科學系,體育與運動科學系,碩士,碩士班,男,原住民族學生,工作,自請休學,0,1
114-1,花師教育學院,體育與運動科學系,體育與運動科學系,碩士,碩士班,男,一般生(非原住民族),工作,自請休學,0,2
114-1,花師教育學院,體育與運動科學系,體育與運動科學系,碩士,碩士班,男,一般生(非原住民族),兵役,自請休學,0,1
114-1,花師教育學院,體育與運動科學系,體育與運動科學系,碩士,碩士班,男,一般生(非原住民族),論文撰寫,自請休學,0,2
114-1,花師教育學院,體育與運動科學系,體育與運動科學系,碩士,碩士班,男,一般生(非原住民族),考試訓練,自請休學,0,1
114-1,花師教育學院,體育與運動科學系,體育與運動科學系,碩士,碩士班,女,原住民族學生,工作,自請休學,1,1
114-1,花師教育學院,體育與運動科學系,體育與運動科學系,碩士,碩士班,女,一般生(非原住民族),工作,自請休學,1,5
114-1,花師教育學院,體育與運動科學系,體育與運動科學系,碩士,碩士班,女,一般生(非原住民族),論文撰寫,自請休學,1,3
114-1,花師教育學院,體育與運動科學系,體育與運動科學系,碩士,碩士班,女,一般生(非原住民族),其他,自請休學,2,2
114-1,花師教育學院,體育與運動科學系,體育與運動科學系,碩士,碩士班,女,其他類學生,論文撰寫,自請休學,0,1
114-1,人文社會科學學院,中國語文學系,中國語文學系,學士,學士班,男,原住民族學生,經濟困難,自請休學,1,1
114-1,人文社會科學學院,中國語文學系,中國語文學系,學士,學士班,男,原住民族學生,學業成績不佳,自請休學,1,1
114-1,人文社會科學學院,中國語文學系,中國語文學系,學士,學士班,男,一般生(非原住民族),經濟困難,自請休學,0,1
114-1,人文社會科學學院,中國語文學系,中國語文學系,學士,學士班,男,一般生(非原住民族),學業成績不佳,自請休學,0,1
114-1,人文社會科學學院,中國語文學系,中國語文學系,學士,學士班,男,一般生(非原住民族),工作,自請休學,0,1
114-1,人文社會科學學院,中國語文學系,中國語文學系,學士,學士班,男,一般生(非原住民族),就學環境,自請休學,0,1
114-1,人文社會科學學院,中國語文學系,中國語文學系,學士,學士班,男,一般生(非原住民族),家務或家人照顧,自請休學,0,1
114-1,人文社會科學學院,中國語文學系,中國語文學系,學士,學士班,女,一般生(非原住民族),傷病,自請休學,0,2
114-1,人文社會科學學院,中國語文學系,中國語文學系,學士,學士班,女,一般生(非原住民族),工作,自請休學,1,2
114-1,人文社會科學學院,中國語文學系,中國語文學系,學士,學士班,女,一般生(非原住民族),家務或家人照顧,自請休學,1,1
114-1,人文社會科學學院,中國語文學系,中國語文學系,碩士,碩士班,男,一般生(非原住民族),工作,自請休學,0,1
114-1,人文社會科學學院,中國語文學系,中國語文學系,碩士,碩士班,男,一般生(非原住民族),論文撰寫,自請休學,0,2
114-1,人文社會科學學院,中國語文學系,中國語文學系,碩士,碩士班,女,一般生(非原住民族),工作,自請休學,1,2
114-1,人文社會科學學院,中國語文學系,中國語文學系,碩士,碩士班,女,一般生(非原住民族),論文撰寫,自請休學,1,1
114-1,人文社會科學學院,中國語文學系,中國語文學系,碩士,碩士班,女,其他類學生,論文撰寫,自請休學,0,1
114-1,人文社會科學學院,中國語文學系,中國語文學系,博士,博士班,男,一般生(非原住民族),工作,自請休學,1,3
114-1,人文社會科學學院,中國語文學系,中國語文學系,博士,博士班,男,一般生(非原住民族),論文撰寫,自請休學,2,3
114-1,人文社會科學學院,中國語文學系,中國語文學系,博士,博士班,女,一般生(非原住民族),傷病,自請休學,1,1
114-1,人文社會科學學院,中國語文學系,中國語文學系,博士,博士班,女,一般生(非原住民族),論文撰寫,自請休學,1,4
114-1,人文社會科學學院,中國語文學系,中國語文學系,博士,博士班,女,一般生(非原住民族),家務或家人照顧,自請休學,0,1
114-1,人文社會科學學院,中國語文學系,中國語文學系,博士,博士班,女,一般生(非原住民族),其他,自請休學,1,1
114-1,人文社會科學學院,臺灣文化學系,臺灣文化學系,學士,學士班,男,一般生(非原住民族),傷病,自請休學,1,1
114-1,人文社會科學學院,臺灣文化學系,臺灣文化學系,學士,學士班,男,一般生(非原住民族),工作,自請休學,0,2
114-1,人文社會科學學院,臺灣文化學系,臺灣文化學系,學士,學士班,男,一般生(非原住民族),家務或家人照顧,自請休學,0,1
114-1,人文社會科學學院,臺灣文化學系,臺灣文化學系,學士,學士班,女,一般生(非原住民族),傷病,自請休學,0,1
114-1,人文社會科學學院,臺灣文化學系,臺灣文化學系,學士,學士班,女,一般生(非原住民族),就學環境,自請休學,0,2
114-1,人文社會科學學院,臺灣文化學系,臺灣文化學系,碩士,碩士班,男,一般生(非原住民族),工作,自請休學,0,3
114-1,人文社會科學學院,臺灣文化學系,臺灣文化學系,碩士,碩士班,女,一般生(非原住民族),工作,自請休學,2,3
114-1,人文社會科學學院,臺灣文化學系,臺灣文化學系,碩士,碩士班,女,一般生(非原住民族),論文撰寫,自請休學,1,3
114-1,人文社會科學學院,臺灣文化學系,臺灣文化學系,碩士,碩士在職專班,男,一般生(非原住民族),工作,自請休學,0,1
114-1,管理學院,管理學院管理科學與財金國際學士學位學程,管理學院管理科學與財金國際學士學位學程,學士,學士班,男,一般生(非原住民族),出國,自請休學,1,1
114-1,管理學院,管理學院管理科學與財金國際學士學位學程,管理學院管理科學與財金國際學士學位學程,學士,學士班,女,一般生(非原住民族),傷病,自請休學,0,1
114-1,管理學院,管理學院管理科學與財金國際學士學位學程,管理學院管理科學與財金國際學士學位學程,學士,學士班,女,一般生(非原住民族),出國,自請休學,1,1
114-1,管理學院,管理學院管理科學與財金國際學士學位學程,管理學院管理科學與財金國際學士學位學程,學士,學士班,女,一般生(非原住民族),其他,自請休學,1,1
114-1,花師教育學院,教育行政與管理學系,教育行政與管理學系,碩士,碩士在職專班,男,原住民族學生,論文撰寫,自請休學,1,1
114-1,花師教育學院,教育行政與管理學系,教育行政與管理學系,碩士,碩士在職專班,男,原住民族學生,考試訓練,自請休學,0,1
114-1,花師教育學院,教育行政與管理學系,教育行政與管理學系,碩士,碩士在職專班,男,一般生(非原住民族),工作,自請休學,0,6
114-1,花師教育學院,教育行政與管理學系,教育行政與管理學系,碩士,碩士在職專班,男,一般生(非原住民族),論文撰寫,自請休學,2,5
114-1,花師教育學院,教育行政與管理學系,教育行政與管理學系,碩士,碩士在職專班,男,一般生(非原住民族),其他,自請休學,0,2
114-1,花師教育學院,教育行政與管理學系,教育行政與管理學系,碩士,碩士在職專班,女,原住民族學生,工作,自請休學,1,1
114-1,花師教育學院,教育行政與管理學系,教育行政與管理學系,碩士,碩士在職專班,女,原住民族學生,懷孕,自請休學,1,1
114-1,花師教育學院,教育行政與管理學系,教育行政與管理學系,碩士,碩士在職專班,女,原住民族學生,育嬰,自請休學,0,1
114-1,花師教育學院,教育行政與管理學系,教育行政與管理學系,碩士,碩士在職專班,女,原住民族學生,論文撰寫,自請休學,2,6
114-1,花師教育學院,教育行政與管理學系,教育行政與管理學系,碩士,碩士在職專班,女,原住民族學生,家務或家人照顧,自請休學,1,1
114-1,花師教育學院,教育行政與管理學系,教育行政與管理學系,碩士,碩士在職專班,女,一般生(非原住民族),傷病,自請休學,0,1
114-1,花師教育學院,教育行政與管理學系,教育行政與管理學系,碩士,碩士在職專班,女,一般生(非原住民族),工作,自請休學,1,5
114-1,花師教育學院,教育行政與管理學系,教育行政與管理學系,碩士,碩士在職專班,女,一般生(非原住民族),育嬰,自請休學,0,3
114-1,花師教育學院,教育行政與管理學系,教育行政與管理學系,碩士,碩士在職專班,女,一般生(非原住民族),論文撰寫,自請休學,2,3
114-1,花師教育學院,教育行政與管理學系,教育行政與管理學系,碩士,碩士在職專班,女,一般生(非原住民族),家務或家人照顧,自請休學,1,2
114-1,花師教育學院,教育行政與管理學系,教育行政與管理學系,碩士,碩士在職專班,女,一般生(非原住民族),考試訓練,自請休學,2,2
114-1,花師教育學院,體育與運動科學系,體育與運動科學系,碩士,碩士在職專班,男,原住民族學生,家務或家人照顧,自請休學,0,1
114-1,花師教育學院,體育與運動科學系,體育與運動科學系,碩士,碩士在職專班,男,一般生(非原住民族),工作,自請休學,0,5
114-1,花師教育學院,體育與運動科學系,體育與運動科學系,碩士,碩士在職專班,男,一般生(非原住民族),育嬰,自請休學,0,1
114-1,花師教育學院,體育與運動科學系,體育與運動科學系,碩士,碩士在職專班,男,一般生(非原住民族),出國,自請休學,0,1
114-1,花師教育學院,體育與運動科學系,體育與運動科學系,碩士,碩士在職專班,男,一般生(非原住民族),論文撰寫,自請休學,0,1
114-1,花師教育學院,體育與運動科學系,體育與運動科學系,碩士,碩士在職專班,男,一般生(非原住民族),家務或家人照顧,自請休學,0,3
114-1,花師教育學院,體育與運動科學系,體育與運動科學系,碩士,碩士在職專班,女,原住民族學生,育嬰,自請休學,0,1
114-1,花師教育學院,體育與運動科學系,體育與運動科學系,碩士,碩士在職專班,女,一般生(非原住民族),工作,自請休學,0,3
114-1,花師教育學院,體育與運動科學系,體育與運動科學系,碩士,碩士在職專班,女,一般生(非原住民族),其他,自請休學,0,1
114-1,人文社會科學學院,公共行政學系,公共行政學系,學士,學士班,男,一般生(非原住民族),傷病,自請休學,0,1
114-1,人文社會科學學院,公共行政學系,公共行政學系,學士,學士班,男,一般生(非原住民族),出國,自請休學,0,1
114-1,人文社會科學學院,公共行政學系,公共行政學系,學士,學士班,男,一般生(非原住民族),家務或家人照顧,自請休學,0,1
114-1,人文社會科學學院,公共行政學系,公共行政學系,學士,學士班,男,一般生(非原住民族),考試訓練,自請休學,0,1
114-1,人文社會科學學院,公共行政學系,公共行政學系,學士,學士班,女,原住民族學生,就讀學校科系不符期待,自請休學,0,1
114-1,人文社會科學學院,公共行政學系,公共行政學系,學士,學士班,女,一般生(非原住民族),考試訓練,自請休學,1,1
114-1,人文社會科學學院,社會學系,社會學系,碩士,碩士班,男,一般生(非原住民族),經濟困難,自請休學,0,2
114-1,人文社會科學學院,社會學系,社會學系,碩士,碩士班,男,一般生(非原住民族),其他,自請休學,0,1
114-1,人文社會科學學院,社會學系,社會學系,碩士,碩士班,女,原住民族學生,工作,自請休學,0,1
114-1,人文社會科學學院,社會學系,社會學系,碩士,碩士班,女,一般生(非原住民族),就讀學校科系不符期待,自請休學,1,1
114-1,人文社會科學學院,社會學系,社會學系,碩士,碩士班,女,一般生(非原住民族),工作,自請休學,0,2
114-1,人文社會科學學院,社會學系,社會學系,碩士,碩士班,女,一般生(非原住民族),育嬰,自請休學,0,1
114-1,人文社會科學學院,社會學系,社會學系,碩士,碩士班,女,一般生(非原住民族),論文撰寫,自請休學,0,2
114-1,人文社會科學學院,公共行政學系,公共行政學系,碩士,碩士班,男,一般生(非原住民族),出國,自請休學,1,1
114-1,人文社會科學學院,公共行政學系,公共行政學系,碩士,碩士班,男,一般生(非原住民族),論文撰寫,自請休學,0,2
114-1,人文社會科學學院,公共行政學系,公共行政學系,碩士,碩士班,男,一般生(非原住民族),其他,自請休學,1,1
114-1,人文社會科學學院,公共行政學系,公共行政學系,碩士,碩士班,女,一般生(非原住民族),就讀學校科系不符期待,自請休學,0,1
114-1,人文社會科學學院,公共行政學系,公共行政學系,碩士,碩士班,女,一般生(非原住民族),工作,自請休學,1,1
114-1,人文社會科學學院,公共行政學系,公共行政學系,碩士,碩士班,女,一般生(非原住民族),育嬰,自請休學,0,1
114-1,人文社會科學學院,公共行政學系,公共行政學系,碩士,碩士在職專班,男,原住民族學生,工作,自請休學,1,1
114-1,人文社會科學學院,公共行政學系,公共行政學系,碩士,碩士在職專班,男,一般生(非原住民族),傷病,自請休學,1,1
114-1,人文社會科學學院,公共行政學系,公共行政學系,碩士,碩士在職專班,男,一般生(非原住民族),工作,自請休學,2,5
114-1,人文社會科學學院,公共行政學系,公共行政學系,碩士,碩士在職專班,男,一般生(非原住民族),家務或家人照顧,自請休學,0,1
114-1,人文社會科學學院,公共行政學系,公共行政學系,碩士,碩士在職專班,男,一般生(非原住民族),考試訓練,自請休學,0,1
114-1,人文社會科學學院,公共行政學系,公共行政學系,碩士,碩士在職專班,女,一般生(非原住民族),傷病,自請休學,0,1
114-1,人文社會科學學院,公共行政學系,公共行政學系,碩士,碩士在職專班,女,一般生(非原住民族),工作,自請休學,1,2
114-1,人文社會科學學院,公共行政學系,公共行政學系,碩士,碩士在職專班,女,一般生(非原住民族),懷孕,自請休學,1,1
114-1,人文社會科學學院,公共行政學系,公共行政學系,碩士,碩士在職專班,女,一般生(非原住民族),論文撰寫,自請休學,0,1
114-1,人文社會科學學院,公共行政學系,公共行政學系,碩士,碩士在職專班,女,一般生(非原住民族),家務或家人照顧,自請休學,0,2
114-1,人文社會科學學院,社會學系,社會學系,學士,學士班,男,一般生(非原住民族),學業成績不佳,自請休學,1,1
114-1,人文社會科學學院,社會學系,社會學系,學士,學士班,男,一般生(非原住民族),就讀學校科系不符期待,自請休學,1,1
114-1,人文社會科學學院,社會學系,社會學系,學士,學士班,男,一般生(非原住民族),出國,自請休學,1,1
114-1,人文社會科學學院,社會學系,社會學系,學士,學士班,男,一般生(非原住民族),就學環境,自請休學,1,1
114-1,人文社會科學學院,社會學系,社會學系,學士,學士班,女,原住民族學生,懷孕,自請休學,1,1
114-1,人文社會科學學院,社會學系,社會學系,學士,學士班,女,一般生(非原住民族),就讀學校科系不符期待,自請休學,2,2
114-1,人文社會科學學院,社會學系,社會學系,學士,學士班,女,一般生(非原住民族),工作,自請休學,1,1
114-1,人文社會科學學院,社會學系,社會學系,學士,學士班,女,一般生(非原住民族),家務或家人照顧,自請休學,0,1
114-1,原住民民族學院,民族發展與社會工作學系,民族社會工作學士學位學程,學士,學士班,男,原住民族學生,工作,自請休學,0,2
114-1,原住民民族學院,民族發展與社會工作學系,民族社會工作學士學位學程,學士,學士班,女,原住民族學生,經濟困難,自請休學,0,2
114-1,原住民民族學院,民族發展與社會工作學系,民族社會工作學士學位學程,學士,學士班,女,原住民族學生,就讀學校科系不符期待,自請休學,0,1
114-1,原住民民族學院,民族發展與社會工作學系,民族社會工作學士學位學程,學士,學士班,女,原住民族學生,育嬰,自請休學,0,2
114-1,理工學院,物理學系,物理學系應用物理碩士班,碩士,碩士班,男,一般生(非原住民族),傷病,自請休學,0,1
114-1,理工學院,物理學系,物理學系應用物理碩士班,碩士,碩士班,男,一般生(非原住民族),經濟困難,自請休學,0,1
114-1,理工學院,物理學系,物理學系應用物理碩士班,碩士,碩士班,男,一般生(非原住民族),就讀學校科系不符期待,自請休學,0,1
114-1,理工學院,物理學系,物理學系應用物理碩士班,碩士,碩士班,男,一般生(非原住民族),工作,自請休學,0,1
114-1,理工學院,物理學系,物理學系應用物理碩士班,碩士,碩士班,男,一般生(非原住民族),兵役,自請休學,0,1
114-1,理工學院,物理學系,物理學系應用物理碩士班,碩士,碩士班,男,其他類學生,論文撰寫,自請休學,0,1
114-1,花師教育學院,教育與潛能開發學系,教育與潛能開發學系多元文化教育博士班,博士,博士班,男,原住民族學生,就讀學校科系不符期待,自請休學,1,1
114-1,花師教育學院,教育與潛能開發學系,教育與潛能開發學系多元文化教育博士班,博士,博士班,男,原住民族學生,工作,自請休學,0,1
114-1,花師教育學院,教育與潛能開發學系,教育與潛能開發學系多元文化教育博士班,博士,博士班,男,原住民族學生,論文撰寫,自請休學,0,2
114-1,花師教育學院,教育與潛能開發學系,教育與潛能開發學系多元文化教育博士班,博士,博士班,女,原住民族學生,論文撰寫,自請休學,0,1
114-1,花師教育學院,教育與潛能開發學系,教育與潛能開發學系多元文化教育博士班,博士,博士班,女,原住民族學生,家務或家人照顧,自請休學,1,2
114-1,花師教育學院,教育與潛能開發學系,教育與潛能開發學系多元文化教育博士班,博士,博士班,女,一般生(非原住民族),工作,自請休學,1,1
114-1,花師教育學院,教育與潛能開發學系,教育與潛能開發學系多元文化教育博士班,博士,博士班,女,一般生(非原住民族),育嬰,自請休學,0,1
114-1,花師教育學院,教育與潛能開發學系,教育與潛能開發學系多元文化教育博士班,博士,博士班,女,一般生(非原住民族),論文撰寫,自請休學,0,1
114-1,花師教育學院,教育與潛能開發學系,教育與潛能開發學系科學教育博士班,博士,博士班,男,一般生(非原住民族),傷病,自請休學,0,1
114-1,花師教育學院,教育與潛能開發學系,教育與潛能開發學系科學教育博士班,博士,博士班,男,一般生(非原住民族),育嬰,自請休學,0,1
114-1,花師教育學院,教育與潛能開發學系,教育與潛能開發學系科學教育博士班,博士,博士班,男,一般生(非原住民族),兵役,自請休學,1,1
114-1,花師教育學院,教育與潛能開發學系,教育與潛能開發學系科學教育博士班,博士,博士班,男,一般生(非原住民族),論文撰寫,自請休學,0,1
114-1,花師教育學院,教育與潛能開發學系,教育與潛能開發學系科學教育博士班,博士,博士班,男,一般生(非原住民族),家務或家人照顧,自請休學,1,1
114-1,花師教育學院,教育與潛能開發學系,教育與潛能開發學系科學教育博士班,博士,博士班,男,一般生(非原住民族),其他,自請休學,0,1
114-1,花師教育學院,教育與潛能開發學系,教育與潛能開發學系科學教育博士班,博士,博士班,女,一般生(非原住民族),傷病,自請休學,0,1
114-1,花師教育學院,教育與潛能開發學系,教育與潛能開發學系科學教育博士班,博士,博士班,女,一般生(非原住民族),論文撰寫,自請休學,1,1
114-1,花師教育學院,教育與潛能開發學系,教育與潛能開發學系教育博士班,博士,博士班,男,一般生(非原住民族),傷病,自請休學,0,1
114-1,花師教育學院,教育與潛能開發學系,教育與潛能開發學系教育博士班,博士,博士班,男,一般生(非原住民族),工作,自請休學,2,6
114-1,花師教育學院,教育與潛能開發學系,教育與潛能開發學系教育博士班,博士,博士班,男,一般生(非原住民族),育嬰,自請休學,0,1
114-1,花師教育學院,教育與潛能開發學系,教育與潛能開發學系教育博士班,博士,博士班,男,一般生(非原住民族),論文撰寫,自請休學,1,3
114-1,花師教育學院,教育與潛能開發學系,教育與潛能開發學系教育博士班,博士,博士班,男,一般生(非原住民族),家務或家人照顧,自請休學,0,1
114-1,花師教育學院,教育與潛能開發學系,教育與潛能開發學系教育博士班,博士,博士班,男,其他類學生,工作,自請休學,0,1
114-1,花師教育學院,教育與潛能開發學系,教育與潛能開發學系教育博士班,博士,博士班,女,原住民族學生,懷孕,自請休學,1,1
114-1,花師教育學院,教育與潛能開發學系,教育與潛能開發學系教育博士班,博士,博士班,女,一般生(非原住民族),傷病,自請休學,1,3
114-1,花師教育學院,教育與潛能開發學系,教育與潛能開發學系教育博士班,博士,博士班,女,一般生(非原住民族),工作,自請休學,2,6
114-1,花師教育學院,教育與潛能開發學系,教育與潛能開發學系教育博士班,博士,博士班,女,一般生(非原住民族),懷孕,自請休學,1,2
114-1,花師教育學院,教育與潛能開發學系,教育與潛能開發學系教育博士班,博士,博士班,女,一般生(非原住民族),育嬰,自請休學,0,1
114-1,花師教育學院,教育與潛能開發學系,教育與潛能開發學系教育博士班,博士,博士班,女,一般生(非原住民族),論文撰寫,自請休學,1,2
114-1,花師教育學院,教育與潛能開發學系,教育與潛能開發學系教育博士班,博士,博士班,女,其他類學生,經濟困難,自請休學,0,3
114-1,花師教育學院,教育與潛能開發學系,教育與潛能開發學系多元文化教育碩士班,碩士,碩士班,男,原住民族學生,育嬰,自請休學,0,1
114-1,花師教育學院,教育與潛能開發學系,教育與潛能開發學系多元文化教育碩士班,碩士,碩士班,男,一般生(非原住民族),就讀學校科系不符期待,自請休學,0,1
114-1,花師教育學院,教育與潛能開發學系,教育與潛能開發學系多元文化教育碩士班,碩士,碩士班,男,一般生(非原住民族),工作,自請休學,1,1
114-1,花師教育學院,教育與潛能開發學系,教育與潛能開發學系多元文化教育碩士班,碩士,碩士班,男,一般生(非原住民族),論文撰寫,自請休學,0,1
114-1,花師教育學院,教育與潛能開發學系,教育與潛能開發學系多元文化教育碩士班,碩士,碩士班,男,一般生(非原住民族),家務或家人照顧,自請休學,1,1
114-1,花師教育學院,教育與潛能開發學系,教育與潛能開發學系多元文化教育碩士班,碩士,碩士班,女,原住民族學生,工作,自請休學,0,1
114-1,花師教育學院,教育與潛能開發學系,教育與潛能開發學系多元文化教育碩士班,碩士,碩士班,女,原住民族學生,論文撰寫,自請休學,0,1
114-1,花師教育學院,教育與潛能開發學系,教育與潛能開發學系多元文化教育碩士班,碩士,碩士班,女,一般生(非原住民族),工作,自請休學,0,1
114-1,花師教育學院,教育與潛能開發學系,教育與潛能開發學系多元文化教育碩士班,碩士,碩士班,女,一般生(非原住民族),育嬰,自請休學,0,1
114-1,花師教育學院,教育與潛能開發學系,教育與潛能開發學系多元文化教育碩士班,碩士,碩士班,女,一般生(非原住民族),論文撰寫,自請休學,2,4
114-1,花師教育學院,教育與潛能開發學系,教育與潛能開發學系多元文化教育碩士班,碩士,碩士班,女,一般生(非原住民族),其他,自請休學,0,1
114-1,花師教育學院,教育與潛能開發學系,教育與潛能開發學系科學教育碩士班,碩士,碩士班,男,一般生(非原住民族),傷病,自請休學,0,1
114-1,花師教育學院,教育與潛能開發學系,教育與潛能開發學系科學教育碩士班,碩士,碩士班,男,一般生(非原住民族),工作,自請休學,0,2
114-1,花師教育學院,教育與潛能開發學系,教育與潛能開發學系科學教育碩士班,碩士,碩士班,男,一般生(非原住民族),其他,自請休學,1,1
114-1,花師教育學院,教育與潛能開發學系,教育與潛能開發學系科學教育碩士班,碩士,碩士班,女,一般生(非原住民族),工作,自請休學,0,3
114-1,花師教育學院,教育與潛能開發學系,教育與潛能開發學系科學教育碩士班,碩士,碩士班,女,一般生(非原住民族),論文撰寫,自請休學,1,2
114-1,花師教育學院,教育與潛能開發學系,教育與潛能開發學系教育碩士班,碩士,碩士班,男,原住民族學生,育嬰,自請休學,0,1
114-1,花師教育學院,教育與潛能開發學系,教育與潛能開發學系教育碩士班,碩士,碩士班,男,原住民族學生,其他,自請休學,1,1
114-1,花師教育學院,教育與潛能開發學系,教育與潛能開發學系教育碩士班,碩士,碩士班,男,一般生(非原住民族),工作,自請休學,0,1
114-1,花師教育學院,教育與潛能開發學系,教育與潛能開發學系教育碩士班,碩士,碩士班,男,一般生(非原住民族),兵役,自請休學,2,2
114-1,花師教育學院,教育與潛能開發學系,教育與潛能開發學系教育碩士班,碩士,碩士班,女,一般生(非原住民族),工作,自請休學,0,4
114-1,花師教育學院,教育與潛能開發學系,教育與潛能開發學系教育碩士班,碩士,碩士班,女,一般生(非原住民族),論文撰寫,自請休學,2,3
114-1,花師教育學院,教育與潛能開發學系,教育與潛能開發學系教育碩士班,碩士,碩士班,女,一般生(非原住民族),其他,自請休學,1,2
114-1,花師教育學院,教育與潛能開發學系,教育與潛能開發學系教育碩士班,碩士,碩士班,女,其他類學生,論文撰寫,自請休學,0,1
114-1,花師教育學院,教育與潛能開發學系,教育與潛能開發學系教育碩士在職專班,碩士,碩士在職專班,男,原住民族學生,家務或家人照顧,自請休學,0,1
114-1,花師教育學院,教育與潛能開發學系,教育與潛能開發學系教育碩士在職專班,碩士,碩士在職專班,男,一般生(非原住民族),工作,自請休學,2,7
114-1,花師教育學院,教育與潛能開發學系,教育與潛能開發學系教育碩士在職專班,碩士,碩士在職專班,男,一般生(非原住民族),論文撰寫,自請休學,3,6
114-1,花師教育學院,教育與潛能開發學系,教育與潛能開發學系教育碩士在職專班,碩士,碩士在職專班,男,一般生(非原住民族),家務或家人照顧,自請休學,0,1
114-1,花師教育學院,教育與潛能開發學系,教育與潛能開發學系教育碩士在職專班,碩士,碩士在職專班,男,一般生(非原住民族),考試訓練,自請休學,1,1
114-1,花師教育學院,教育與潛能開發學系,教育與潛能開發學系教育碩士在職專班,碩士,碩士在職專班,女,原住民族學生,工作,自請休學,2,2
114-1,花師教育學院,教育與潛能開發學系,教育與潛能開發學系教育碩士在職專班,碩士,碩士在職專班,女,原住民族學生,論文撰寫,自請休學,3,3
114-1,花師教育學院,教育與潛能開發學系,教育與潛能開發學系教育碩士在職專班,碩士,碩士在職專班,女,原住民族學生,家務或家人照顧,自請休學,1,1
114-1,花師教育學院,教育與潛能開發學系,教育與潛能開發學系教育碩士在職專班,碩士,碩士在職專班,女,原住民族學生,其他,自請休學,1,1
114-1,花師教育學院,教育與潛能開發學系,教育與潛能開發學系教育碩士在職專班,碩士,碩士在職專班,女,一般生(非原住民族),傷病,自請休學,1,2
114-1,花師教育學院,教育與潛能開發學系,教育與潛能開發學系教育碩士在職專班,碩士,碩士在職專班,女,一般生(非原住民族),工作,自請休學,6,12
114-1,花師教育學院,教育與潛能開發學系,教育與潛能開發學系教育碩士在職專班,碩士,碩士在職專班,女,一般生(非原住民族),育嬰,自請休學,0,2
114-1,花師教育學院,教育與潛能開發學系,教育與潛能開發學系教育碩士在職專班,碩士,碩士在職專班,女,一般生(非原住民族),論文撰寫,自請休學,4,11
114-1,花師教育學院,教育與潛能開發學系,教育與潛能開發學系教育碩士在職專班,碩士,碩士在職專班,女,一般生(非原住民族),家務或家人照顧,自請休學,1,2
114-1,花師教育學院,教育與潛能開發學系,教育與潛能開發學系教育碩士在職專班,碩士,碩士在職專班,女,一般生(非原住民族),考試訓練,自請休學,0,1
114-1,花師教育學院,教育與潛能開發學系,教育與潛能開發學系教育碩士在職專班,碩士,碩士在職專班,女,一般生(非原住民族),其他,自請休學,2,2
114-1,花師教育學院,教育與潛能開發學系,教育與潛能開發學系,學士,學士班,男,一般生(非原住民族),學業成績不佳,自請休學,1,1
114-1,花師教育學院,教育與潛能開發學系,教育與潛能開發學系,學士,學士班,女,一般生(非原住民族),出國,自請休學,1,1
114-1,花師教育學院,教育與潛能開發學系,教育與潛能開發學系,學士,學士班,女,一般生(非原住民族),違反校規,勒令休學,0,1
114-1,藝術學院,藝術創意產業學系,藝術創意產業學系,碩士,碩士在職專班,男,一般生(非原住民族),工作,自請休學,1,2
114-1,藝術學院,藝術創意產業學系,藝術創意產業學系,碩士,碩士在職專班,男,一般生(非原住民族),家務或家人照顧,自請休學,0,1
114-1,藝術學院,藝術創意產業學系,藝術創意產業學系,碩士,碩士在職專班,女,原住民族學生,育嬰,自請休學,0,1
114-1,藝術學院,藝術創意產業學系,藝術創意產業學系,碩士,碩士在職專班,女,一般生(非原住民族),就讀學校科系不符期待,自請休學,0,1
114-1,藝術學院,藝術創意產業學系,藝術創意產業學系,碩士,碩士在職專班,女,一般生(非原住民族),工作,自請休學,0,3
114-1,藝術學院,藝術創意產業學系,藝術創意產業學系,碩士,碩士在職專班,女,一般生(非原住民族),育嬰,自請休學,0,1
114-1,藝術學院,藝術創意產業學系,藝術創意產業學系,碩士,碩士班,男,原住民族學生,論文撰寫,自請休學,0,1
114-1,藝術學院,藝術創意產業學系,藝術創意產業學系,碩士,碩士班,男,一般生(非原住民族),兵役,自請休學,0,1
114-1,藝術學院,藝術創意產業學系,藝術創意產業學系,碩士,碩士班,男,一般生(非原住民族),家務或家人照顧,自請休學,0,1
114-1,藝術學院,藝術創意產業學系,藝術創意產業學系,碩士,碩士班,男,其他類學生,論文撰寫,自請休學,0,1
114-1,藝術學院,藝術創意產業學系,藝術創意產業學系,碩士,碩士班,女,原住民族學生,傷病,自請休學,0,1
114-1,藝術學院,藝術創意產業學系,藝術創意產業學系,碩士,碩士班,女,一般生(非原住民族),工作,自請休學,2,5
114-1,藝術學院,藝術創意產業學系,藝術創意產業學系,碩士,碩士班,女,一般生(非原住民族),出國,自請休學,0,1
114-1,藝術學院,藝術創意產業學系,藝術創意產業學系,碩士,碩士班,女,一般生(非原住民族),論文撰寫,自請休學,1,5
114-1,藝術學院,藝術創意產業學系,藝術創意產業學系,碩士,碩士班,女,一般生(非原住民族),家務或家人照顧,自請休學,2,2
114-1,管理學院,國際企業學系,國際企業學系經營管理碩士在職專班,碩士,碩士在職專班,男,原住民族學生,育嬰,自請休學,0,1
114-1,管理學院,國際企業學系,國際企業學系經營管理碩士在職專班,碩士,碩士在職專班,男,一般生(非原住民族),工作,自請休學,1,2
114-1,管理學院,國際企業學系,國際企業學系經營管理碩士在職專班,碩士,碩士在職專班,男,一般生(非原住民族),育嬰,自請休學,0,1
114-1,管理學院,國際企業學系,國際企業學系經營管理碩士在職專班,碩士,碩士在職專班,男,一般生(非原住民族),論文撰寫,自請休學,0,3
114-1,管理學院,國際企業學系,國際企業學系經營管理碩士在職專班,碩士,碩士在職專班,女,一般生(非原住民族),育嬰,自請休學,0,1
114-1,管理學院,資訊管理學系,資訊管理學系,碩士,碩士班,男,一般生(非原住民族),工作,自請休學,2,3
114-1,管理學院,資訊管理學系,資訊管理學系,碩士,碩士班,女,一般生(非原住民族),傷病,自請休學,0,1
114-1,管理學院,資訊管理學系,資訊管理學系,碩士,碩士班,女,一般生(非原住民族),工作,自請休學,0,1
114-1,管理學院,會計學系,會計學系,碩士,碩士班,男,一般生(非原住民族),就讀學校科系不符期待,自請休學,0,1
114-1,管理學院,會計學系,會計學系,碩士,碩士班,女,一般生(非原住民族),工作,自請休學,0,3
114-1,原住民民族學院,原住民族樂舞與藝術學士學位學程,原住民族樂舞與藝術學士學位學程,學士,學士班,男,原住民族學生,工作,自請休學,0,1
114-1,原住民民族學院,原住民族樂舞與藝術學士學位學程,原住民族樂舞與藝術學士學位學程,學士,學士班,女,原住民族學生,傷病,自請休學,0,2
114-1,原住民民族學院,原住民族樂舞與藝術學士學位學程,原住民族樂舞與藝術學士學位學程,學士,學士班,女,原住民族學生,經濟困難,自請休學,1,1
114-1,原住民民族學院,原住民族樂舞與藝術學士學位學程,原住民族樂舞與藝術學士學位學程,學士,學士班,女,原住民族學生,學業成績不佳,自請休學,1,1
114-1,原住民民族學院,原住民族樂舞與藝術學士學位學程,原住民族樂舞與藝術學士學位學程,學士,學士班,女,原住民族學生,就讀學校科系不符期待,自請休學,0,1
114-1,原住民民族學院,原住民族樂舞與藝術學士學位學程,原住民族樂舞與藝術學士學位學程,學士,學士班,女,原住民族學生,考試訓練,自請休學,0,1
114-1,人文社會科學學院,法律學系,法律學系,學士,學士班,男,原住民族學生,考試訓練,自請休學,1,1
114-1,人文社會科學學院,法律學系,法律學系,學士,學士班,男,一般生(非原住民族),傷病,自請休學,0,1
114-1,人文社會科學學院,法律學系,法律學系,學士,學士班,男,一般生(非原住民族),學業成績不佳,自請休學,1,1
114-1,人文社會科學學院,法律學系,法律學系,學士,學士班,男,一般生(非原住民族),兵役,自請休學,1,1
114-1,人文社會科學學院,法律學系,法律學系,學士,學士班,女,一般生(非原住民族),就學環境,自請休學,1,1
114-1,人文社會科學學院,人文社會科學學院華語文教學國際博士班,人文社會科學學院華語文教學國際博士班,博士,博士班,男,一般生(非原住民族),就讀學校科系不符期待,自請休學,1,1
114-1,人文社會科學學院,人文社會科學學院華語文教學國際博士班,人文社會科學學院華語文教學國際博士班,博士,博士班,男,其他類學生,論文撰寫,自請休學,0,1
114-1,人文社會科學學院,法律學系,法律學系原住民專班,學士,學士班,男,原住民族學生,工作,自請休學,0,1
114-1,人文社會科學學院,法律學系,法律學系原住民專班,學士,學士班,女,原住民族學生,學業成績不佳,自請休學,1,1
114-1,人文社會科學學院,法律學系,法律學系原住民專班,學士,學士班,女,原住民族學生,工作,自請休學,1,1
114-1,人文社會科學學院,法律學系,法律學系原住民專班,學士,學士班,女,原住民族學生,考試訓練,自請休學,1,1
114-1,花師教育學院,幼兒教育學系,幼兒教育學系學士後學位學程教保員專班,學士,學士班,女,原住民族學生,工作,自請休學,0,1
114-1,人文社會科學學院,人文社會科學學院亞太區域研究博士班,人文社會科學學院亞太區域研究博士班,博士,博士班,男,其他類學生,傷病,自請休學,1,1
114-1,人文社會科學學院,人文社會科學學院亞太區域研究博士班,人文社會科學學院亞太區域研究博士班,博士,博士班,男,其他類學生,論文撰寫,自請休學,0,1
114-1,人文社會科學學院,人文社會科學學院亞太區域研究博士班,人文社會科學學院亞太區域研究博士班,博士,博士班,女,其他類學生,論文撰寫,自請休學,1,1
114-1,人文社會科學學院,法律學系,法律學系,碩士,碩士班,男,原住民族學生,經濟困難,自請休學,0,1
114-1,人文社會科學學院,法律學系,法律學系,碩士,碩士班,男,一般生(非原住民族),傷病,自請休學,1,1
114-1,人文社會科學學院,法律學系,法律學系,碩士,碩士班,男,一般生(非原住民族),就讀學校科系不符期待,自請休學,1,1
114-1,人文社會科學學院,法律學系,法律學系,碩士,碩士班,男,一般生(非原住民族),工作,自請休學,1,5
114-1,人文社會科學學院,法律學系,法律學系,碩士,碩士班,男,一般生(非原住民族),育嬰,自請休學,0,2
114-1,人文社會科學學院,法律學系,法律學系,碩士,碩士班,男,一般生(非原住民族),論文撰寫,自請休學,1,5
114-1,人文社會科學學院,法律學系,法律學系,碩士,碩士班,女,原住民族學生,工作,自請休學,1,3
114-1,人文社會科學學院,法律學系,法律學系,碩士,碩士班,女,一般生(非原住民族),工作,自請休學,0,2
114-1,人文社會科學學院,法律學系,法律學系,碩士,碩士班,女,一般生(非原住民族),論文撰寫,自請休學,0,4
114-1,人文社會科學學院,法律學系,法律學系,碩士,碩士班,女,一般生(非原住民族),家務或家人照顧,自請休學,0,2
114-1,人文社會科學學院,法律學系,法律學系,碩士,碩士班,女,一般生(非原住民族),考試訓練,自請休學,0,1
114-1,人文社會科學學院,人文社會科學學院華語文教學暨書法國際碩士班,人文社會科學學院華語文教學暨書法國際碩士班,碩士,碩士班,男,一般生(非原住民族),經濟困難,自請休學,0,1
114-1,人文社會科學學院,人文社會科學學院華語文教學暨書法國際碩士班,人文社會科學學院華語文教學暨書法國際碩士班,碩士,碩士班,男,一般生(非原住民族),論文撰寫,自請休學,1,1
114-1,人文社會科學學院,人文社會科學學院華語文教學暨書法國際碩士班,人文社會科學學院華語文教學暨書法國際碩士班,碩士,碩士班,女,其他類學生,傷病,自請休學,0,1
114-1,洄瀾學院,縱谷跨域書院學士學位學程,縱谷跨域書院學士學位學程,學士,學士班,男,一般生(非原住民族),傷病,自請休學,0,1
114-1,洄瀾學院,縱谷跨域書院學士學位學程,縱谷跨域書院學士學位學程,學士,學士班,男,一般生(非原住民族),就讀學校科系不符期待,自請休學,1,1
114-1,洄瀾學院,縱谷跨域書院學士學位學程,縱谷跨域書院學士學位學程,學士,學士班,男,一般生(非原住民族),工作,自請休學,2,2
114-1,洄瀾學院,縱谷跨域書院學士學位學程,縱谷跨域書院學士學位學程,學士,學士班,男,一般生(非原住民族),出國,自請休學,1,2
114-1,環境暨海洋學院,自然資源與環境學系,自然資源與環境學系,博士,博士班,男,一般生(非原住民族),工作,自請休學,0,1
114-1,環境暨海洋學院,自然資源與環境學系,自然資源與環境學系,博士,博士班,女,一般生(非原住民族),傷病,自請休學,0,1
114-1,環境暨海洋學院,自然資源與環境學系,自然資源與環境學系,博士,博士班,女,其他類學生,考試訓練,自請休學,0,1
114-1,環境暨海洋學院,自然資源與環境學系,自然資源與環境學系,碩士,碩士班,男,原住民族學生,工作,自請休學,0,2
114-1,環境暨海洋學院,自然資源與環境學系,自然資源與環境學系,碩士,碩士班,男,一般生(非原住民族),學業成績不佳,自請休學,1,1
114-1,環境暨海洋學院,自然資源與環境學系,自然資源與環境學系,碩士,碩士班,男,一般生(非原住民族),就讀學校科系不符期待,自請休學,2,2
114-1,環境暨海洋學院,自然資源與環境學系,自然資源與環境學系,碩士,碩士班,男,一般生(非原住民族),工作,自請休學,1,2
114-1,環境暨海洋學院,自然資源與環境學系,自然資源與環境學系,碩士,碩士班,男,一般生(非原住民族),兵役,自請休學,1,1
114-1,環境暨海洋學院,自然資源與環境學系,自然資源與環境學系,碩士,碩士班,男,一般生(非原住民族),出國,自請休學,0,1
114-1,環境暨海洋學院,自然資源與環境學系,自然資源與環境學系,碩士,碩士班,男,一般生(非原住民族),論文撰寫,自請休學,0,2
114-1,環境暨海洋學院,自然資源與環境學系,自然資源與環境學系,碩士,碩士班,男,一般生(非原住民族),其他,自請休學,2,2
114-1,環境暨海洋學院,自然資源與環境學系,自然資源與環境學系,碩士,碩士班,女,一般生(非原住民族),工作,自請休學,2,5
114-1,環境暨海洋學院,自然資源與環境學系,自然資源與環境學系,碩士,碩士班,女,一般生(非原住民族),育嬰,自請休學,0,1
114-1,環境暨海洋學院,自然資源與環境學系,自然資源與環境學系,碩士,碩士班,女,一般生(非原住民族),論文撰寫,自請休學,2,3
114-1,環境暨海洋學院,自然資源與環境學系,自然資源與環境學系,碩士,碩士班,女,一般生(非原住民族),家務或家人照顧,自請休學,1,1
114-1,環境暨海洋學院,自然資源與環境學系,自然資源與環境學系,碩士,碩士班,女,一般生(非原住民族),其他,自請休學,1,1
114-1,環境暨海洋學院,自然資源與環境學系,自然資源與環境學系,學士,學士班,男,一般生(非原住民族),傷病,自請休學,0,2
114-1,環境暨海洋學院,自然資源與環境學系,自然資源與環境學系,學士,學士班,男,一般生(非原住民族),學業成績不佳,自請休學,1,1
114-1,環境暨海洋學院,自然資源與環境學系,自然資源與環境學系,學士,學士班,男,一般生(非原住民族),就讀學校科系不符期待,自請休學,1,1
114-1,環境暨海洋學院,自然資源與環境學系,自然資源與環境學系,學士,學士班,男,一般生(非原住民族),工作,自請休學,0,2
114-1,環境暨海洋學院,自然資源與環境學系,自然資源與環境學系,學士,學士班,男,一般生(非原住民族),出國,自請休學,0,1
114-1,環境暨海洋學院,自然資源與環境學系,自然資源與環境學系,學士,學士班,女,一般生(非原住民族),學業成績不佳,自請休學,1,1
114-1,環境暨海洋學院,自然資源與環境學系,自然資源與環境學系,學士,學士班,女,一般生(非原住民族),家務或家人照顧,自請休學,1,1
114-1,環境暨海洋學院,海洋生物研究所,海洋生物研究所,碩士,碩士班,男,一般生(非原住民族),就讀學校科系不符期待,自請休學,0,1
114-1,環境暨海洋學院,海洋生物研究所,海洋生物研究所,碩士,碩士班,女,一般生(非原住民族),經濟困難,自請休學,1,1
114-1,環境暨海洋學院,海洋生物研究所,海洋生物研究所,碩士,碩士班,女,一般生(非原住民族),就讀學校科系不符期待,自請休學,0,1
114-1,環境暨海洋學院,海洋生物研究所,海洋生物研究所,碩士,碩士班,女,一般生(非原住民族),工作,自請休學,0,1
114-1,環境暨海洋學院,海洋生物研究所,海洋生物研究所,博士,博士班,女,一般生(非原住民族),論文撰寫,自請休學,1,1
114-1,理工學院,資訊工程學系,資訊工程學系人工智慧與創新應用碩士班,碩士,碩士班,男,一般生(非原住民族),工作,自請休學,0,1
114-1,理工學院,資訊工程學系,資訊工程學系人工智慧與創新應用碩士班,碩士,碩士班,女,一般生(非原住民族),考試訓練,自請休學,1,1
114-1,原住民民族學院,原住民民族學院原住民族研究國際博士班,原住民民族學院原住民族研究國際博士班,博士,博士班,男,其他類學生,工作,自請休學,0,1
114-1,原住民民族學院,原住民民族學院原住民族研究國際博士班,原住民民族學院原住民族研究國際博士班,博士,博士班,女,其他類學生,工作,自請休學,0,1
114-1,管理學院,管理學院會計與資訊管理國際學士班,管理學院會計與資訊管理國際學士班,學士,學士班,男,一般生(非原住民族),就讀學校科系不符期待,自請休學,2,2
114-1,管理學院,管理學院會計與資訊管理國際學士班,管理學院會計與資訊管理國際學士班,學士,學士班,男,一般生(非原住民族),出國,自請休學,0,1
114-1,理工學院,生化暨分子醫學科學系,生化暨分子醫學科學系,博士,博士班,男,一般生(非原住民族),工作,自請休學,0,1
114-1,理工學院,生化暨分子醫學科學系,生化暨分子醫學科學系,博士,博士班,男,一般生(非原住民族),兵役,自請休學,1,1
114-1,理工學院,生化暨分子醫學科學系,生化暨分子醫學科學系,碩士,碩士班,男,一般生(非原住民族),考試訓練,自請休學,0,1
114-1,理工學院,生化暨分子醫學科學系,生化暨分子醫學科學系,學士,學士班,男,一般生(非原住民族),傷病,自請休學,0,1
114-1,理工學院,生化暨分子醫學科學系,生化暨分子醫學科學系,學士,學士班,男,一般生(非原住民族),就讀學校科系不符期待,自請休學,2,3
114-1,理工學院,生化暨分子醫學科學系,生化暨分子醫學科學系,學士,學士班,男,一般生(非原住民族),考試訓練,自請休學,1,1
114-1,理工學院,生化暨分子醫學科學系,生化暨分子醫學科學系,學士,學士班,女,一般生(非原住民族),傷病,自請休學,1,2
114-1,理工學院,生化暨分子醫學科學系,生化暨分子醫學科學系,學士,學士班,女,一般生(非原住民族),出國,自請休學,1,1
114-1,理工學院,生化暨分子醫學科學系,生化暨分子醫學科學系,學士,學士班,女,一般生(非原住民族),家務或家人照顧,自請休學,0,1
114-1,花師教育學院,花師教育學院多元文化教育碩士班,花師教育學院多元文化教育碩士班,碩士,碩士班,男,一般生(非原住民族),工作,自請休學,1,1
114-1,花師教育學院,花師教育學院多元文化教育碩士班,花師教育學院多元文化教育碩士班,碩士,碩士班,女,原住民族學生,工作,自請休學,1,1
114-1,花師教育學院,花師教育學院多元文化教育碩士班,花師教育學院多元文化教育碩士班,碩士,碩士班,女,一般生(非原住民族),傷病,自請休學,1,1
114-1,理工學院,理工學院大數據科學國際學士班,理工學院大數據科學國際學士班,學士,學士班,男,一般生(非原住民族),就讀學校科系不符期待,自請休學,2,2
114-1,管理學院,管理學院數位行銷與服務創新國際學士班,管理學院數位行銷與服務創新國際學士班,學士,學士班,女,一般生(非原住民族),傷病,自請休學,1,1
114-1,管理學院,管理學院數位行銷與服務創新國際學士班,管理學院數位行銷與服務創新國際學士班,學士,學士班,女,一般生(非原住民族),學業成績不佳,自請休學,1,1
114-1,管理學院,管理學院數位行銷與服務創新國際學士班,管理學院數位行銷與服務創新國際學士班,學士,學士班,女,一般生(非原住民族),出國,自請休學,2,2
114-1,原住民民族學院,民族發展與社會工作學系,民族發展與社會工作學系,碩士,碩士班,男,原住民族學生,經濟困難,自請休學,1,1
114-1,原住民民族學院,民族發展與社會工作學系,民族發展與社會工作學系,碩士,碩士班,男,原住民族學生,工作,自請休學,0,2
114-1,原住民民族學院,民族發展與社會工作學系,民族發展與社會工作學系,碩士,碩士班,男,原住民族學生,兵役,自請休學,1,1
114-1,原住民民族學院,民族發展與社會工作學系,民族發展與社會工作學系,碩士,碩士班,男,原住民族學生,出國,自請休學,1,1
114-1,原住民民族學院,民族發展與社會工作學系,民族發展與社會工作學系,碩士,碩士班,男,原住民族學生,論文撰寫,自請休學,0,2
114-1,原住民民族學院,民族發展與社會工作學系,民族發展與社會工作學系,碩士,碩士班,男,原住民族學生,家務或家人照顧,自請休學,0,2
114-1,原住民民族學院,民族發展與社會工作學系,民族發展與社會工作學系,碩士,碩士班,男,一般生(非原住民族),育嬰,自請休學,0,1
114-1,原住民民族學院,民族發展與社會工作學系,民族發展與社會工作學系,碩士,碩士班,男,一般生(非原住民族),就學環境,自請休學,1,1
114-1,原住民民族學院,民族發展與社會工作學系,民族發展與社會工作學系,碩士,碩士班,女,原住民族學生,工作,自請休學,0,3
114-1,原住民民族學院,民族發展與社會工作學系,民族發展與社會工作學系,碩士,碩士班,女,原住民族學生,育嬰,自請休學,0,1
114-1,原住民民族學院,民族發展與社會工作學系,民族發展與社會工作學系,碩士,碩士班,女,原住民族學生,論文撰寫,自請休學,0,1
114-1,原住民民族學院,民族發展與社會工作學系,民族發展與社會工作學系,碩士,碩士班,女,原住民族學生,家務或家人照顧,自請休學,0,2
114-1,原住民民族學院,民族發展與社會工作學系,民族發展與社會工作學系,碩士,碩士班,女,一般生(非原住民族),工作,自請休學,1,2
114-1,原住民民族學院,民族發展與社會工作學系,民族發展與社會工作學系,碩士,碩士班,女,一般生(非原住民族),出國,自請休學,1,1
114-1,原住民民族學院,民族發展與社會工作學系,民族發展與社會工作學系民族社會工作碩士在職專班,碩士,碩士在職專班,男,原住民族學生,育嬰,自請休學,1,1
114-1,原住民民族學院,民族發展與社會工作學系,民族發展與社會工作學系民族社會工作碩士在職專班,碩士,碩士在職專班,男,原住民族學生,論文撰寫,自請休學,1,2
114-1,原住民民族學院,民族發展與社會工作學系,民族發展與社會工作學系民族社會工作碩士在職專班,碩士,碩士在職專班,男,一般生(非原住民族),經濟困難,自請休學,1,1
114-1,原住民民族學院,民族發展與社會工作學系,民族發展與社會工作學系民族社會工作碩士在職專班,碩士,碩士在職專班,男,一般生(非原住民族),工作,自請休學,1,2
114-1,原住民民族學院,民族發展與社會工作學系,民族發展與社會工作學系民族社會工作碩士在職專班,碩士,碩士在職專班,男,一般生(非原住民族),論文撰寫,自請休學,0,1
114-1,原住民民族學院,民族發展與社會工作學系,民族發展與社會工作學系民族社會工作碩士在職專班,碩士,碩士在職專班,女,原住民族學生,工作,自請休學,5,10
114-1,原住民民族學院,民族發展與社會工作學系,民族發展與社會工作學系民族社會工作碩士在職專班,碩士,碩士在職專班,女,原住民族學生,懷孕,自請休學,0,1
114-1,原住民民族學院,民族發展與社會工作學系,民族發展與社會工作學系民族社會工作碩士在職專班,碩士,碩士在職專班,女,原住民族學生,育嬰,自請休學,1,3
114-1,原住民民族學院,民族發展與社會工作學系,民族發展與社會工作學系民族社會工作碩士在職專班,碩士,碩士在職專班,女,原住民族學生,論文撰寫,自請休學,3,5
114-1,原住民民族學院,民族發展與社會工作學系,民族發展與社會工作學系民族社會工作碩士在職專班,碩士,碩士在職專班,女,原住民族學生,家務或家人照顧,自請休學,0,2
114-1,原住民民族學院,民族發展與社會工作學系,民族發展與社會工作學系民族社會工作碩士在職專班,碩士,碩士在職專班,女,一般生(非原住民族),傷病,自請休學,0,1
114-1,原住民民族學院,民族發展與社會工作學系,民族發展與社會工作學系民族社會工作碩士在職專班,碩士,碩士在職專班,女,一般生(非原住民族),工作,自請休學,2,4
114-1,原住民民族學院,民族發展與社會工作學系,民族發展與社會工作學系民族社會工作碩士在職專班,碩士,碩士在職專班,女,一般生(非原住民族),懷孕,自請休學,1,1
114-1,原住民民族學院,民族發展與社會工作學系,民族發展與社會工作學系民族社會工作碩士在職專班,碩士,碩士在職專班,女,一般生(非原住民族),論文撰寫,自請休學,0,6
